/*
 Navicat Premium Data Transfer

 Source Server         : localhost
 Source Server Type    : MySQL
 Source Server Version : 50728
 Source Host           : localhost:3306
 Source Schema         : cc-admin

 Target Server Type    : MySQL
 Target Server Version : 50728
 File Encoding         : 65001

 Date: 20/12/2020 10:19:03
*/

SET NAMES utf8mb4;
SET FOREIGN_KEY_CHECKS = 0;

-- ----------------------------
-- Table structure for baby_study_log
-- ----------------------------
DROP TABLE IF EXISTS `baby_study_log`;
CREATE TABLE `baby_study_log`  (
  `id` varchar(50) CHARACTER SET utf8 COLLATE utf8_general_ci NOT NULL COMMENT '编号',
  `word_id` varchar(50) CHARACTER SET utf8 COLLATE utf8_general_ci NOT NULL COMMENT '字词编号',
  `is_know` varchar(1) CHARACTER SET utf8 COLLATE utf8_general_ci NULL DEFAULT NULL COMMENT '认识',
  `create_by` bigint(20) NULL DEFAULT NULL COMMENT '创建人',
  `create_time` datetime(0) NULL DEFAULT NULL COMMENT '创建日期',
  `update_by` bigint(20) NULL DEFAULT NULL COMMENT '修改人',
  `update_time` datetime(0) NULL DEFAULT NULL COMMENT '修改日期',
  `sys_org_code` varchar(64) CHARACTER SET utf8 COLLATE utf8_general_ci NULL DEFAULT NULL COMMENT '所属部门',
  PRIMARY KEY (`id`) USING BTREE
) ENGINE = InnoDB CHARACTER SET = utf8 COLLATE = utf8_general_ci COMMENT = '学习记录' ROW_FORMAT = Dynamic;

-- ----------------------------
-- Records of baby_study_log
-- ----------------------------
INSERT INTO `baby_study_log` VALUES ('1329772386510020610', '1329710127632982018', '1', NULL, '2020-11-20 21:03:38', NULL, NULL, 'A01');
INSERT INTO `baby_study_log` VALUES ('1329772446173995010', '1329710022116876290', '1', NULL, '2020-11-20 21:03:52', NULL, NULL, 'A01');
INSERT INTO `baby_study_log` VALUES ('1329772623127486465', '1329685589083000833', '1', NULL, '2020-11-20 21:04:34', NULL, NULL, 'A01');
INSERT INTO `baby_study_log` VALUES ('1329772646061940737', '1329685220760195073', '1', NULL, '2020-11-20 21:04:39', NULL, NULL, 'A01');
INSERT INTO `baby_study_log` VALUES ('1329772722553462786', '100249', '0', NULL, '2020-11-20 21:04:58', NULL, NULL, 'A01');
INSERT INTO `baby_study_log` VALUES ('1329772753012498433', '100248', '0', NULL, '2020-11-20 21:05:05', NULL, NULL, 'A01');
INSERT INTO `baby_study_log` VALUES ('1329772794729046018', '100247', '0', NULL, '2020-11-20 21:05:15', NULL, NULL, 'A01');
INSERT INTO `baby_study_log` VALUES ('1329773009158643714', '1329710127632982018', '1', NULL, '2020-11-20 21:06:06', NULL, NULL, 'A01');
INSERT INTO `baby_study_log` VALUES ('1329773046940934145', '1329710022116876290', '0', NULL, '2020-11-20 21:06:15', NULL, NULL, 'A01');
INSERT INTO `baby_study_log` VALUES ('1329773058362023937', '1329685589083000833', '0', NULL, '2020-11-20 21:06:18', NULL, NULL, 'A01');
INSERT INTO `baby_study_log` VALUES ('1329773073012727810', '1329685220760195073', '1', NULL, '2020-11-20 21:06:21', NULL, NULL, 'A01');
INSERT INTO `baby_study_log` VALUES ('1329773081103540225', '100249', '0', NULL, '2020-11-20 21:06:23', NULL, NULL, 'A01');
INSERT INTO `baby_study_log` VALUES ('1329773090599444481', '100248', '0', NULL, '2020-11-20 21:06:25', NULL, NULL, 'A01');
INSERT INTO `baby_study_log` VALUES ('1329773098417627138', '100247', '0', NULL, '2020-11-20 21:06:27', NULL, NULL, 'A01');
INSERT INTO `baby_study_log` VALUES ('1329773104474202114', '100246', '0', NULL, '2020-11-20 21:06:29', NULL, NULL, 'A01');
INSERT INTO `baby_study_log` VALUES ('1329773111180894209', '100245', '0', NULL, '2020-11-20 21:06:30', NULL, NULL, 'A01');
INSERT INTO `baby_study_log` VALUES ('1329773649373011970', '100244', '0', NULL, '2020-11-20 21:08:39', NULL, NULL, 'A01');
INSERT INTO `baby_study_log` VALUES ('1329773661326778369', '100243', '0', NULL, '2020-11-20 21:08:42', NULL, NULL, 'A01');
INSERT INTO `baby_study_log` VALUES ('1329773691588681729', '100242', '0', NULL, '2020-11-20 21:08:49', NULL, NULL, 'A01');
INSERT INTO `baby_study_log` VALUES ('1329773716200857602', '100241', '0', NULL, '2020-11-20 21:08:55', NULL, NULL, 'A01');
INSERT INTO `baby_study_log` VALUES ('1329773749847564290', '100240', '0', NULL, '2020-11-20 21:09:03', NULL, NULL, 'A01');
INSERT INTO `baby_study_log` VALUES ('1329773762094931970', '100239', '0', NULL, '2020-11-20 21:09:06', NULL, NULL, 'A01');
INSERT INTO `baby_study_log` VALUES ('1329773774363271169', '100238', '0', NULL, '2020-11-20 21:09:08', NULL, NULL, 'A01');
INSERT INTO `baby_study_log` VALUES ('1329773789659897857', '100237', '0', NULL, '2020-11-20 21:09:12', NULL, NULL, 'A01');
INSERT INTO `baby_study_log` VALUES ('1329773798266609666', '100236', '0', NULL, '2020-11-20 21:09:14', NULL, NULL, 'A01');
INSERT INTO `baby_study_log` VALUES ('1329773819502370817', '100235', '0', NULL, '2020-11-20 21:09:19', NULL, NULL, 'A01');
INSERT INTO `baby_study_log` VALUES ('1329773874418393090', '100234', '1', NULL, '2020-11-20 21:09:32', NULL, NULL, 'A01');
INSERT INTO `baby_study_log` VALUES ('1329773884291784705', '100233', '0', NULL, '2020-11-20 21:09:35', NULL, NULL, 'A01');
INSERT INTO `baby_study_log` VALUES ('1329773907003940865', '100232', '0', NULL, '2020-11-20 21:09:40', NULL, NULL, 'A01');
INSERT INTO `baby_study_log` VALUES ('1329773926486482946', '100231', '0', NULL, '2020-11-20 21:09:45', NULL, NULL, 'A01');
INSERT INTO `baby_study_log` VALUES ('1329773947571249154', '100230', '0', NULL, '2020-11-20 21:09:50', NULL, NULL, 'A01');
INSERT INTO `baby_study_log` VALUES ('1329773963312472065', '100229', '0', NULL, '2020-11-20 21:09:54', NULL, NULL, 'A01');
INSERT INTO `baby_study_log` VALUES ('1329773977183035393', '100228', '0', NULL, '2020-11-20 21:09:57', NULL, NULL, 'A01');
INSERT INTO `baby_study_log` VALUES ('1329774026403192833', '100227', '0', NULL, '2020-11-20 21:10:09', NULL, NULL, 'A01');
INSERT INTO `baby_study_log` VALUES ('1329774037769756674', '100226', '0', NULL, '2020-11-20 21:10:11', NULL, NULL, 'A01');
INSERT INTO `baby_study_log` VALUES ('1329774050977619970', '100225', '0', NULL, '2020-11-20 21:10:14', NULL, NULL, 'A01');
INSERT INTO `baby_study_log` VALUES ('1329774058690945026', '100224', '0', NULL, '2020-11-20 21:10:16', NULL, NULL, 'A01');
INSERT INTO `baby_study_log` VALUES ('1329774089913344002', '100223', '0', NULL, '2020-11-20 21:10:24', NULL, NULL, 'A01');
INSERT INTO `baby_study_log` VALUES ('1329774106992549889', '100222', '0', NULL, '2020-11-20 21:10:28', NULL, NULL, 'A01');
INSERT INTO `baby_study_log` VALUES ('1329774117499281409', '100221', '0', NULL, '2020-11-20 21:10:30', NULL, NULL, 'A01');
INSERT INTO `baby_study_log` VALUES ('1329774127804686337', '100220', '0', NULL, '2020-11-20 21:10:33', NULL, NULL, 'A01');
INSERT INTO `baby_study_log` VALUES ('1329774139980750850', '100219', '0', NULL, '2020-11-20 21:10:36', NULL, NULL, 'A01');
INSERT INTO `baby_study_log` VALUES ('1329774154966999042', '100218', '0', NULL, '2020-11-20 21:10:39', NULL, NULL, 'A01');
INSERT INTO `baby_study_log` VALUES ('1329774164186079234', '100217', '0', NULL, '2020-11-20 21:10:41', NULL, NULL, 'A01');
INSERT INTO `baby_study_log` VALUES ('1329774172968951809', '100216', '0', NULL, '2020-11-20 21:10:44', NULL, NULL, 'A01');
INSERT INTO `baby_study_log` VALUES ('1329774183773478913', '100215', '0', NULL, '2020-11-20 21:10:46', NULL, NULL, 'A01');
INSERT INTO `baby_study_log` VALUES ('1329774191843319809', '100214', '0', NULL, '2020-11-20 21:10:48', NULL, NULL, 'A01');
INSERT INTO `baby_study_log` VALUES ('1329774198591954946', '100213', '0', NULL, '2020-11-20 21:10:50', NULL, NULL, 'A01');
INSERT INTO `baby_study_log` VALUES ('1329774203755143169', '100212', '0', NULL, '2020-11-20 21:10:51', NULL, NULL, 'A01');
INSERT INTO `baby_study_log` VALUES ('1329774210461835265', '100211', '0', NULL, '2020-11-20 21:10:52', NULL, NULL, 'A01');
INSERT INTO `baby_study_log` VALUES ('1329774216497438722', '100210', '0', NULL, '2020-11-20 21:10:54', NULL, NULL, 'A01');
INSERT INTO `baby_study_log` VALUES ('1329774264467693570', '100209', '0', NULL, '2020-11-20 21:11:05', NULL, NULL, 'A01');
INSERT INTO `baby_study_log` VALUES ('1329774282830356481', '100208', '0', NULL, '2020-11-20 21:11:10', NULL, NULL, 'A01');
INSERT INTO `baby_study_log` VALUES ('1329774296461844482', '100207', '0', NULL, '2020-11-20 21:11:13', NULL, NULL, 'A01');
INSERT INTO `baby_study_log` VALUES ('1329774303734767618', '100206', '0', NULL, '2020-11-20 21:11:15', NULL, NULL, 'A01');
INSERT INTO `baby_study_log` VALUES ('1329774311167074306', '100205', '0', NULL, '2020-11-20 21:11:16', NULL, NULL, 'A01');
INSERT INTO `baby_study_log` VALUES ('1329774318767153154', '100204', '0', NULL, '2020-11-20 21:11:18', NULL, NULL, 'A01');
INSERT INTO `baby_study_log` VALUES ('1329774325096357889', '100203', '0', NULL, '2020-11-20 21:11:20', NULL, NULL, 'A01');
INSERT INTO `baby_study_log` VALUES ('1329774330788028417', '100202', '0', NULL, '2020-11-20 21:11:21', NULL, NULL, 'A01');
INSERT INTO `baby_study_log` VALUES ('1329774336261595138', '100201', '0', NULL, '2020-11-20 21:11:22', NULL, NULL, 'A01');
INSERT INTO `baby_study_log` VALUES ('1329774366812905474', '100200', '0', NULL, '2020-11-20 21:11:30', NULL, NULL, 'A01');
INSERT INTO `baby_study_log` VALUES ('1329774381178396674', '100199', '0', NULL, '2020-11-20 21:11:33', NULL, NULL, 'A01');
INSERT INTO `baby_study_log` VALUES ('1329774398635089921', '100198', '0', NULL, '2020-11-20 21:11:37', NULL, NULL, 'A01');
INSERT INTO `baby_study_log` VALUES ('1329774411901673474', '100197', '0', NULL, '2020-11-20 21:11:40', NULL, NULL, 'A01');
INSERT INTO `baby_study_log` VALUES ('1329774425507995649', '100196', '1', NULL, '2020-11-20 21:11:44', NULL, NULL, 'A01');
INSERT INTO `baby_study_log` VALUES ('1329774448190791682', '100195', '1', NULL, '2020-11-20 21:11:49', NULL, NULL, 'A01');
INSERT INTO `baby_study_log` VALUES ('1329774462338179073', '100194', '1', NULL, '2020-11-20 21:11:52', NULL, NULL, 'A01');
INSERT INTO `baby_study_log` VALUES ('1329774471372709889', '100193', '1', NULL, '2020-11-20 21:11:55', NULL, NULL, 'A01');
INSERT INTO `baby_study_log` VALUES ('1329774482143682561', '100192', '1', NULL, '2020-11-20 21:11:57', NULL, NULL, 'A01');
INSERT INTO `baby_study_log` VALUES ('1329774490251272193', '100191', '1', NULL, '2020-11-20 21:11:59', NULL, NULL, 'A01');
INSERT INTO `baby_study_log` VALUES ('1329774512187482114', '100190', '1', NULL, '2020-11-20 21:12:04', NULL, NULL, 'A01');
INSERT INTO `baby_study_log` VALUES ('1329774520928411649', '100189', '1', NULL, '2020-11-20 21:12:06', NULL, NULL, 'A01');
INSERT INTO `baby_study_log` VALUES ('1329774546777907201', '100188', '1', NULL, '2020-11-20 21:12:13', NULL, NULL, 'A01');
INSERT INTO `baby_study_log` VALUES ('1329774558320631810', '100187', '1', NULL, '2020-11-20 21:12:15', NULL, NULL, 'A01');
INSERT INTO `baby_study_log` VALUES ('1329774565664858113', '100186', '1', NULL, '2020-11-20 21:12:17', NULL, NULL, 'A01');
INSERT INTO `baby_study_log` VALUES ('1329774593494065154', '100185', '1', NULL, '2020-11-20 21:12:24', NULL, NULL, 'A01');
INSERT INTO `baby_study_log` VALUES ('1329774665006948353', '100183', '1', NULL, '2020-11-20 21:12:41', NULL, NULL, 'A01');
INSERT INTO `baby_study_log` VALUES ('1329774673244561410', '100182', '1', NULL, '2020-11-20 21:12:43', NULL, NULL, 'A01');
INSERT INTO `baby_study_log` VALUES ('1329774705704280066', '100181', '0', NULL, '2020-11-20 21:12:51', NULL, NULL, 'A01');
INSERT INTO `baby_study_log` VALUES ('1329774717909704706', '100180', '1', NULL, '2020-11-20 21:12:53', NULL, NULL, 'A01');
INSERT INTO `baby_study_log` VALUES ('1329774735869714433', '100179', '1', NULL, '2020-11-20 21:12:58', NULL, NULL, 'A01');
INSERT INTO `baby_study_log` VALUES ('1329774746015735810', '100178', '1', NULL, '2020-11-20 21:13:00', NULL, NULL, 'A01');
INSERT INTO `baby_study_log` VALUES ('1329774755528417281', '100177', '1', NULL, '2020-11-20 21:13:02', NULL, NULL, 'A01');
INSERT INTO `baby_study_log` VALUES ('1329774765359865857', '100176', '1', NULL, '2020-11-20 21:13:05', NULL, NULL, 'A01');
INSERT INTO `baby_study_log` VALUES ('1329774783009497090', '100175', '1', NULL, '2020-11-20 21:13:09', NULL, NULL, 'A01');
INSERT INTO `baby_study_log` VALUES ('1329774795458191361', '100174', '1', NULL, '2020-11-20 21:13:12', NULL, NULL, 'A01');
INSERT INTO `baby_study_log` VALUES ('1329774802924052481', '100173', '1', NULL, '2020-11-20 21:13:14', NULL, NULL, 'A01');
INSERT INTO `baby_study_log` VALUES ('1329774809689464833', '100172', '1', NULL, '2020-11-20 21:13:15', NULL, NULL, 'A01');
INSERT INTO `baby_study_log` VALUES ('1329774823455170561', '100171', '1', NULL, '2020-11-20 21:13:19', NULL, NULL, 'A01');
INSERT INTO `baby_study_log` VALUES ('1329774832917520386', '100170', '1', NULL, '2020-11-20 21:13:21', NULL, NULL, 'A01');
INSERT INTO `baby_study_log` VALUES ('1329774840165277698', '100169', '1', NULL, '2020-11-20 21:13:23', NULL, NULL, 'A01');
INSERT INTO `baby_study_log` VALUES ('1329774848075735041', '100168', '1', NULL, '2020-11-20 21:13:24', NULL, NULL, 'A01');
INSERT INTO `baby_study_log` VALUES ('1329774855461904386', '100167', '1', NULL, '2020-11-20 21:13:26', NULL, NULL, 'A01');
INSERT INTO `baby_study_log` VALUES ('1329774869944836097', '100166', '1', NULL, '2020-11-20 21:13:30', NULL, NULL, 'A01');
INSERT INTO `baby_study_log` VALUES ('1329774884444545026', '100165', '0', NULL, '2020-11-20 21:13:33', NULL, NULL, 'A01');
INSERT INTO `baby_study_log` VALUES ('1329774899917332482', '100164', '1', NULL, '2020-11-20 21:13:37', NULL, NULL, 'A01');
INSERT INTO `baby_study_log` VALUES ('1329774915377537026', '100163', '1', NULL, '2020-11-20 21:13:41', NULL, NULL, 'A01');
INSERT INTO `baby_study_log` VALUES ('1329774924470788098', '100162', '1', NULL, '2020-11-20 21:13:43', NULL, NULL, 'A01');
INSERT INTO `baby_study_log` VALUES ('1329774932339302401', '100161', '1', NULL, '2020-11-20 21:13:45', NULL, NULL, 'A01');
INSERT INTO `baby_study_log` VALUES ('1329774940547555329', '100160', '1', NULL, '2020-11-20 21:13:47', NULL, NULL, 'A01');
INSERT INTO `baby_study_log` VALUES ('1329774949288484865', '100159', '1', NULL, '2020-11-20 21:13:49', NULL, NULL, 'A01');
INSERT INTO `baby_study_log` VALUES ('1329774963570089985', '100158', '1', NULL, '2020-11-20 21:13:52', NULL, NULL, 'A01');
INSERT INTO `baby_study_log` VALUES ('1329774976165584897', '100157', '1', NULL, '2020-11-20 21:13:55', NULL, NULL, 'A01');
INSERT INTO `baby_study_log` VALUES ('1329774990631739394', '100156', '1', NULL, '2020-11-20 21:13:58', NULL, NULL, 'A01');
INSERT INTO `baby_study_log` VALUES ('1329775004879790081', '100155', '1', NULL, '2020-11-20 21:14:02', NULL, NULL, 'A01');
INSERT INTO `baby_study_log` VALUES ('1329775012760887297', '100154', '1', NULL, '2020-11-20 21:14:04', NULL, NULL, 'A01');
INSERT INTO `baby_study_log` VALUES ('1329775031102578690', '100153', '1', NULL, '2020-11-20 21:14:08', NULL, NULL, 'A01');
INSERT INTO `baby_study_log` VALUES ('1329775042980847617', '100152', '1', NULL, '2020-11-20 21:14:11', NULL, NULL, 'A01');
INSERT INTO `baby_study_log` VALUES ('1329775051344289794', '100151', '1', NULL, '2020-11-20 21:14:13', NULL, NULL, 'A01');
INSERT INTO `baby_study_log` VALUES ('1329775061771329538', '100150', '1', NULL, '2020-11-20 21:14:15', NULL, NULL, 'A01');
INSERT INTO `baby_study_log` VALUES ('1329775071980265474', '100149', '1', NULL, '2020-11-20 21:14:18', NULL, NULL, 'A01');
INSERT INTO `baby_study_log` VALUES ('1329775080729583618', '100148', '1', NULL, '2020-11-20 21:14:20', NULL, NULL, 'A01');
INSERT INTO `baby_study_log` VALUES ('1329775087922814978', '100147', '1', NULL, '2020-11-20 21:14:22', NULL, NULL, 'A01');
INSERT INTO `baby_study_log` VALUES ('1329775120822935554', '100146', '1', NULL, '2020-11-20 21:14:29', NULL, NULL, 'A01');
INSERT INTO `baby_study_log` VALUES ('1329775134349565954', '100145', '1', NULL, '2020-11-20 21:14:33', NULL, NULL, 'A01');
INSERT INTO `baby_study_log` VALUES ('1329775144025825281', '100144', '1', NULL, '2020-11-20 21:14:35', NULL, NULL, 'A01');
INSERT INTO `baby_study_log` VALUES ('1329775155010707458', '100143', '1', NULL, '2020-11-20 21:14:38', NULL, NULL, 'A01');
INSERT INTO `baby_study_log` VALUES ('1329775282190393346', '100142', '1', NULL, '2020-11-20 21:15:08', NULL, NULL, 'A01');
INSERT INTO `baby_study_log` VALUES ('1329775294861385730', '100141', '1', NULL, '2020-11-20 21:15:11', NULL, NULL, 'A01');
INSERT INTO `baby_study_log` VALUES ('1329775318290767873', '100140', '1', NULL, '2020-11-20 21:15:17', NULL, NULL, 'A01');
INSERT INTO `baby_study_log` VALUES ('1329775331641237506', '100139', '1', NULL, '2020-11-20 21:15:20', NULL, NULL, 'A01');
INSERT INTO `baby_study_log` VALUES ('1329775339547500545', '100138', '1', NULL, '2020-11-20 21:15:22', NULL, NULL, 'A01');
INSERT INTO `baby_study_log` VALUES ('1329775348816912386', '100137', '1', NULL, '2020-11-20 21:15:24', NULL, NULL, 'A01');
INSERT INTO `baby_study_log` VALUES ('1329775356396019714', '100136', '1', NULL, '2020-11-20 21:15:26', NULL, NULL, 'A01');
INSERT INTO `baby_study_log` VALUES ('1329775363949961218', '100135', '1', NULL, '2020-11-20 21:15:27', NULL, NULL, 'A01');
INSERT INTO `baby_study_log` VALUES ('1329775373714300929', '100134', '1', NULL, '2020-11-20 21:15:30', NULL, NULL, 'A01');
INSERT INTO `baby_study_log` VALUES ('1329775381255659522', '100133', '1', NULL, '2020-11-20 21:15:32', NULL, NULL, 'A01');
INSERT INTO `baby_study_log` VALUES ('1329775391535898626', '100132', '1', NULL, '2020-11-20 21:15:34', NULL, NULL, 'A01');
INSERT INTO `baby_study_log` VALUES ('1329775407218401282', '100131', '1', NULL, '2020-11-20 21:15:38', NULL, NULL, 'A01');
INSERT INTO `baby_study_log` VALUES ('1329775420493373441', '100130', '1', NULL, '2020-11-20 21:15:41', NULL, NULL, 'A01');
INSERT INTO `baby_study_log` VALUES ('1329775429569847298', '100129', '1', NULL, '2020-11-20 21:15:43', NULL, NULL, 'A01');
INSERT INTO `baby_study_log` VALUES ('1329775437480304642', '100128', '1', NULL, '2020-11-20 21:15:45', NULL, NULL, 'A01');
INSERT INTO `baby_study_log` VALUES ('1329775465116573698', '100127', '1', NULL, '2020-11-20 21:15:52', NULL, NULL, 'A01');
INSERT INTO `baby_study_log` VALUES ('1329775477066145794', '100126', '1', NULL, '2020-11-20 21:15:54', NULL, NULL, 'A01');
INSERT INTO `baby_study_log` VALUES ('1329775485714800641', '100125', '1', NULL, '2020-11-20 21:15:56', NULL, NULL, 'A01');
INSERT INTO `baby_study_log` VALUES ('1329775493860139009', '100124', '1', NULL, '2020-11-20 21:15:58', NULL, NULL, 'A01');
INSERT INTO `baby_study_log` VALUES ('1329775502039031809', '100123', '1', NULL, '2020-11-20 21:16:00', NULL, NULL, 'A01');
INSERT INTO `baby_study_log` VALUES ('1329775538768551937', '100122', '1', NULL, '2020-11-20 21:16:09', NULL, NULL, 'A01');
INSERT INTO `baby_study_log` VALUES ('1329775551099805697', '100121', '1', NULL, '2020-11-20 21:16:12', NULL, NULL, 'A01');
INSERT INTO `baby_study_log` VALUES ('1329775562508312578', '100120', '1', NULL, '2020-11-20 21:16:15', NULL, NULL, 'A01');
INSERT INTO `baby_study_log` VALUES ('1329775570527821825', '100119', '1', NULL, '2020-11-20 21:16:17', NULL, NULL, 'A01');
INSERT INTO `baby_study_log` VALUES ('1329775581869219842', '100118', '1', NULL, '2020-11-20 21:16:19', NULL, NULL, 'A01');
INSERT INTO `baby_study_log` VALUES ('1329775623157948417', '100117', '1', NULL, '2020-11-20 21:16:29', NULL, NULL, 'A01');
INSERT INTO `baby_study_log` VALUES ('1329775690958872577', '100116', '1', NULL, '2020-11-20 21:16:45', NULL, NULL, 'A01');
INSERT INTO `baby_study_log` VALUES ('1329775714648301570', '100115', '1', NULL, '2020-11-20 21:16:51', NULL, NULL, 'A01');
INSERT INTO `baby_study_log` VALUES ('1329775754259308546', '100114', '1', NULL, '2020-11-20 21:17:01', NULL, NULL, 'A01');
INSERT INTO `baby_study_log` VALUES ('1329775764707319810', '100113', '1', NULL, '2020-11-20 21:17:03', NULL, NULL, 'A01');
INSERT INTO `baby_study_log` VALUES ('1329775774844952578', '100112', '1', NULL, '2020-11-20 21:17:05', NULL, NULL, 'A01');
INSERT INTO `baby_study_log` VALUES ('1329775781048328193', '100111', '1', NULL, '2020-11-20 21:17:07', NULL, NULL, 'A01');
INSERT INTO `baby_study_log` VALUES ('1329775790909136897', '100110', '1', NULL, '2020-11-20 21:17:09', NULL, NULL, 'A01');
INSERT INTO `baby_study_log` VALUES ('1329775798525992962', '100109', '1', NULL, '2020-11-20 21:17:11', NULL, NULL, 'A01');
INSERT INTO `baby_study_log` VALUES ('1329775812182646785', '100108', '1', NULL, '2020-11-20 21:17:14', NULL, NULL, 'A01');
INSERT INTO `baby_study_log` VALUES ('1329775821208788993', '100107', '1', NULL, '2020-11-20 21:17:16', NULL, NULL, 'A01');
INSERT INTO `baby_study_log` VALUES ('1329775828221665282', '100106', '1', NULL, '2020-11-20 21:17:18', NULL, NULL, 'A01');
INSERT INTO `baby_study_log` VALUES ('1329775835490394114', '100105', '1', NULL, '2020-11-20 21:17:20', NULL, NULL, 'A01');
INSERT INTO `baby_study_log` VALUES ('1329775849423872002', '100104', '1', NULL, '2020-11-20 21:17:23', NULL, NULL, 'A01');
INSERT INTO `baby_study_log` VALUES ('1329775850677968898', '100103', '1', NULL, '2020-11-20 21:17:24', NULL, NULL, 'A01');
INSERT INTO `baby_study_log` VALUES ('1329775851139342338', '100103', '1', NULL, '2020-11-20 21:17:24', NULL, NULL, 'A01');
INSERT INTO `baby_study_log` VALUES ('1329775867081891842', '100103', '1', NULL, '2020-11-20 21:17:27', NULL, NULL, 'A01');
INSERT INTO `baby_study_log` VALUES ('1329775875302727682', '100102', '1', NULL, '2020-11-20 21:17:29', NULL, NULL, 'A01');
INSERT INTO `baby_study_log` VALUES ('1329775885230645249', '100101', '1', NULL, '2020-11-20 21:17:32', NULL, NULL, 'A01');
INSERT INTO `baby_study_log` VALUES ('1329775893082382338', '100100', '1', NULL, '2020-11-20 21:17:34', NULL, NULL, 'A01');
INSERT INTO `baby_study_log` VALUES ('1329775900724404225', '100099', '1', NULL, '2020-11-20 21:17:35', NULL, NULL, 'A01');
INSERT INTO `baby_study_log` VALUES ('1329775908328677378', '100098', '1', NULL, '2020-11-20 21:17:37', NULL, NULL, 'A01');
INSERT INTO `baby_study_log` VALUES ('1329775918340481026', '100097', '1', NULL, '2020-11-20 21:17:40', NULL, NULL, 'A01');
INSERT INTO `baby_study_log` VALUES ('1329775927773470722', '100096', '1', NULL, '2020-11-20 21:17:42', NULL, NULL, 'A01');
INSERT INTO `baby_study_log` VALUES ('1329775940020838401', '100095', '1', NULL, '2020-11-20 21:17:45', NULL, NULL, 'A01');
INSERT INTO `baby_study_log` VALUES ('1329775950556930050', '100094', '1', NULL, '2020-11-20 21:17:47', NULL, NULL, 'A01');
INSERT INTO `baby_study_log` VALUES ('1329775964502990849', '100093', '1', NULL, '2020-11-20 21:17:51', NULL, NULL, 'A01');
INSERT INTO `baby_study_log` VALUES ('1329775978243530753', '100092', '1', NULL, '2020-11-20 21:17:54', NULL, NULL, 'A01');
INSERT INTO `baby_study_log` VALUES ('1329775985327710209', '100091', '1', NULL, '2020-11-20 21:17:56', NULL, NULL, 'A01');
INSERT INTO `baby_study_log` VALUES ('1329776004931887106', '100090', '1', NULL, '2020-11-20 21:18:00', NULL, NULL, 'A01');
INSERT INTO `baby_study_log` VALUES ('1329776013819617281', '100089', '1', NULL, '2020-11-20 21:18:02', NULL, NULL, 'A01');
INSERT INTO `baby_study_log` VALUES ('1329776027656626177', '100088', '1', NULL, '2020-11-20 21:18:06', NULL, NULL, 'A01');
INSERT INTO `baby_study_log` VALUES ('1329776037202862081', '100087', '1', NULL, '2020-11-20 21:18:08', NULL, NULL, 'A01');
INSERT INTO `baby_study_log` VALUES ('1329776056656044034', '100086', '1', NULL, '2020-11-20 21:18:13', NULL, NULL, 'A01');
INSERT INTO `baby_study_log` VALUES ('1329776068018413570', '100085', '1', NULL, '2020-11-20 21:18:15', NULL, NULL, 'A01');
INSERT INTO `baby_study_log` VALUES ('1329776084644634626', '100084', '1', NULL, '2020-11-20 21:18:19', NULL, NULL, 'A01');
INSERT INTO `baby_study_log` VALUES ('1329776091758174210', '100083', '1', NULL, '2020-11-20 21:18:21', NULL, NULL, 'A01');
INSERT INTO `baby_study_log` VALUES ('1329776103514808321', '100082', '1', NULL, '2020-11-20 21:18:24', NULL, NULL, 'A01');
INSERT INTO `baby_study_log` VALUES ('1329776115602792450', '100081', '1', NULL, '2020-11-20 21:18:27', NULL, NULL, 'A01');
INSERT INTO `baby_study_log` VALUES ('1329776187732238337', '100080', '0', NULL, '2020-11-20 21:18:44', NULL, NULL, 'A01');
INSERT INTO `baby_study_log` VALUES ('1329776215024574466', '100079', '1', NULL, '2020-11-20 21:18:50', NULL, NULL, 'A01');
INSERT INTO `baby_study_log` VALUES ('1329776224545644546', '100078', '1', NULL, '2020-11-20 21:18:53', NULL, NULL, 'A01');
INSERT INTO `baby_study_log` VALUES ('1329776234859438082', '100077', '1', NULL, '2020-11-20 21:18:55', NULL, NULL, 'A01');
INSERT INTO `baby_study_log` VALUES ('1329776247681425410', '100076', '1', NULL, '2020-11-20 21:18:58', NULL, NULL, 'A01');
INSERT INTO `baby_study_log` VALUES ('1329776259656163330', '100075', '1', NULL, '2020-11-20 21:19:01', NULL, NULL, 'A01');
INSERT INTO `baby_study_log` VALUES ('1329776276240441346', '100074', '1', NULL, '2020-11-20 21:19:05', NULL, NULL, 'A01');
INSERT INTO `baby_study_log` VALUES ('1329776285404995585', '100073', '1', NULL, '2020-11-20 21:19:07', NULL, NULL, 'A01');
INSERT INTO `baby_study_log` VALUES ('1329776292510146561', '100072', '1', NULL, '2020-11-20 21:19:09', NULL, NULL, 'A01');
INSERT INTO `baby_study_log` VALUES ('1329776300391243777', '100071', '1', NULL, '2020-11-20 21:19:11', NULL, NULL, 'A01');
INSERT INTO `baby_study_log` VALUES ('1329776310361104385', '100070', '1', NULL, '2020-11-20 21:19:13', NULL, NULL, 'A01');
INSERT INTO `baby_study_log` VALUES ('1329776320951721986', '100069', '1', NULL, '2020-11-20 21:19:16', NULL, NULL, 'A01');
INSERT INTO `baby_study_log` VALUES ('1329776330686701570', '100068', '1', NULL, '2020-11-20 21:19:18', NULL, NULL, 'A01');
INSERT INTO `baby_study_log` VALUES ('1329776346683777025', '100068', '0', NULL, '2020-11-20 21:19:22', NULL, NULL, 'A01');
INSERT INTO `baby_study_log` VALUES ('1329776397439049729', '100067', '0', NULL, '2020-11-20 21:19:34', NULL, NULL, 'A01');
INSERT INTO `baby_study_log` VALUES ('1329776402019229698', '100066', '0', NULL, '2020-11-20 21:19:35', NULL, NULL, 'A01');
INSERT INTO `baby_study_log` VALUES ('1329776410282008578', '100066', '1', NULL, '2020-11-20 21:19:37', NULL, NULL, 'A01');
INSERT INTO `baby_study_log` VALUES ('1329776414828634113', '100065', '1', NULL, '2020-11-20 21:19:38', NULL, NULL, 'A01');
INSERT INTO `baby_study_log` VALUES ('1329776424374870018', '100064', '1', NULL, '2020-11-20 21:19:40', NULL, NULL, 'A01');
INSERT INTO `baby_study_log` VALUES ('1329776434613166081', '100063', '1', NULL, '2020-11-20 21:19:43', NULL, NULL, 'A01');
INSERT INTO `baby_study_log` VALUES ('1329776444876627969', '100062', '1', NULL, '2020-11-20 21:19:45', NULL, NULL, 'A01');
INSERT INTO `baby_study_log` VALUES ('1329776466728951810', '100061', '1', NULL, '2020-11-20 21:19:50', NULL, NULL, 'A01');
INSERT INTO `baby_study_log` VALUES ('1329776522328645633', '100060', '1', NULL, '2020-11-20 21:20:04', NULL, NULL, 'A01');
INSERT INTO `baby_study_log` VALUES ('1329776535737835521', '100059', '1', NULL, '2020-11-20 21:20:07', NULL, NULL, 'A01');
INSERT INTO `baby_study_log` VALUES ('1329776545263099906', '100058', '1', NULL, '2020-11-20 21:20:09', NULL, NULL, 'A01');
INSERT INTO `baby_study_log` VALUES ('1329776556503834625', '100057', '1', NULL, '2020-11-20 21:20:12', NULL, NULL, 'A01');
INSERT INTO `baby_study_log` VALUES ('1329776563969695746', '100056', '1', NULL, '2020-11-20 21:20:14', NULL, NULL, 'A01');
INSERT INTO `baby_study_log` VALUES ('1329776571376836609', '100055', '1', NULL, '2020-11-20 21:20:15', NULL, NULL, 'A01');
INSERT INTO `baby_study_log` VALUES ('1329776580944044033', '100054', '1', NULL, '2020-11-20 21:20:18', NULL, NULL, 'A01');
INSERT INTO `baby_study_log` VALUES ('1329776590515445761', '100053', '1', NULL, '2020-11-20 21:20:20', NULL, NULL, 'A01');
INSERT INTO `baby_study_log` VALUES ('1329776598010667010', '100052', '1', NULL, '2020-11-20 21:20:22', NULL, NULL, 'A01');
INSERT INTO `baby_study_log` VALUES ('1329776610346115073', '100051', '1', NULL, '2020-11-20 21:20:25', NULL, NULL, 'A01');
INSERT INTO `baby_study_log` VALUES ('1329776619456143362', '100050', '1', NULL, '2020-11-20 21:20:27', NULL, NULL, 'A01');
INSERT INTO `baby_study_log` VALUES ('1329776627807002626', '100049', '1', NULL, '2020-11-20 21:20:29', NULL, NULL, 'A01');
INSERT INTO `baby_study_log` VALUES ('1329776638561198081', '100048', '1', NULL, '2020-11-20 21:20:31', NULL, NULL, 'A01');
INSERT INTO `baby_study_log` VALUES ('1329776645892841474', '100047', '1', NULL, '2020-11-20 21:20:33', NULL, NULL, 'A01');
INSERT INTO `baby_study_log` VALUES ('1329776656311492609', '100046', '1', NULL, '2020-11-20 21:20:36', NULL, NULL, 'A01');
INSERT INTO `baby_study_log` VALUES ('1329776663706050562', '100045', '1', NULL, '2020-11-20 21:20:37', NULL, NULL, 'A01');
INSERT INTO `baby_study_log` VALUES ('1329776672954490881', '100044', '1', NULL, '2020-11-20 21:20:40', NULL, NULL, 'A01');
INSERT INTO `baby_study_log` VALUES ('1329776681418596354', '100043', '1', NULL, '2020-11-20 21:20:42', NULL, NULL, 'A01');
INSERT INTO `baby_study_log` VALUES ('1329776691296182274', '100042', '1', NULL, '2020-11-20 21:20:44', NULL, NULL, 'A01');
INSERT INTO `baby_study_log` VALUES ('1329776709835005953', '100041', '1', NULL, '2020-11-20 21:20:48', NULL, NULL, 'A01');
INSERT INTO `baby_study_log` VALUES ('1329776720215908354', '100040', '1', NULL, '2020-11-20 21:20:51', NULL, NULL, 'A01');
INSERT INTO `baby_study_log` VALUES ('1329776729736978434', '100039', '1', NULL, '2020-11-20 21:20:53', NULL, NULL, 'A01');
INSERT INTO `baby_study_log` VALUES ('1329776737106370561', '100038', '1', NULL, '2020-11-20 21:20:55', NULL, NULL, 'A01');
INSERT INTO `baby_study_log` VALUES ('1329776766361640961', '100037', '1', NULL, '2020-11-20 21:21:02', NULL, NULL, 'A01');
INSERT INTO `baby_study_log` VALUES ('1329776795235229698', '100036', '1', NULL, '2020-11-20 21:21:09', NULL, NULL, 'A01');
INSERT INTO `baby_study_log` VALUES ('1329776806505324545', '100035', '1', NULL, '2020-11-20 21:21:11', NULL, NULL, 'A01');
INSERT INTO `baby_study_log` VALUES ('1329776815325945857', '100034', '1', NULL, '2020-11-20 21:21:13', NULL, NULL, 'A01');
INSERT INTO `baby_study_log` VALUES ('1329776824775712770', '100033', '1', NULL, '2020-11-20 21:21:16', NULL, NULL, 'A01');
INSERT INTO `baby_study_log` VALUES ('1329776856274935810', '100032', '1', NULL, '2020-11-20 21:21:23', NULL, NULL, 'A01');
INSERT INTO `baby_study_log` VALUES ('1329776880559955969', '100031', '1', NULL, '2020-11-20 21:21:29', NULL, NULL, 'A01');
INSERT INTO `baby_study_log` VALUES ('1329776890236215297', '100030', '1', NULL, '2020-11-20 21:21:31', NULL, NULL, 'A01');
INSERT INTO `baby_study_log` VALUES ('1329776901745385474', '100029', '1', NULL, '2020-11-20 21:21:34', NULL, NULL, 'A01');
INSERT INTO `baby_study_log` VALUES ('1329776915167158274', '100028', '1', NULL, '2020-11-20 21:21:37', NULL, NULL, 'A01');
INSERT INTO `baby_study_log` VALUES ('1329776927624241153', '100027', '1', NULL, '2020-11-20 21:21:40', NULL, NULL, 'A01');
INSERT INTO `baby_study_log` VALUES ('1329776951674380290', '100026', '1', NULL, '2020-11-20 21:21:46', NULL, NULL, 'A01');
INSERT INTO `baby_study_log` VALUES ('1329776964076937218', '100025', '1', NULL, '2020-11-20 21:21:49', NULL, NULL, 'A01');
INSERT INTO `baby_study_log` VALUES ('1329776974852104194', '100024', '1', NULL, '2020-11-20 21:21:52', NULL, NULL, 'A01');
INSERT INTO `baby_study_log` VALUES ('1329776998919020545', '100023', '1', NULL, '2020-11-20 21:21:57', NULL, NULL, 'A01');
INSERT INTO `baby_study_log` VALUES ('1329777023250178049', '100022', '1', NULL, '2020-11-20 21:22:03', NULL, NULL, 'A01');
INSERT INTO `baby_study_log` VALUES ('1329777048059486209', '100021', '1', NULL, '2020-11-20 21:22:09', NULL, NULL, 'A01');
INSERT INTO `baby_study_log` VALUES ('1329777056511008769', '100020', '1', NULL, '2020-11-20 21:22:11', NULL, NULL, 'A01');
INSERT INTO `baby_study_log` VALUES ('1329777065977552897', '100019', '1', NULL, '2020-11-20 21:22:13', NULL, NULL, 'A01');
INSERT INTO `baby_study_log` VALUES ('1329777145384116226', '100018', '1', NULL, '2020-11-20 21:22:32', NULL, NULL, 'A01');
INSERT INTO `baby_study_log` VALUES ('1329777159141433346', '100017', '1', NULL, '2020-11-20 21:22:35', NULL, NULL, 'A01');
INSERT INTO `baby_study_log` VALUES ('1329777166640848897', '100016', '1', NULL, '2020-11-20 21:22:37', NULL, NULL, 'A01');
INSERT INTO `baby_study_log` VALUES ('1329777173343346689', '100015', '1', NULL, '2020-11-20 21:22:39', NULL, NULL, 'A01');
INSERT INTO `baby_study_log` VALUES ('1329777182579204098', '100014', '1', NULL, '2020-11-20 21:22:41', NULL, NULL, 'A01');
INSERT INTO `baby_study_log` VALUES ('1329777197057941505', '100013', '1', NULL, '2020-11-20 21:22:45', NULL, NULL, 'A01');
INSERT INTO `baby_study_log` VALUES ('1329777207703085057', '100012', '1', NULL, '2020-11-20 21:22:47', NULL, NULL, 'A01');
INSERT INTO `baby_study_log` VALUES ('1329777226132856834', '100011', '1', NULL, '2020-11-20 21:22:51', NULL, NULL, 'A01');
INSERT INTO `baby_study_log` VALUES ('1329777238384418818', '100010', '1', NULL, '2020-11-20 21:22:54', NULL, NULL, 'A01');
INSERT INTO `baby_study_log` VALUES ('1329777246793998337', '100009', '1', NULL, '2020-11-20 21:22:56', NULL, NULL, 'A01');
INSERT INTO `baby_study_log` VALUES ('1329777261746692098', '100008', '1', NULL, '2020-11-20 21:23:00', NULL, NULL, 'A01');
INSERT INTO `baby_study_log` VALUES ('1329777282474942465', '100007', '1', NULL, '2020-11-20 21:23:05', NULL, NULL, 'A01');
INSERT INTO `baby_study_log` VALUES ('1329777296370671617', '100006', '1', NULL, '2020-11-20 21:23:08', NULL, NULL, 'A01');
INSERT INTO `baby_study_log` VALUES ('1329777305862381569', '100005', '1', NULL, '2020-11-20 21:23:10', NULL, NULL, 'A01');
INSERT INTO `baby_study_log` VALUES ('1329777313986748418', '100004', '1', NULL, '2020-11-20 21:23:12', NULL, NULL, 'A01');
INSERT INTO `baby_study_log` VALUES ('1329777321670713346', '100003', '1', NULL, '2020-11-20 21:23:14', NULL, NULL, 'A01');
INSERT INTO `baby_study_log` VALUES ('1329777329568587777', '100002', '1', NULL, '2020-11-20 21:23:16', NULL, NULL, 'A01');
INSERT INTO `baby_study_log` VALUES ('1329777343216852993', '100001', '1', NULL, '2020-11-20 21:23:19', NULL, NULL, 'A01');
INSERT INTO `baby_study_log` VALUES ('1329777358266015746', '100000', '1', NULL, '2020-11-20 21:23:23', NULL, NULL, 'A01');
INSERT INTO `baby_study_log` VALUES ('1329962234734813185', '1329710127632982018', '1', NULL, '2020-11-21 09:38:01', NULL, NULL, 'A01');
INSERT INTO `baby_study_log` VALUES ('1329962282247888897', '1329710022116876290', '1', NULL, '2020-11-21 09:38:12', NULL, NULL, 'A01');
INSERT INTO `baby_study_log` VALUES ('1329962312912445441', '1329685589083000833', '1', NULL, '2020-11-21 09:38:20', NULL, NULL, 'A01');
INSERT INTO `baby_study_log` VALUES ('1329962347280572417', '1329685220760195073', '1', NULL, '2020-11-21 09:38:28', NULL, NULL, 'A01');
INSERT INTO `baby_study_log` VALUES ('1329962377664110593', '100249', '0', NULL, '2020-11-21 09:38:35', NULL, NULL, 'A01');
INSERT INTO `baby_study_log` VALUES ('1329962457611739138', '100248', '0', NULL, '2020-11-21 09:38:54', NULL, NULL, 'A01');
INSERT INTO `baby_study_log` VALUES ('1329962494148321281', '100247', '0', NULL, '2020-11-21 09:39:03', NULL, NULL, 'A01');
INSERT INTO `baby_study_log` VALUES ('1329962537576144897', '100246', '0', NULL, '2020-11-21 09:39:13', NULL, NULL, 'A01');
INSERT INTO `baby_study_log` VALUES ('1329962585655451650', '100245', '0', NULL, '2020-11-21 09:39:25', NULL, NULL, 'A01');
INSERT INTO `baby_study_log` VALUES ('1329962671437357057', '100244', '0', NULL, '2020-11-21 09:39:45', NULL, NULL, 'A01');
INSERT INTO `baby_study_log` VALUES ('1329962709571969026', '100243', '0', NULL, '2020-11-21 09:39:54', NULL, NULL, 'A01');
INSERT INTO `baby_study_log` VALUES ('1329962930666315777', '100242', '1', NULL, '2020-11-21 09:40:47', NULL, NULL, 'A01');
INSERT INTO `baby_study_log` VALUES ('1329962983225139202', '100241', '1', NULL, '2020-11-21 09:40:59', NULL, NULL, 'A01');
INSERT INTO `baby_study_log` VALUES ('1329963088330203137', '100240', '1', NULL, '2020-11-21 09:41:24', NULL, NULL, 'A01');

-- ----------------------------
-- Table structure for baby_word
-- ----------------------------
DROP TABLE IF EXISTS `baby_word`;
CREATE TABLE `baby_word`  (
  `id` varchar(50) CHARACTER SET utf8 COLLATE utf8_general_ci NOT NULL COMMENT '编号',
  `name` varchar(255) CHARACTER SET utf8 COLLATE utf8_general_ci NOT NULL COMMENT '名称',
  `pinyin` varchar(255) CHARACTER SET utf8 COLLATE utf8_general_ci NULL DEFAULT NULL COMMENT '拼音',
  `sort_order` int(8) NULL DEFAULT NULL COMMENT '排序',
  `create_by` bigint(20) NULL DEFAULT NULL COMMENT '创建人',
  `create_time` datetime(0) NULL DEFAULT NULL COMMENT '创建日期',
  `update_by` bigint(20) NULL DEFAULT NULL COMMENT '修改人',
  `update_time` datetime(0) NULL DEFAULT NULL COMMENT '修改日期',
  `sys_org_code` varchar(64) CHARACTER SET utf8 COLLATE utf8_general_ci NULL DEFAULT NULL COMMENT '所属部门',
  PRIMARY KEY (`id`) USING BTREE
) ENGINE = InnoDB CHARACTER SET = utf8 COLLATE = utf8_general_ci COMMENT = '字词' ROW_FORMAT = Dynamic;

-- ----------------------------
-- Records of baby_word
-- ----------------------------
INSERT INTO `baby_word` VALUES ('100000', '父母亲', 'fù mǔ qīn', 0, NULL, '2020-11-20 15:17:16', NULL, '2020-12-11 22:17:30', 'A01');
INSERT INTO `baby_word` VALUES ('100001', '爸爸妈妈', 'bà bà mā mā', 100, NULL, '2020-11-20 15:17:16', NULL, '2020-12-11 22:22:14', 'A01');
INSERT INTO `baby_word` VALUES ('100002', '过去', 'guò qù', 200, NULL, '2020-11-20 15:17:16', NULL, '2020-12-11 22:22:39', 'A01');
INSERT INTO `baby_word` VALUES ('100003', '喜欢', '', 300, NULL, '2020-11-20 15:17:16', NULL, NULL, 'A01');
INSERT INTO `baby_word` VALUES ('100004', '点头', '', 400, NULL, '2020-11-20 15:17:16', NULL, NULL, 'A01');
INSERT INTO `baby_word` VALUES ('100005', '火鸡', '', 500, NULL, '2020-11-20 15:17:16', NULL, NULL, 'A01');
INSERT INTO `baby_word` VALUES ('100006', '眼睛', '', 600, NULL, '2020-11-20 15:17:16', NULL, NULL, 'A01');
INSERT INTO `baby_word` VALUES ('100007', '飞快地跑', '', 700, NULL, '2020-11-20 15:17:16', NULL, NULL, 'A01');
INSERT INTO `baby_word` VALUES ('100008', '爬树', '', 800, NULL, '2020-11-20 15:17:16', NULL, NULL, 'A01');
INSERT INTO `baby_word` VALUES ('100009', '会游冰', '', 900, NULL, '2020-11-20 15:17:16', NULL, NULL, 'A01');
INSERT INTO `baby_word` VALUES ('100010', '发芽', '', 1000, NULL, '2020-11-20 15:17:16', NULL, NULL, 'A01');
INSERT INTO `baby_word` VALUES ('100011', '精心照顾', '', 1100, NULL, '2020-11-20 15:17:16', NULL, '2020-12-11 21:06:12', 'A01');
INSERT INTO `baby_word` VALUES ('100012', '一对鹅', '', 1200, NULL, '2020-11-20 15:17:16', NULL, NULL, 'A01');
INSERT INTO `baby_word` VALUES ('100013', '哑巴', '', 1300, NULL, '2020-11-20 15:17:16', NULL, NULL, 'A01');
INSERT INTO `baby_word` VALUES ('100014', '跟来', '', 1400, NULL, '2020-11-20 15:17:16', NULL, NULL, 'A01');
INSERT INTO `baby_word` VALUES ('100015', '傍晚', '', 1500, NULL, '2020-11-20 15:17:16', NULL, NULL, 'A01');
INSERT INTO `baby_word` VALUES ('100016', '厕所', '', 1600, NULL, '2020-11-20 15:17:16', NULL, NULL, 'A01');
INSERT INTO `baby_word` VALUES ('100017', '如痴如醉', '', 1700, NULL, '2020-11-20 15:17:16', NULL, NULL, 'A01');
INSERT INTO `baby_word` VALUES ('100018', '毛病', '', 1800, NULL, '2020-11-20 15:17:16', NULL, NULL, 'A01');
INSERT INTO `baby_word` VALUES ('100019', '喂食', '', 1900, NULL, '2020-11-20 15:17:16', NULL, NULL, 'A01');
INSERT INTO `baby_word` VALUES ('100020', '狐狸', '', 2000, NULL, '2020-11-20 15:17:16', NULL, NULL, 'A01');
INSERT INTO `baby_word` VALUES ('100021', '院子', '', 2100, NULL, '2020-11-20 15:17:16', NULL, NULL, 'A01');
INSERT INTO `baby_word` VALUES ('100022', '猎物', '', 2200, NULL, '2020-11-20 15:17:16', NULL, NULL, 'A01');
INSERT INTO `baby_word` VALUES ('100023', '野狼', '', 2300, NULL, '2020-11-20 15:17:16', NULL, NULL, 'A01');
INSERT INTO `baby_word` VALUES ('100024', '地球', '', 2400, NULL, '2020-11-20 15:17:16', NULL, NULL, 'A01');
INSERT INTO `baby_word` VALUES ('100025', '起床', '', 2500, NULL, '2020-11-20 15:17:16', NULL, NULL, 'A01');
INSERT INTO `baby_word` VALUES ('100026', '说话', '', 2600, NULL, '2020-11-20 15:17:16', NULL, NULL, 'A01');
INSERT INTO `baby_word` VALUES ('100027', '村民们', '', 2700, NULL, '2020-11-20 15:17:16', NULL, NULL, 'A01');
INSERT INTO `baby_word` VALUES ('100028', '完成', '', 2800, NULL, '2020-11-20 15:17:16', NULL, NULL, 'A01');
INSERT INTO `baby_word` VALUES ('100029', '淹死', '', 2900, NULL, '2020-11-20 15:17:16', NULL, NULL, 'A01');
INSERT INTO `baby_word` VALUES ('100030', '也许', '', 3000, NULL, '2020-11-20 15:17:16', NULL, NULL, 'A01');
INSERT INTO `baby_word` VALUES ('100031', '接住球', '', 3100, NULL, '2020-11-20 15:17:16', NULL, NULL, 'A01');
INSERT INTO `baby_word` VALUES ('100032', '打猎', '', 3200, NULL, '2020-11-20 15:17:16', NULL, NULL, 'A01');
INSERT INTO `baby_word` VALUES ('100033', '全家', '', 3300, NULL, '2020-11-20 15:17:16', NULL, NULL, 'A01');
INSERT INTO `baby_word` VALUES ('100034', '迟到', '', 3400, NULL, '2020-11-20 15:17:16', NULL, NULL, 'A01');
INSERT INTO `baby_word` VALUES ('100035', '漂亮', '', 3500, NULL, '2020-11-20 15:17:16', NULL, NULL, 'A01');
INSERT INTO `baby_word` VALUES ('100036', '看着', '', 3600, NULL, '2020-11-20 15:17:16', NULL, NULL, 'A01');
INSERT INTO `baby_word` VALUES ('100037', '开始', '', 3700, NULL, '2020-11-20 15:17:16', NULL, NULL, 'A01');
INSERT INTO `baby_word` VALUES ('100038', '太大', '', 3800, NULL, '2020-11-20 15:17:16', NULL, NULL, 'A01');
INSERT INTO `baby_word` VALUES ('100039', '善良', '', 3900, NULL, '2020-11-20 15:17:16', NULL, NULL, 'A01');
INSERT INTO `baby_word` VALUES ('100040', '放飞吧', 'fang fei ba', 4000, NULL, '2020-11-20 15:17:16', NULL, '2020-12-11 21:07:30', 'A01');
INSERT INTO `baby_word` VALUES ('100041', '叫喊道', '', 4100, NULL, '2020-11-20 15:17:16', NULL, NULL, 'A01');
INSERT INTO `baby_word` VALUES ('100042', '用嘴含', '', 4200, NULL, '2020-11-20 15:17:16', NULL, NULL, 'A01');
INSERT INTO `baby_word` VALUES ('100043', '都能飞', '', 4300, NULL, '2020-11-20 15:17:16', NULL, NULL, 'A01');
INSERT INTO `baby_word` VALUES ('100044', '柳枝', '', 4400, NULL, '2020-11-20 15:17:16', NULL, NULL, 'A01');
INSERT INTO `baby_word` VALUES ('100045', '一代代', '', 4500, NULL, '2020-11-20 15:17:16', NULL, NULL, 'A01');
INSERT INTO `baby_word` VALUES ('100046', '谈话', '', 4600, NULL, '2020-11-20 15:17:16', NULL, NULL, 'A01');
INSERT INTO `baby_word` VALUES ('100047', '吵架', '', 4700, NULL, '2020-11-20 15:17:16', NULL, NULL, 'A01');
INSERT INTO `baby_word` VALUES ('100048', '工作', '', 4800, NULL, '2020-11-20 15:17:16', NULL, NULL, 'A01');
INSERT INTO `baby_word` VALUES ('100049', '原因', '', 4900, NULL, '2020-11-20 15:17:16', NULL, NULL, 'A01');
INSERT INTO `baby_word` VALUES ('100050', '落叶', '', 5000, NULL, '2020-11-20 15:17:16', NULL, NULL, 'A01');
INSERT INTO `baby_word` VALUES ('100051', '亲耳所听', '', 5100, NULL, '2020-11-20 15:17:16', NULL, NULL, 'A01');
INSERT INTO `baby_word` VALUES ('100052', '办法', '', 5200, NULL, '2020-11-20 15:17:16', NULL, NULL, 'A01');
INSERT INTO `baby_word` VALUES ('100053', '还要', '', 5300, NULL, '2020-11-20 15:17:16', NULL, NULL, 'A01');
INSERT INTO `baby_word` VALUES ('100054', '带领', '', 5400, NULL, '2020-11-20 15:17:16', NULL, NULL, 'A01');
INSERT INTO `baby_word` VALUES ('100055', '欺骗', '', 5500, NULL, '2020-11-20 15:17:16', NULL, NULL, 'A01');
INSERT INTO `baby_word` VALUES ('100056', '吃香蕉', '', 5600, NULL, '2020-11-20 15:17:16', NULL, NULL, 'A01');
INSERT INTO `baby_word` VALUES ('100057', '洞穴', '', 5700, NULL, '2020-11-20 15:17:16', NULL, NULL, 'A01');
INSERT INTO `baby_word` VALUES ('100058', '包扎', '', 5800, NULL, '2020-11-20 15:17:16', NULL, NULL, 'A01');
INSERT INTO `baby_word` VALUES ('100059', '骑背上', '', 5900, NULL, '2020-11-20 15:17:16', NULL, NULL, 'A01');
INSERT INTO `baby_word` VALUES ('100060', '沉没', '', 6000, NULL, '2020-11-20 15:17:16', NULL, NULL, 'A01');
INSERT INTO `baby_word` VALUES ('100061', '讲故事', '', 6100, NULL, '2020-11-20 15:17:16', NULL, NULL, 'A01');
INSERT INTO `baby_word` VALUES ('100062', '按照说明', '', 6200, NULL, '2020-11-20 15:17:16', NULL, NULL, 'A01');
INSERT INTO `baby_word` VALUES ('100063', '尾巴', '', 6300, NULL, '2020-11-20 15:17:16', NULL, NULL, 'A01');
INSERT INTO `baby_word` VALUES ('100064', '受伤', '', 6400, NULL, '2020-11-20 15:17:16', NULL, NULL, 'A01');
INSERT INTO `baby_word` VALUES ('100065', '传递', '', 6500, NULL, '2020-11-20 15:17:16', NULL, NULL, 'A01');
INSERT INTO `baby_word` VALUES ('100066', '歪脖子树', '', 6600, NULL, '2020-11-20 15:17:16', NULL, NULL, 'A01');
INSERT INTO `baby_word` VALUES ('100067', '金钱', '', 6700, NULL, '2020-11-20 15:17:16', NULL, NULL, 'A01');
INSERT INTO `baby_word` VALUES ('100068', '发现', '', 6800, NULL, '2020-11-20 15:17:16', NULL, NULL, 'A01');
INSERT INTO `baby_word` VALUES ('100069', '再见', '', 6900, NULL, '2020-11-20 15:17:16', NULL, NULL, 'A01');
INSERT INTO `baby_word` VALUES ('100070', '跳高', '', 7000, NULL, '2020-11-20 15:17:16', NULL, NULL, 'A01');
INSERT INTO `baby_word` VALUES ('100071', '衔木棒', '', 7100, NULL, '2020-11-20 15:17:16', NULL, NULL, 'A01');
INSERT INTO `baby_word` VALUES ('100072', '一半', '', 7200, NULL, '2020-11-20 15:17:16', NULL, NULL, 'A01');
INSERT INTO `baby_word` VALUES ('100073', '为什么', '', 7300, NULL, '2020-11-20 15:17:16', NULL, NULL, 'A01');
INSERT INTO `baby_word` VALUES ('100074', '睁大眼睛', '', 7400, NULL, '2020-11-20 15:17:16', NULL, NULL, 'A01');
INSERT INTO `baby_word` VALUES ('100075', '会跳舞', '', 7500, NULL, '2020-11-20 15:17:16', NULL, NULL, 'A01');
INSERT INTO `baby_word` VALUES ('100076', '两脚站立', '', 7600, NULL, '2020-11-20 15:17:16', NULL, NULL, 'A01');
INSERT INTO `baby_word` VALUES ('100077', '把手', '', 7700, NULL, '2020-11-20 15:17:16', NULL, NULL, 'A01');
INSERT INTO `baby_word` VALUES ('100078', '嫁娶', '', 7800, NULL, '2020-11-20 15:17:16', NULL, NULL, 'A01');
INSERT INTO `baby_word` VALUES ('100079', '外面玩耍', '', 7900, NULL, '2020-11-20 15:17:16', NULL, NULL, 'A01');
INSERT INTO `baby_word` VALUES ('100080', '满意', '', 8000, NULL, '2020-11-20 15:17:16', NULL, NULL, 'A01');
INSERT INTO `baby_word` VALUES ('100081', '鳄鱼', '', 8100, NULL, '2020-11-20 15:17:16', NULL, NULL, 'A01');
INSERT INTO `baby_word` VALUES ('100082', '时间', '', 8200, NULL, '2020-11-20 15:17:16', NULL, NULL, 'A01');
INSERT INTO `baby_word` VALUES ('100083', '我六岁了', '', 8300, NULL, '2020-11-20 15:17:16', NULL, NULL, 'A01');
INSERT INTO `baby_word` VALUES ('100084', '疲倦', '', 8400, NULL, '2020-11-20 15:17:16', NULL, NULL, 'A01');
INSERT INTO `baby_word` VALUES ('100085', '老朋友', '', 8500, NULL, '2020-11-20 15:17:16', NULL, NULL, 'A01');
INSERT INTO `baby_word` VALUES ('100086', '亲眼所见', '', 8600, NULL, '2020-11-20 15:17:16', NULL, NULL, 'A01');
INSERT INTO `baby_word` VALUES ('100087', '狡猾的', '', 8700, NULL, '2020-11-20 15:17:16', NULL, NULL, 'A01');
INSERT INTO `baby_word` VALUES ('100088', '更聪明', '', 9700, NULL, '2020-11-20 15:17:16', NULL, NULL, 'A01');
INSERT INTO `baby_word` VALUES ('100089', '历史久远', '', 9800, NULL, '2020-11-20 15:17:16', NULL, NULL, 'A01');
INSERT INTO `baby_word` VALUES ('100090', '感觉好', '', 9900, NULL, '2020-11-20 15:17:16', NULL, NULL, 'A01');
INSERT INTO `baby_word` VALUES ('100091', '美丽', '', 10000, NULL, '2020-11-20 15:17:16', NULL, NULL, 'A01');
INSERT INTO `baby_word` VALUES ('100092', '黄瓜', '', 10100, NULL, '2020-11-20 15:17:16', NULL, NULL, 'A01');
INSERT INTO `baby_word` VALUES ('100093', '一片叶', '', 10200, NULL, '2020-11-20 15:17:16', NULL, NULL, 'A01');
INSERT INTO `baby_word` VALUES ('100094', '东南西北', '', 10300, NULL, '2020-11-20 15:17:16', NULL, NULL, 'A01');
INSERT INTO `baby_word` VALUES ('100095', '聪明', '', 10400, NULL, '2020-11-20 15:17:16', NULL, NULL, 'A01');
INSERT INTO `baby_word` VALUES ('100096', '依靠', '', 10500, NULL, '2020-11-20 15:17:16', NULL, NULL, 'A01');
INSERT INTO `baby_word` VALUES ('100097', '女王', '', 10600, NULL, '2020-11-20 15:17:16', NULL, NULL, 'A01');
INSERT INTO `baby_word` VALUES ('100098', '野兔', '', 10700, NULL, '2020-11-20 15:17:16', NULL, NULL, 'A01');
INSERT INTO `baby_word` VALUES ('100099', '青蛙', '', 10800, NULL, '2020-11-20 15:17:16', NULL, NULL, 'A01');
INSERT INTO `baby_word` VALUES ('100100', '光秃秃', '', 10900, NULL, '2020-11-20 15:17:16', NULL, NULL, 'A01');
INSERT INTO `baby_word` VALUES ('100101', '走进', '', 11000, NULL, '2020-11-20 15:17:16', NULL, NULL, 'A01');
INSERT INTO `baby_word` VALUES ('100102', '遇见', '', 11100, NULL, '2020-11-20 15:17:16', NULL, NULL, 'A01');
INSERT INTO `baby_word` VALUES ('100103', '成长', '', 11200, NULL, '2020-11-20 15:17:16', NULL, NULL, 'A01');
INSERT INTO `baby_word` VALUES ('100104', '毫不犹豫', '', 11300, NULL, '2020-11-20 15:17:16', NULL, NULL, 'A01');
INSERT INTO `baby_word` VALUES ('100105', '拣起', '', 11400, NULL, '2020-11-20 15:17:16', NULL, NULL, 'A01');
INSERT INTO `baby_word` VALUES ('100106', '空中', '', 11500, NULL, '2020-11-20 15:17:16', NULL, NULL, 'A01');
INSERT INTO `baby_word` VALUES ('100107', '回报', '', 11600, NULL, '2020-11-20 15:17:16', NULL, NULL, 'A01');
INSERT INTO `baby_word` VALUES ('100108', '正方形', '', 11700, NULL, '2020-11-20 15:17:16', NULL, NULL, 'A01');
INSERT INTO `baby_word` VALUES ('100109', '大惊失色', '', 11800, NULL, '2020-11-20 15:17:16', NULL, NULL, 'A01');
INSERT INTO `baby_word` VALUES ('100110', '睡觉', '', 11900, NULL, '2020-11-20 15:17:16', NULL, NULL, 'A01');
INSERT INTO `baby_word` VALUES ('100111', '自己', '', 12000, NULL, '2020-11-20 15:17:16', NULL, NULL, 'A01');
INSERT INTO `baby_word` VALUES ('100112', '抓小偷', '', 12100, NULL, '2020-11-20 15:17:16', NULL, NULL, 'A01');
INSERT INTO `baby_word` VALUES ('100113', '耳目', '', 12200, NULL, '2020-11-20 15:17:16', NULL, NULL, 'A01');
INSERT INTO `baby_word` VALUES ('100114', '这些书', '', 12300, NULL, '2020-11-20 15:17:16', NULL, NULL, 'A01');
INSERT INTO `baby_word` VALUES ('100115', '直尺', '', 12400, NULL, '2020-11-20 15:17:16', NULL, NULL, 'A01');
INSERT INTO `baby_word` VALUES ('100116', '既勇敢', '', 12500, NULL, '2020-11-20 15:17:16', NULL, NULL, 'A01');
INSERT INTO `baby_word` VALUES ('100117', '又聪明', '', 12600, NULL, '2020-11-20 15:17:16', NULL, NULL, 'A01');
INSERT INTO `baby_word` VALUES ('100118', '石头', '', 12700, NULL, '2020-11-20 15:17:16', NULL, NULL, 'A01');
INSERT INTO `baby_word` VALUES ('100119', '没有', '', 12800, NULL, '2020-11-20 15:17:16', NULL, NULL, 'A01');
INSERT INTO `baby_word` VALUES ('100120', '鱼虾', '', 12900, NULL, '2020-11-20 15:17:16', NULL, NULL, 'A01');
INSERT INTO `baby_word` VALUES ('100121', '干坏事', '', 13000, NULL, '2020-11-20 15:17:16', NULL, NULL, 'A01');
INSERT INTO `baby_word` VALUES ('100122', '害得', '', 13100, NULL, '2020-11-20 15:17:16', NULL, NULL, 'A01');
INSERT INTO `baby_word` VALUES ('100123', '怎么了', '', 13200, NULL, '2020-11-20 15:17:16', NULL, NULL, 'A01');
INSERT INTO `baby_word` VALUES ('100124', '花园', '', 13300, NULL, '2020-11-20 15:17:16', NULL, NULL, 'A01');
INSERT INTO `baby_word` VALUES ('100125', '没关系', '', 13400, NULL, '2020-11-20 15:17:16', NULL, NULL, 'A01');
INSERT INTO `baby_word` VALUES ('100126', '月亮', '', 13500, NULL, '2020-11-20 15:17:16', NULL, NULL, 'A01');
INSERT INTO `baby_word` VALUES ('100127', '他和她', '', 13600, NULL, '2020-11-20 15:17:16', NULL, NULL, 'A01');
INSERT INTO `baby_word` VALUES ('100128', '出来', '', 13700, NULL, '2020-11-20 15:17:16', NULL, NULL, 'A01');
INSERT INTO `baby_word` VALUES ('100129', '像一样', '', 13800, NULL, '2020-11-20 15:17:16', NULL, NULL, 'A01');
INSERT INTO `baby_word` VALUES ('100130', '又摔倒', '', 13900, NULL, '2020-11-20 15:17:16', NULL, NULL, 'A01');
INSERT INTO `baby_word` VALUES ('100131', '真想家', '', 14000, NULL, '2020-11-20 15:17:16', NULL, NULL, 'A01');
INSERT INTO `baby_word` VALUES ('100132', '鹅毛大雪', '', 14100, NULL, '2020-11-20 15:17:16', NULL, NULL, 'A01');
INSERT INTO `baby_word` VALUES ('100133', '快乐', '', 14200, NULL, '2020-11-20 15:17:16', NULL, NULL, 'A01');
INSERT INTO `baby_word` VALUES ('100134', '两块糖', '', 14300, NULL, '2020-11-20 15:17:16', NULL, NULL, 'A01');
INSERT INTO `baby_word` VALUES ('100135', '爱唠叨', '', 14400, NULL, '2020-11-20 15:17:16', NULL, NULL, 'A01');
INSERT INTO `baby_word` VALUES ('100136', '突然', '', 14500, NULL, '2020-11-20 15:17:16', NULL, NULL, 'A01');
INSERT INTO `baby_word` VALUES ('100137', '维他命', '', 14600, NULL, '2020-11-20 15:17:16', NULL, NULL, 'A01');
INSERT INTO `baby_word` VALUES ('100138', '唱歌', '', 14700, NULL, '2020-11-20 15:17:16', NULL, NULL, 'A01');
INSERT INTO `baby_word` VALUES ('100139', '不知道', '', 14800, NULL, '2020-11-20 15:17:16', NULL, NULL, 'A01');
INSERT INTO `baby_word` VALUES ('100140', '停止', '', 14900, NULL, '2020-11-20 15:17:16', NULL, NULL, 'A01');
INSERT INTO `baby_word` VALUES ('100141', '一匹马', '', 15000, NULL, '2020-11-20 15:17:16', NULL, NULL, 'A01');
INSERT INTO `baby_word` VALUES ('100142', '往下掉', '', 15100, NULL, '2020-11-20 15:17:16', NULL, NULL, 'A01');
INSERT INTO `baby_word` VALUES ('100143', '扔给', '', 15200, NULL, '2020-11-20 15:17:16', NULL, NULL, 'A01');
INSERT INTO `baby_word` VALUES ('100144', '兴奋', '', 15300, NULL, '2020-11-20 15:17:16', NULL, NULL, 'A01');
INSERT INTO `baby_word` VALUES ('100145', '哎呀', '', 15400, NULL, '2020-11-20 15:17:16', NULL, NULL, 'A01');
INSERT INTO `baby_word` VALUES ('100146', '树根', '', 15500, NULL, '2020-11-20 15:17:16', NULL, NULL, 'A01');
INSERT INTO `baby_word` VALUES ('100147', '一只鸟', '', 15600, NULL, '2020-11-20 15:17:16', NULL, NULL, 'A01');
INSERT INTO `baby_word` VALUES ('100148', '池塘里', '', 15700, NULL, '2020-11-20 15:17:16', NULL, NULL, 'A01');
INSERT INTO `baby_word` VALUES ('100149', '早晨', '', 15800, NULL, '2020-11-20 15:17:16', NULL, NULL, 'A01');
INSERT INTO `baby_word` VALUES ('100150', '关上', '', 15900, NULL, '2020-11-20 15:17:16', NULL, NULL, 'A01');
INSERT INTO `baby_word` VALUES ('100151', '等于', '', 16000, NULL, '2020-11-20 15:17:16', NULL, NULL, 'A01');
INSERT INTO `baby_word` VALUES ('100152', '白鹅', '', 16100, NULL, '2020-11-20 15:17:16', NULL, NULL, 'A01');
INSERT INTO `baby_word` VALUES ('100153', '一条河', '', 16200, NULL, '2020-11-20 15:17:16', NULL, NULL, 'A01');
INSERT INTO `baby_word` VALUES ('100154', '我们', '', 16300, NULL, '2020-11-20 15:17:16', NULL, NULL, 'A01');
INSERT INTO `baby_word` VALUES ('100155', '瘸鸭', '', 16400, NULL, '2020-11-20 15:17:16', NULL, NULL, 'A01');
INSERT INTO `baby_word` VALUES ('100156', '课堂上', '', 16500, NULL, '2020-11-20 15:17:16', NULL, NULL, 'A01');
INSERT INTO `baby_word` VALUES ('100157', '经常哭', '', 16600, NULL, '2020-11-20 15:17:16', NULL, NULL, 'A01');
INSERT INTO `baby_word` VALUES ('100158', '问路', '', 16700, NULL, '2020-11-20 15:17:16', NULL, NULL, 'A01');
INSERT INTO `baby_word` VALUES ('100159', '拼命跑', '', 16800, NULL, '2020-11-20 15:17:16', NULL, NULL, 'A01');
INSERT INTO `baby_word` VALUES ('100160', '吓哭', '', 16900, NULL, '2020-11-20 15:17:16', NULL, NULL, 'A01');
INSERT INTO `baby_word` VALUES ('100161', '小鸡', '', 17000, NULL, '2020-11-20 15:17:16', NULL, NULL, 'A01');
INSERT INTO `baby_word` VALUES ('100162', '你是谁', '', 17100, NULL, '2020-11-20 15:17:16', NULL, NULL, 'A01');
INSERT INTO `baby_word` VALUES ('100163', '从前', '', 17200, NULL, '2020-11-20 15:17:16', NULL, NULL, 'A01');
INSERT INTO `baby_word` VALUES ('100164', '很害怕', '', 17300, NULL, '2020-11-20 15:17:16', NULL, NULL, 'A01');
INSERT INTO `baby_word` VALUES ('100165', '动听', '', 17400, NULL, '2020-11-20 15:17:16', NULL, NULL, 'A01');
INSERT INTO `baby_word` VALUES ('100166', '一棵松树', '', 17500, NULL, '2020-11-20 15:17:16', NULL, NULL, 'A01');
INSERT INTO `baby_word` VALUES ('100167', '离开', '', 17600, NULL, '2020-11-20 15:17:16', NULL, NULL, 'A01');
INSERT INTO `baby_word` VALUES ('100168', '帮助', '', 17700, NULL, '2020-11-20 15:17:16', NULL, NULL, 'A01');
INSERT INTO `baby_word` VALUES ('100169', '方向', '', 17800, NULL, '2020-11-20 15:17:16', NULL, NULL, 'A01');
INSERT INTO `baby_word` VALUES ('100170', '礼让', '', 17900, NULL, '2020-11-20 15:17:16', NULL, NULL, 'A01');
INSERT INTO `baby_word` VALUES ('100171', '无法够到', '', 18000, NULL, '2020-11-20 15:17:16', NULL, NULL, 'A01');
INSERT INTO `baby_word` VALUES ('100172', '不留心', '', 18100, NULL, '2020-11-20 15:17:16', NULL, NULL, 'A01');
INSERT INTO `baby_word` VALUES ('100173', '在天上', '', 18200, NULL, '2020-11-20 15:17:16', NULL, NULL, 'A01');
INSERT INTO `baby_word` VALUES ('100174', '恶狗', '', 18300, NULL, '2020-11-20 15:17:16', NULL, NULL, 'A01');
INSERT INTO `baby_word` VALUES ('100175', '今天晚上', '', 18400, NULL, '2020-11-20 15:17:16', NULL, NULL, 'A01');
INSERT INTO `baby_word` VALUES ('100176', '可以', '', 18600, NULL, '2020-11-20 15:17:16', NULL, NULL, 'A01');
INSERT INTO `baby_word` VALUES ('100177', '跑开了', '', 18700, NULL, '2020-11-20 15:17:16', NULL, NULL, 'A01');
INSERT INTO `baby_word` VALUES ('100178', '哥哥妹妹', '', 18800, NULL, '2020-11-20 15:17:16', NULL, NULL, 'A01');
INSERT INTO `baby_word` VALUES ('100179', '男孩女孩', '', 18900, NULL, '2020-11-20 15:17:16', NULL, NULL, 'A01');
INSERT INTO `baby_word` VALUES ('100180', '猴子', '', 19000, NULL, '2020-11-20 15:17:16', NULL, NULL, 'A01');
INSERT INTO `baby_word` VALUES ('100181', '告诉', '', 19100, NULL, '2020-11-20 15:17:16', NULL, NULL, 'A01');
INSERT INTO `baby_word` VALUES ('100182', '望星星', '', 19200, NULL, '2020-11-20 15:17:16', NULL, NULL, 'A01');
INSERT INTO `baby_word` VALUES ('100183', '一个人', '', 19300, NULL, '2020-11-20 15:17:16', NULL, NULL, 'A01');
INSERT INTO `baby_word` VALUES ('100184', '改变', '', 19400, NULL, '2020-11-20 15:17:16', NULL, NULL, 'A01');
INSERT INTO `baby_word` VALUES ('100185', '无法等到', '', 20100, NULL, '2020-11-20 15:17:16', NULL, NULL, 'A01');
INSERT INTO `baby_word` VALUES ('100186', '不留心 ', '', 20200, NULL, '2020-11-20 15:17:16', NULL, NULL, 'A01');
INSERT INTO `baby_word` VALUES ('100187', '恶狗 ', '', 20400, NULL, '2020-11-20 15:17:16', NULL, NULL, 'A01');
INSERT INTO `baby_word` VALUES ('100188', '采蘑菇', '', 20600, NULL, '2020-11-20 15:17:16', NULL, NULL, 'A01');
INSERT INTO `baby_word` VALUES ('100189', '最多 ', '', 20700, NULL, '2020-11-20 15:17:16', NULL, NULL, 'A01');
INSERT INTO `baby_word` VALUES ('100190', '取回', '', 20800, NULL, '2020-11-20 15:17:16', NULL, NULL, 'A01');
INSERT INTO `baby_word` VALUES ('100191', '几颗种子', '', 21200, NULL, '2020-11-20 15:17:16', NULL, NULL, 'A01');
INSERT INTO `baby_word` VALUES ('100192', '松针', '', 21300, NULL, '2020-11-20 15:17:16', NULL, NULL, 'A01');
INSERT INTO `baby_word` VALUES ('100193', '被讲述', '', 21400, NULL, '2020-11-20 15:17:16', NULL, NULL, 'A01');
INSERT INTO `baby_word` VALUES ('100194', '拿着', '', 21500, NULL, '2020-11-20 15:17:16', NULL, NULL, 'A01');
INSERT INTO `baby_word` VALUES ('100195', '河岸', '', 21600, NULL, '2020-11-20 15:17:16', NULL, NULL, 'A01');
INSERT INTO `baby_word` VALUES ('100196', '居住', '', 21700, NULL, '2020-11-20 15:17:16', NULL, NULL, 'A01');
INSERT INTO `baby_word` VALUES ('100197', '回答', '', 21800, NULL, '2020-11-20 15:17:16', NULL, NULL, 'A01');
INSERT INTO `baby_word` VALUES ('100198', '每天读书', '', 21900, NULL, '2020-11-20 15:17:16', NULL, NULL, 'A01');
INSERT INTO `baby_word` VALUES ('100199', '一户人家', '', 22000, NULL, '2020-11-20 15:17:16', NULL, NULL, 'A01');
INSERT INTO `baby_word` VALUES ('100200', '送别', '', 22100, NULL, '2020-11-20 15:17:16', NULL, NULL, 'A01');
INSERT INTO `baby_word` VALUES ('100201', '凄惨', '', 22200, NULL, '2020-11-20 15:17:16', NULL, NULL, 'A01');
INSERT INTO `baby_word` VALUES ('100202', '就餐', '', 22300, NULL, '2020-11-20 15:17:16', NULL, NULL, 'A01');
INSERT INTO `baby_word` VALUES ('100203', '浇水', '', 22400, NULL, '2020-11-20 15:17:16', NULL, NULL, 'A01');
INSERT INTO `baby_word` VALUES ('100204', '已入迷', '', 22500, NULL, '2020-11-20 15:17:16', NULL, NULL, 'A01');
INSERT INTO `baby_word` VALUES ('100205', '施肥', '', 22600, NULL, '2020-11-20 15:17:16', NULL, NULL, 'A01');
INSERT INTO `baby_word` VALUES ('100206', '恢复健康', '', 22700, NULL, '2020-11-20 15:17:16', NULL, NULL, 'A01');
INSERT INTO `baby_word` VALUES ('100207', '沿着藤爬', '', 22800, NULL, '2020-11-20 15:17:16', NULL, NULL, 'A01');
INSERT INTO `baby_word` VALUES ('100208', '自由飞翔', '', 22900, NULL, '2020-11-20 15:17:16', NULL, NULL, 'A01');
INSERT INTO `baby_word` VALUES ('100209', '野猪', '', 23000, NULL, '2020-11-20 15:17:16', NULL, NULL, 'A01');
INSERT INTO `baby_word` VALUES ('100210', '寂莫寒冷', '', 23100, NULL, '2020-11-20 15:17:16', NULL, NULL, 'A01');
INSERT INTO `baby_word` VALUES ('100211', '学堂读书', '', 23200, NULL, '2020-11-20 15:17:16', NULL, NULL, 'A01');
INSERT INTO `baby_word` VALUES ('100212', '贫穷', '', 23300, NULL, '2020-11-20 15:17:16', NULL, NULL, 'A01');
INSERT INTO `baby_word` VALUES ('100213', '煲汤', '', 23400, NULL, '2020-11-20 15:17:16', NULL, NULL, 'A01');
INSERT INTO `baby_word` VALUES ('100214', '建新房子', '', 23500, NULL, '2020-11-20 15:17:16', NULL, NULL, 'A01');
INSERT INTO `baby_word` VALUES ('100215', '双腿', '', 23600, NULL, '2020-11-20 15:17:16', NULL, NULL, 'A01');
INSERT INTO `baby_word` VALUES ('100216', '开花结果', '', 23700, NULL, '2020-11-20 15:17:16', NULL, NULL, 'A01');
INSERT INTO `baby_word` VALUES ('100217', '此后', '', 23800, NULL, '2020-11-20 15:17:16', NULL, NULL, 'A01');
INSERT INTO `baby_word` VALUES ('100218', '信息', '', 23900, NULL, '2020-11-20 15:17:16', NULL, NULL, 'A01');
INSERT INTO `baby_word` VALUES ('100219', '发财富有', '', 24100, NULL, '2020-11-20 15:17:16', NULL, NULL, 'A01');
INSERT INTO `baby_word` VALUES ('100220', '财主', '', 24200, NULL, '2020-11-20 15:17:16', NULL, NULL, 'A01');
INSERT INTO `baby_word` VALUES ('100221', '两端', '', 24300, NULL, '2020-11-20 15:17:16', NULL, NULL, 'A01');
INSERT INTO `baby_word` VALUES ('100222', '一清二楚', '', 24400, NULL, '2020-11-20 15:17:16', NULL, NULL, 'A01');
INSERT INTO `baby_word` VALUES ('100223', '云层', '', 24500, NULL, '2020-11-20 15:17:16', NULL, NULL, 'A01');
INSERT INTO `baby_word` VALUES ('100224', '瓜秧相连', '', 24600, NULL, '2020-11-20 15:17:16', NULL, NULL, 'A01');
INSERT INTO `baby_word` VALUES ('100225', '恋恋不舍', '', 24700, NULL, '2020-11-20 15:17:16', NULL, NULL, 'A01');
INSERT INTO `baby_word` VALUES ('100226', '爱情', '', 24800, NULL, '2020-11-20 15:17:16', NULL, NULL, 'A01');
INSERT INTO `baby_word` VALUES ('100227', '买新轿车', '', 24900, NULL, '2020-11-20 15:17:16', NULL, NULL, 'A01');
INSERT INTO `baby_word` VALUES ('100228', '森林', '', 25000, NULL, '2020-11-20 15:17:16', NULL, NULL, 'A01');
INSERT INTO `baby_word` VALUES ('100229', '特别', '', 25100, NULL, '2020-11-20 15:17:16', NULL, NULL, 'A01');
INSERT INTO `baby_word` VALUES ('100230', '终于摘下', '', 25500, NULL, '2020-11-20 15:17:16', NULL, NULL, 'A01');
INSERT INTO `baby_word` VALUES ('100231', '掰开', '', 25600, NULL, '2020-11-20 15:17:16', NULL, NULL, 'A01');
INSERT INTO `baby_word` VALUES ('100232', '照顾 ', '', 25700, NULL, '2020-11-20 15:17:16', NULL, NULL, 'A01');
INSERT INTO `baby_word` VALUES ('100233', '贪婪', '', 25800, NULL, '2020-11-20 15:17:16', NULL, NULL, 'A01');
INSERT INTO `baby_word` VALUES ('100234', '迫不及待', '', 25900, NULL, '2020-11-20 15:17:16', NULL, NULL, 'A01');
INSERT INTO `baby_word` VALUES ('100235', '继续跑啊', '', 26000, NULL, '2020-11-20 15:17:16', NULL, NULL, 'A01');
INSERT INTO `baby_word` VALUES ('100236', '幸福生活', '', 26100, NULL, '2020-11-20 15:17:16', NULL, NULL, 'A01');
INSERT INTO `baby_word` VALUES ('100237', '味道极好', '', 26200, NULL, '2020-11-20 15:17:16', NULL, NULL, 'A01');
INSERT INTO `baby_word` VALUES ('100238', '喝光它', '', 26300, NULL, '2020-11-20 15:17:16', NULL, NULL, 'A01');
INSERT INTO `baby_word` VALUES ('100239', '扁平', '', 26400, NULL, '2020-11-20 15:17:16', NULL, NULL, 'A01');
INSERT INTO `baby_word` VALUES ('100240', '绿壳乌龟', '', 26500, NULL, '2020-11-20 15:17:16', NULL, NULL, 'A01');
INSERT INTO `baby_word` VALUES ('100241', '左右手', '', 26600, NULL, '2020-11-20 15:17:16', NULL, NULL, 'A01');
INSERT INTO `baby_word` VALUES ('100242', '舞姿优雅', '', 26700, NULL, '2020-11-20 15:17:16', NULL, NULL, 'A01');
INSERT INTO `baby_word` VALUES ('100243', '做法正确', '', 26800, NULL, '2020-11-20 15:17:16', NULL, NULL, 'A01');
INSERT INTO `baby_word` VALUES ('100244', '使劲 ', '', 26900, NULL, '2020-11-20 15:17:16', NULL, NULL, 'A01');
INSERT INTO `baby_word` VALUES ('100245', '神奇', '', 27000, NULL, '2020-11-20 15:17:16', NULL, NULL, 'A01');
INSERT INTO `baby_word` VALUES ('100246', '忘却', '', 27100, NULL, '2020-11-20 15:17:16', NULL, NULL, 'A01');
INSERT INTO `baby_word` VALUES ('100247', '奇怪', '', 27200, NULL, '2020-11-20 15:17:16', NULL, NULL, 'A01');
INSERT INTO `baby_word` VALUES ('100248', '简直不信', '', 27700, NULL, '2020-11-20 15:17:16', NULL, NULL, 'A01');
INSERT INTO `baby_word` VALUES ('100249', '拴住 ', 'shuān zhù', 28100, NULL, '2020-11-20 15:17:16', NULL, '2020-12-11 22:19:31', 'A01');

-- ----------------------------
-- Table structure for bi_report
-- ----------------------------
DROP TABLE IF EXISTS `bi_report`;
CREATE TABLE `bi_report`  (
  `id` varchar(36) CHARACTER SET utf8mb4 COLLATE utf8mb4_general_ci NOT NULL COMMENT '编号',
  `create_by` varchar(50) CHARACTER SET utf8mb4 COLLATE utf8mb4_general_ci NULL DEFAULT NULL COMMENT '创建人',
  `create_time` datetime(0) NULL DEFAULT NULL COMMENT '创建日期',
  `update_by` varchar(50) CHARACTER SET utf8mb4 COLLATE utf8mb4_general_ci NULL DEFAULT NULL COMMENT '更新人',
  `update_time` datetime(0) NULL DEFAULT NULL COMMENT '更新日期',
  `sys_org_code` varchar(64) CHARACTER SET utf8mb4 COLLATE utf8mb4_general_ci NULL DEFAULT NULL COMMENT '所属部门',
  `name` varchar(200) CHARACTER SET utf8mb4 COLLATE utf8mb4_general_ci NOT NULL COMMENT '名称',
  `description` varchar(255) CHARACTER SET utf8mb4 COLLATE utf8mb4_general_ci NULL DEFAULT NULL COMMENT '描述',
  `config` longtext CHARACTER SET utf8mb4 COLLATE utf8mb4_general_ci NULL COMMENT '配置信息',
  PRIMARY KEY (`id`) USING BTREE
) ENGINE = InnoDB CHARACTER SET = utf8mb4 COLLATE = utf8mb4_general_ci COMMENT = '电子报告' ROW_FORMAT = Dynamic;

-- ----------------------------
-- Records of bi_report
-- ----------------------------
INSERT INTO `bi_report` VALUES ('0', 'admin', '2020-07-05 07:41:26', 'admin', '2020-07-07 14:02:07', 'A01', '运维分析', '运维分析', '{\"layout\":[{\"x\":0,\"y\":20,\"w\":48,\"h\":27,\"type\":\"chart\",\"i\":15,\"config\":{\"rows\":[{\"name\":\"运维总次数\",\"visualType\":\"number\",\"type\":\"value\",\"field\":{\"alias\":\"\",\"desc\":\"\",\"useExpression\":false},\"format\":{\"formatType\":\"default\"},\"agg\":\"sum\",\"chart\":{}},{\"name\":\"故障维修次数\",\"visualType\":\"number\",\"type\":\"value\",\"field\":{\"alias\":\"\",\"desc\":\"\",\"useExpression\":false},\"format\":{\"formatType\":\"default\"},\"agg\":\"sum\",\"chart\":{}},{\"name\":\"设备告警数\",\"visualType\":\"number\",\"type\":\"value\",\"field\":{\"alias\":\"\",\"desc\":\"\",\"useExpression\":false},\"format\":{\"formatType\":\"default\"},\"agg\":\"sum\",\"chart\":{}},{\"name\":\"计划巡检次数\",\"visualType\":\"number\",\"type\":\"value\",\"field\":{\"alias\":\"\",\"desc\":\"\",\"useExpression\":false},\"format\":{\"formatType\":\"default\"},\"agg\":\"sum\",\"chart\":{}},{\"name\":\"计划保障次数\",\"visualType\":\"number\",\"type\":\"value\",\"field\":{\"alias\":\"\",\"desc\":\"\",\"useExpression\":false},\"format\":{\"formatType\":\"default\"},\"agg\":\"sum\",\"chart\":{}}],\"cols\":[{\"name\":\"统计日期\",\"visualType\":\"string\",\"type\":\"category\",\"field\":{\"alias\":\"\",\"desc\":\"\",\"useExpression\":false},\"format\":{\"formatType\":\"default\"}}],\"theme\":\"青春\",\"type\":\"line\",\"name\":\"\",\"title\":\"运维综合趋势\",\"titleAlign\":\"居中\",\"description\":\"\",\"viewId\":\"740101be-1d54-4c8f-8f7d-69e5892f70c9\",\"length\":100,\"slice\":true,\"interval\":60,\"loop\":false,\"dragState\":{\"type\":\"\",\"data\":[]},\"draging\":{\"type\":\"\",\"data\":[]},\"needRender\":true,\"legendAlign\":\"顶右\"},\"moved\":false},{\"x\":0,\"y\":47,\"w\":22,\"h\":17,\"type\":\"chart\",\"i\":17,\"config\":{\"rows\":[{\"name\":\"巡检平均时长\",\"visualType\":\"string\",\"type\":\"value\",\"field\":{\"alias\":\"\",\"desc\":\"\",\"useExpression\":false},\"format\":{\"formatType\":\"default\"},\"agg\":\"sum\",\"chart\":{}},{\"name\":\"整体平均时长\",\"visualType\":\"string\",\"type\":\"value\",\"field\":{\"alias\":\"\",\"desc\":\"\",\"useExpression\":false},\"format\":{\"formatType\":\"default\"},\"agg\":\"sum\",\"chart\":{}},{\"name\":\"故障平均时长\",\"visualType\":\"string\",\"type\":\"value\",\"field\":{\"alias\":\"\",\"desc\":\"\",\"useExpression\":false},\"format\":{\"formatType\":\"default\"},\"agg\":\"sum\",\"chart\":{}}],\"cols\":[{\"name\":\"统计日期\",\"visualType\":\"string\",\"type\":\"category\",\"field\":{\"alias\":\"\",\"desc\":\"\",\"useExpression\":false},\"format\":{\"formatType\":\"default\"}}],\"theme\":\"日光\",\"type\":\"line\",\"name\":\"\",\"title\":\"\",\"titleAlign\":\"居中\",\"legendAlign\":\"顶右\",\"description\":\"\",\"viewId\":\"1daefaa9-cc06-4f6d-bbf2-6cc16e06d157\",\"length\":100,\"slice\":true,\"interval\":60,\"loop\":false,\"dragState\":{\"type\":\"\",\"data\":[]},\"draging\":{\"type\":\"\",\"data\":[]},\"needRender\":true},\"moved\":false},{\"x\":0,\"y\":0,\"w\":12,\"h\":20,\"type\":\"text\",\"i\":19,\"config\":{\"text\":\"请输入文字\",\"color\":\"#f5e9e9\",\"fontSize\":12,\"fontWeight\":{\"label\":\"正常\",\"value\":\"normal\"},\"align\":\"left\",\"letterSpacing\":\"2\",\"title\":\"tttttttt\"},\"moved\":false}],\"backgroundConfig\":{\"width\":\"1280\",\"height\":\"860\",\"color\":\"#dedede\",\"showGrid\":true}}');
INSERT INTO `bi_report` VALUES ('0768ea32-81ea-459a-96af-e3707c38c516', 'admin', '2020-07-05 07:46:37', 'admin', '2020-07-07 16:27:04', 'A01', '文字图片', '', '{\"layout\":[{\"x\":0,\"y\":11,\"w\":48,\"h\":65,\"type\":\"image\",\"i\":4,\"config\":{\"src\":\"bi\\\\20200706维保首页修改_1594109831796.png\",\"opacity\":0,\"needRender\":true},\"moved\":false},{\"x\":0,\"y\":0,\"w\":48,\"h\":11,\"type\":\"text\",\"i\":6,\"config\":{\"text\":\"设备运维报表\",\"color\":\"#000\",\"fontSize\":\"72\",\"fontWeight\":\"bold\",\"align\":\"left\",\"letterSpacing\":0,\"needRender\":true,\"textAlign\":\"center\"},\"moved\":false}],\"backgroundConfig\":{\"width\":1280,\"height\":860,\"color\":\"#fff\",\"showGrid\":true}}');
INSERT INTO `bi_report` VALUES ('ec8fa49c-c48e-407e-89af-d94c426b8f4f', 'admin', '2020-07-07 16:27:38', 'admin', '2020-07-09 16:15:53', 'A01', '汇总信息显示', '', '{\"layout\":[{\"x\":0,\"y\":0,\"w\":12,\"h\":8,\"type\":\"summary\",\"i\":1,\"config\":{\"src\":\"blue_1594112065209.png\",\"text\":\"设备完好率\",\"unit\":\"%\",\"opacity\":0,\"needRender\":true,\"value\":\"98\"},\"moved\":false},{\"x\":24,\"y\":0,\"w\":12,\"h\":8,\"type\":\"summary\",\"i\":3,\"config\":{\"src\":\"dark_1594114988895.png\",\"text\":\"维修积压量\",\"unit\":\"个\",\"value\":\"34\",\"opacity\":0,\"needRender\":true},\"moved\":false},{\"x\":36,\"y\":0,\"w\":12,\"h\":8,\"type\":\"summary\",\"i\":4,\"config\":{\"src\":\"green_1594115039949.png\",\"text\":\"平均维修时长\",\"unit\":\"小时\",\"value\":\"4\",\"opacity\":0,\"needRender\":true},\"moved\":false},{\"x\":12,\"y\":0,\"w\":12,\"h\":8,\"type\":\"summary\",\"i\":5,\"config\":{\"src\":\"yellow_1594114923732.png\",\"text\":\"设备故障率\",\"unit\":\"%\",\"value\":\"2\",\"opacity\":0,\"needRender\":true},\"moved\":false},{\"x\":0,\"y\":8,\"w\":48,\"h\":26,\"type\":\"chart\",\"i\":7,\"config\":{\"rows\":[{\"name\":\"运维总次数\",\"visualType\":\"number\",\"type\":\"value\",\"field\":{\"alias\":\"\",\"desc\":\"\",\"useExpression\":false},\"format\":{\"formatType\":\"default\"},\"agg\":\"sum\",\"chart\":{}},{\"name\":\"故障维修次数\",\"visualType\":\"number\",\"type\":\"value\",\"field\":{\"alias\":\"\",\"desc\":\"\",\"useExpression\":false},\"format\":{\"formatType\":\"default\"},\"agg\":\"sum\",\"chart\":{}},{\"name\":\"设备告警数\",\"visualType\":\"number\",\"type\":\"value\",\"field\":{\"alias\":\"\",\"desc\":\"\",\"useExpression\":false},\"format\":{\"formatType\":\"default\"},\"agg\":\"sum\",\"chart\":{}},{\"name\":\"计划巡检次数\",\"visualType\":\"number\",\"type\":\"value\",\"field\":{\"alias\":\"\",\"desc\":\"\",\"useExpression\":false},\"format\":{\"formatType\":\"default\"},\"agg\":\"sum\",\"chart\":{}},{\"name\":\"计划保障次数\",\"visualType\":\"number\",\"type\":\"value\",\"field\":{\"alias\":\"\",\"desc\":\"\",\"useExpression\":false},\"format\":{\"formatType\":\"default\"},\"agg\":\"sum\",\"chart\":{}}],\"cols\":[{\"name\":\"统计日期\",\"visualType\":\"string\",\"type\":\"category\",\"field\":{\"alias\":\"\",\"desc\":\"\",\"useExpression\":false},\"format\":{\"formatType\":\"default\"}}],\"type\":\"line\",\"name\":\"\",\"title\":\"运维综合趋势\",\"titleAlign\":\"居中\",\"legendAlign\":\"顶右\",\"description\":\"\",\"viewId\":\"740101be-1d54-4c8f-8f7d-69e5892f70c9\",\"length\":100,\"slice\":false,\"interval\":60,\"loop\":false,\"dragState\":{\"type\":\"\",\"data\":[]},\"draging\":{\"type\":\"\",\"data\":[]},\"needRender\":true,\"fillOpacity\":0,\"stacked\":true,\"showLoop\":true,\"theme\":\"日光\"},\"moved\":false},{\"x\":0,\"y\":34,\"w\":23,\"h\":25,\"type\":\"chart\",\"i\":8,\"config\":{\"rows\":[{\"name\":\"巡检平均时长\",\"visualType\":\"string\",\"type\":\"value\",\"field\":{\"alias\":\"\",\"desc\":\"\",\"useExpression\":false},\"format\":{\"formatType\":\"default\"},\"agg\":\"sum\",\"chart\":{}},{\"name\":\"整体平均时长\",\"visualType\":\"string\",\"type\":\"value\",\"field\":{\"alias\":\"\",\"desc\":\"\",\"useExpression\":false},\"format\":{\"formatType\":\"default\"},\"agg\":\"sum\",\"chart\":{}},{\"name\":\"故障平均时长\",\"visualType\":\"string\",\"type\":\"value\",\"field\":{\"alias\":\"\",\"desc\":\"\",\"useExpression\":false},\"format\":{\"formatType\":\"default\"},\"agg\":\"sum\",\"chart\":{}}],\"cols\":[{\"name\":\"统计日期\",\"visualType\":\"string\",\"type\":\"category\",\"field\":{\"alias\":\"\",\"desc\":\"\",\"useExpression\":false},\"format\":{\"formatType\":\"default\"}}],\"theme\":\"秋叶\",\"type\":\"line\",\"name\":\"\",\"title\":\"运维平均时长统计\",\"titleAlign\":\"左对齐\",\"legendAlign\":\"顶右\",\"description\":\"\",\"viewId\":\"1daefaa9-cc06-4f6d-bbf2-6cc16e06d157\",\"length\":100,\"slice\":true,\"interval\":60,\"loop\":false,\"dragState\":{\"type\":\"\",\"data\":[]},\"draging\":{\"type\":\"\",\"data\":[]},\"needRender\":true,\"fillOpacity\":7},\"moved\":false},{\"x\":23,\"y\":34,\"w\":25,\"h\":25,\"type\":\"chart\",\"i\":10,\"config\":{\"rows\":[{\"name\":\"平均处理时长\",\"visualType\":\"string\",\"type\":\"value\",\"field\":{\"alias\":\"\",\"desc\":\"\",\"useExpression\":false},\"format\":{\"formatType\":\"default\"},\"agg\":\"sum\",\"chart\":{}},{\"name\":\"平均响应时长\",\"visualType\":\"string\",\"type\":\"value\",\"field\":{\"alias\":\"\",\"desc\":\"\",\"useExpression\":false},\"format\":{\"formatType\":\"default\"},\"agg\":\"sum\",\"chart\":{}}],\"cols\":[{\"name\":\"统计日期\",\"visualType\":\"string\",\"type\":\"category\",\"field\":{\"alias\":\"\",\"desc\":\"\",\"useExpression\":false},\"format\":{\"formatType\":\"default\"}}],\"theme\":\"日光\",\"type\":\"bar\",\"name\":\"\",\"title\":\"处置效率统计\",\"titleAlign\":\"左对齐\",\"legendAlign\":\"顶右\",\"description\":\"\",\"viewId\":\"e97d97db-3cb6-44a0-b13c-6ea87b4737e1\",\"length\":100,\"slice\":true,\"interval\":60,\"loop\":false,\"dragState\":{\"type\":\"\",\"data\":[]},\"draging\":{\"type\":\"\",\"data\":[]},\"needRender\":true,\"stacked\":true,\"horizontal\":false,\"showLoop\":true,\"cornerRadius\":10,\"fillOpacity\":37},\"moved\":false},{\"x\":23,\"y\":59,\"w\":25,\"h\":28,\"type\":\"chart\",\"i\":12,\"config\":{\"rows\":[{\"name\":\"费用金额\",\"visualType\":\"string\",\"type\":\"value\",\"field\":{\"alias\":\"\",\"desc\":\"\",\"useExpression\":false},\"format\":{\"formatType\":\"default\"},\"agg\":\"sum\",\"chart\":{}}],\"cols\":[{\"name\":\"费用类型\",\"visualType\":\"string\",\"type\":\"category\",\"field\":{\"alias\":\"\",\"desc\":\"\",\"useExpression\":false},\"format\":{\"formatType\":\"default\"}}],\"theme\":\"日光\",\"type\":\"pie\",\"name\":\"\",\"title\":\"故障费用占比分析\",\"titleAlign\":\"居中\",\"legendAlign\":\"顶右\",\"description\":\"\",\"viewId\":\"27c3aa71-0953-4178-8219-6d56ebe7e57b\",\"length\":100,\"slice\":true,\"interval\":60,\"loop\":false,\"dragState\":{\"type\":\"\",\"data\":[]},\"draging\":{\"type\":\"\",\"data\":[]},\"needRender\":true},\"moved\":false},{\"x\":0,\"y\":59,\"w\":23,\"h\":28,\"type\":\"chart\",\"i\":13,\"config\":{\"rows\":[{\"name\":\"一般\",\"visualType\":\"string\",\"type\":\"value\",\"field\":{\"alias\":\"\",\"desc\":\"\",\"useExpression\":false},\"format\":{\"formatType\":\"default\"},\"agg\":\"sum\",\"chart\":{}},{\"name\":\"重要\",\"visualType\":\"string\",\"type\":\"value\",\"field\":{\"alias\":\"\",\"desc\":\"\",\"useExpression\":false},\"format\":{\"formatType\":\"default\"},\"agg\":\"sum\",\"chart\":{}},{\"name\":\"紧急\",\"visualType\":\"string\",\"type\":\"value\",\"field\":{\"alias\":\"\",\"desc\":\"\",\"useExpression\":false},\"format\":{\"formatType\":\"default\"},\"agg\":\"sum\",\"chart\":{}}],\"cols\":[{\"name\":\"故障类型\",\"visualType\":\"string\",\"type\":\"category\",\"field\":{\"alias\":\"\",\"desc\":\"\",\"useExpression\":false},\"format\":{\"formatType\":\"default\"}}],\"theme\":\"日光\",\"type\":\"bar\",\"name\":\"\",\"title\":\"故障人工工时分析\",\"titleAlign\":\"左对齐\",\"legendAlign\":\"顶右\",\"description\":\"\",\"viewId\":\"c08fae7c-54ed-4bdc-948b-7ddfa2ce0f98\",\"length\":100,\"slice\":true,\"interval\":60,\"loop\":false,\"dragState\":{\"type\":\"\",\"data\":[]},\"draging\":{\"type\":\"\",\"data\":[]},\"needRender\":true,\"horizontal\":true,\"stacked\":true,\"cornerRadius\":24,\"fillOpacity\":36},\"moved\":false}],\"backgroundConfig\":{\"width\":\"1280\",\"height\":\"1000\",\"color\":\"#fff\",\"showGrid\":true}}');

-- ----------------------------
-- Table structure for bi_screen
-- ----------------------------
DROP TABLE IF EXISTS `bi_screen`;
CREATE TABLE `bi_screen`  (
  `id` varchar(36) CHARACTER SET utf8mb4 COLLATE utf8mb4_general_ci NOT NULL COMMENT '编号',
  `name` varchar(200) CHARACTER SET utf8mb4 COLLATE utf8mb4_general_ci NOT NULL COMMENT '名称',
  `description` varchar(255) CHARACTER SET utf8mb4 COLLATE utf8mb4_general_ci NULL DEFAULT NULL COMMENT '描述',
  `config` longtext CHARACTER SET utf8mb4 COLLATE utf8mb4_general_ci NULL COMMENT '配置信息',
  `catalog_id` varchar(50) CHARACTER SET utf8mb4 COLLATE utf8mb4_general_ci NULL DEFAULT NULL COMMENT '目录编号',
  `create_by` varchar(50) CHARACTER SET utf8mb4 COLLATE utf8mb4_general_ci NULL DEFAULT NULL COMMENT '创建人',
  `create_time` datetime(0) NULL DEFAULT NULL COMMENT '创建日期',
  `update_by` varchar(50) CHARACTER SET utf8mb4 COLLATE utf8mb4_general_ci NULL DEFAULT NULL COMMENT '更新人',
  `update_time` datetime(0) NULL DEFAULT NULL COMMENT '更新日期',
  `sys_org_code` varchar(64) CHARACTER SET utf8mb4 COLLATE utf8mb4_general_ci NULL DEFAULT NULL COMMENT '所属部门',
  PRIMARY KEY (`id`) USING BTREE
) ENGINE = InnoDB CHARACTER SET = utf8mb4 COLLATE = utf8mb4_general_ci COMMENT = '电子报告' ROW_FORMAT = Dynamic;

-- ----------------------------
-- Records of bi_screen
-- ----------------------------
INSERT INTO `bi_screen` VALUES ('d9c703e7-11df-4ca7-b360-3762846eb8c6', '演示图表', NULL, NULL, '5f963f2e6c43c2cc0b97e85d', 'admin', '2020-11-29 17:17:52', NULL, NULL, 'A01');
INSERT INTO `bi_screen` VALUES ('ec4fa94b-f0c6-47f3-9734-aa5f5b3a2746', '折线图', NULL, '{\"layout\":[{\"x\":0,\"y\":59,\"w\":800,\"h\":538,\"type\":\"chart\",\"i\":1,\"config\":{\"rows\":[{\"name\":\"evaporation\",\"visualType\":\"number\",\"type\":\"value\",\"field\":{\"alias\":\"\",\"desc\":\"\",\"useExpression\":false},\"format\":{\"formatType\":\"default\"},\"agg\":\"\",\"chart\":{}},{\"name\":\"temperature\",\"visualType\":\"number\",\"type\":\"value\",\"field\":{\"alias\":\"\",\"desc\":\"\",\"useExpression\":false},\"format\":{\"formatType\":\"default\"},\"agg\":\"\",\"chart\":{},\"leftRight\":\"1\"},{\"name\":\"rainfall\",\"visualType\":\"number\",\"type\":\"value\",\"field\":{\"alias\":\"\",\"desc\":\"\",\"useExpression\":false},\"format\":{\"formatType\":\"default\"},\"agg\":\"\",\"chart\":{}}],\"cols\":[{\"name\":\"month\",\"visualType\":\"string\",\"type\":\"category\",\"field\":{\"alias\":\"\",\"desc\":\"\",\"useExpression\":false},\"format\":{\"formatType\":\"default\"}}],\"theme\":\"macarons\",\"colors\":[\"#2ec7c9\",\"#b6a2de\",\"#5ab1ef\",\"#ffb980\",\"#d87a80\",\"#8d98b3\",\"#e5cf0d\",\"#97b552\",\"#95706d\",\"#dc69aa\",\"#07a2a4\",\"#9a7fd1\",\"#588dd5\",\"#f5994e\",\"#c05050\",\"#59678c\",\"#c9ab00\",\"#7eb00a\",\"#6f5553\",\"#c14089\"],\"orders\":[{\"name\":\"id\",\"visualType\":\"number\",\"type\":\"value\",\"field\":{\"alias\":\"\",\"desc\":\"\",\"useExpression\":false},\"format\":{\"formatType\":\"default\"}}],\"type\":\"line\",\"name\":\"\",\"title\":{\"show\":true,\"text\":\"天气统计\",\"subtext\":\"华北地区\",\"left\":\"left\",\"top\":\"top\",\"orient\":\"horizontal\",\"textStyle\":{\"color\":\"#23fae4\",\"fontWeight\":\"normal\",\"fontSize\":\"22\"},\"subtextStyle\":{\"color\":\"#000\",\"fontWeight\":\"normal\",\"fontSize\":12}},\"series\":{\"bar\":{\"stack\":false,\"barWidth\":0,\"itemStyle\":{\"opacity\":100,\"barBorderRadius\":0}},\"center\":{\"x\":50,\"y\":50}},\"yAxis\":{\"master\":{\"name\":\"\",\"show\":true,\"unit\":\"ml\"},\"slave\":{\"name\":\"\",\"show\":true,\"unit\":\"℃\"}},\"xAxis\":{\"show\":true,\"nameRotate\":0,\"position\":\"bottom\",\"type\":\"category\",\"axisPointer\":{\"type\":\"shadow\"},\"name\":\"\",\"nameTextStyle\":{\"color\":\"#333\",\"fontSize\":12,\"fontWeight\":\"normal\",\"fontStyle\":\"normal\"},\"axisLabel\":{\"show\":true,\"rotate\":0,\"fontSize\":12,\"fontWeight\":\"normal\",\"fontStyle\":\"normal\"}},\"legend\":{\"show\":true,\"left\":\"right\",\"top\":\"top\",\"orient\":\"horizontal\",\"textStyle\":{\"color\":\"#333\",\"fontSize\":12,\"fontWeight\":\"normal\",\"fontStyle\":\"normal\"}},\"grid\":{\"left\":10,\"top\":13,\"right\":7,\"bottom\":10},\"needResize\":false,\"fillOpacity\":0,\"cornerRadius\":0,\"stacked\":false,\"horizontal\":false,\"showLoop\":true,\"description\":\"\",\"viewId\":\"068826b8-808e-43ab-ac16-48c3d8c22d4c\",\"length\":100,\"slice\":true,\"interval\":60,\"loop\":true,\"dragState\":{\"type\":\"\",\"data\":[]},\"draging\":{\"type\":\"\",\"data\":[]}},\"moved\":false},{\"x\":0,\"y\":0,\"w\":798,\"h\":59,\"type\":\"text\",\"i\":2,\"config\":{\"text\":\"折线图\",\"color\":\"#fa0a0a\",\"fontSize\":\"36\",\"fontWeight\":\"bold\",\"align\":\"left\",\"letterSpacing\":\"5\",\"needResize\":true,\"textAlign\":\"center\"},\"moved\":false}],\"backgroundConfig\":{\"width\":800,\"height\":600,\"color\":\"#fff\",\"showGrid\":true,\"src\":\"\",\"backPicSet\":\"repeat\",\"opacity\":0}}', '5f963f2e6c43c2cc0b97e85d', 'admin', '2020-11-29 00:04:32', 'admin', '2020-11-29 00:08:56', 'A01');

-- ----------------------------
-- Table structure for bi_view
-- ----------------------------
DROP TABLE IF EXISTS `bi_view`;
CREATE TABLE `bi_view`  (
  `id` varchar(50) CHARACTER SET utf8 COLLATE utf8_general_ci NOT NULL COMMENT '编号',
  `name` varchar(255) CHARACTER SET utf8 COLLATE utf8_general_ci NOT NULL COMMENT '名称',
  `description` varchar(255) CHARACTER SET utf8 COLLATE utf8_general_ci NULL DEFAULT NULL COMMENT '描述',
  `source_id` varchar(50) CHARACTER SET utf8 COLLATE utf8_general_ci NULL DEFAULT NULL COMMENT '数据源',
  `catalog_id` varchar(50) CHARACTER SET utf8 COLLATE utf8_general_ci NULL DEFAULT NULL COMMENT '目录编号',
  `view_sql` text CHARACTER SET utf8 COLLATE utf8_general_ci NULL COMMENT 'SQL',
  `model` text CHARACTER SET utf8 COLLATE utf8_general_ci NULL COMMENT '图形设置',
  `variable` text CHARACTER SET utf8 COLLATE utf8_general_ci NULL COMMENT '参数',
  `config` text CHARACTER SET utf8 COLLATE utf8_general_ci NULL COMMENT '配置信息',
  `create_by` bigint(20) NULL DEFAULT NULL COMMENT '创建人',
  `create_time` datetime(0) NULL DEFAULT NULL COMMENT '创建日期',
  `update_by` bigint(20) NULL DEFAULT NULL COMMENT '修改人',
  `update_time` datetime(0) NULL DEFAULT NULL COMMENT '修改日期',
  `sys_org_code` varchar(64) CHARACTER SET utf8 COLLATE utf8_general_ci NULL DEFAULT NULL COMMENT '所属部门',
  PRIMARY KEY (`id`) USING BTREE
) ENGINE = InnoDB CHARACTER SET = utf8 COLLATE = utf8_general_ci COMMENT = '视图' ROW_FORMAT = Dynamic;

-- ----------------------------
-- Records of bi_view
-- ----------------------------
INSERT INTO `bi_view` VALUES ('068826b8-808e-43ab-ac16-48c3d8c22d4c', '天气', '天气数据', '1209779538310004737', '5fb90d847bf5d62875d7206f', 'select * from demo_weather order by id', '{\"id\":{\"sqlType\":\"int\",\"visualType\":\"number\",\"modelType\":\"value\"},\"month\":{\"sqlType\":\"varchar\",\"visualType\":\"string\",\"modelType\":\"category\"},\"evaporation\":{\"sqlType\":\"double\",\"visualType\":\"number\",\"modelType\":\"value\"},\"rainfall\":{\"sqlType\":\"double\",\"visualType\":\"number\",\"modelType\":\"value\"},\"temperature\":{\"sqlType\":\"double\",\"visualType\":\"number\",\"modelType\":\"value\"}}', '[]', NULL, NULL, '2020-11-21 00:00:00', NULL, '2020-11-21 22:32:50', 'A01');
INSERT INTO `bi_view` VALUES ('1319474004251074561', '测试视图', '测试视图', '1209779538310004737', '5f9232c86c4366dd8e655575', 'select * from demo_cost_stat', '{\"id\":{\"visualType\":\"string\",\"modelType\":\"category\"},\"normal_num\":{\"visualType\":\"number\",\"modelType\":\"value\"},\"important_num\":{\"visualType\":\"number\",\"modelType\":\"value\"},\"emergency_num\":{\"visualType\":\"number\",\"modelType\":\"value\"},\"fault_type\":{\"visualType\":\"string\",\"modelType\":\"category\"}}', '[]', NULL, NULL, '2020-10-23 00:00:00', NULL, '2020-11-12 15:35:30', 'A01');
INSERT INTO `bi_view` VALUES ('9d59c799-67f1-4605-84a7-6008041eac9f', '最高气温', NULL, NULL, '', NULL, NULL, NULL, NULL, NULL, '2020-11-25 15:13:03', NULL, NULL, 'A01');

-- ----------------------------
-- Table structure for data_column
-- ----------------------------
DROP TABLE IF EXISTS `data_column`;
CREATE TABLE `data_column`  (
  `entity` varchar(100) CHARACTER SET gbk COLLATE gbk_chinese_ci NOT NULL DEFAULT '' COMMENT '元数据编号',
  `code` varchar(50) CHARACTER SET gbk COLLATE gbk_chinese_ci NOT NULL DEFAULT '' COMMENT '字段名',
  `name` varchar(200) CHARACTER SET gbk COLLATE gbk_chinese_ci NOT NULL DEFAULT '' COMMENT '中文名',
  `data_type` varchar(50) CHARACTER SET gbk COLLATE gbk_chinese_ci NOT NULL DEFAULT '' COMMENT '数据类型',
  `length` int(11) NOT NULL COMMENT '字段长度',
  `scale` int(11) NOT NULL COMMENT '字段精度',
  `is_key` varchar(1) CHARACTER SET gbk COLLATE gbk_chinese_ci NOT NULL DEFAULT '' COMMENT '是否主键',
  `obj` varchar(50) CHARACTER SET gbk COLLATE gbk_chinese_ci NULL DEFAULT NULL COMMENT '对象',
  `obj_prop` varchar(50) CHARACTER SET gbk COLLATE gbk_chinese_ci NULL DEFAULT NULL COMMENT '对象属性',
  `data_level` varchar(50) CHARACTER SET gbk COLLATE gbk_chinese_ci NULL DEFAULT NULL COMMENT '数据粒度',
  `is_sensitive` varchar(50) CHARACTER SET gbk COLLATE gbk_chinese_ci NOT NULL DEFAULT '' COMMENT '是否是敏感字段',
  `sort_order` int(11) NOT NULL COMMENT '显示顺序',
  `is_authority` varchar(1) CHARACTER SET gbk COLLATE gbk_chinese_ci NOT NULL DEFAULT '' COMMENT '权限字段',
  `is_valid` varchar(1) CHARACTER SET gbk COLLATE gbk_chinese_ci NOT NULL DEFAULT '' COMMENT '是否有效',
  PRIMARY KEY (`entity`, `code`) USING BTREE
) ENGINE = InnoDB CHARACTER SET = utf8 COLLATE = utf8_general_ci COMMENT = '元数据列' ROW_FORMAT = Dynamic;

-- ----------------------------
-- Records of data_column
-- ----------------------------
INSERT INTO `data_column` VALUES ('baby_study_log', 'create_by', '创建人', 'bigint', 19, 0, '0', NULL, NULL, NULL, '0', 100, '0', '0');
INSERT INTO `data_column` VALUES ('baby_study_log', 'create_time', '创建日期', 'datetime', 0, 0, '0', NULL, NULL, NULL, '0', 100, '0', '0');
INSERT INTO `data_column` VALUES ('baby_study_log', 'id', '编号', 'varchar', 50, 0, '1', NULL, NULL, NULL, '0', 100, '0', '0');
INSERT INTO `data_column` VALUES ('baby_study_log', 'is_know', '认识', 'varchar', 1, 0, '0', NULL, NULL, NULL, '0', 100, '0', '0');
INSERT INTO `data_column` VALUES ('baby_study_log', 'sys_org_code', '所属部门', 'varchar', 64, 0, '0', NULL, NULL, NULL, '0', 100, '0', '0');
INSERT INTO `data_column` VALUES ('baby_study_log', 'update_by', '修改人', 'bigint', 19, 0, '0', NULL, NULL, NULL, '0', 100, '0', '0');
INSERT INTO `data_column` VALUES ('baby_study_log', 'update_time', '修改日期', 'datetime', 0, 0, '0', NULL, NULL, NULL, '0', 100, '0', '0');
INSERT INTO `data_column` VALUES ('baby_study_log', 'word_id', '字词编号', 'varchar', 50, 0, '0', NULL, NULL, NULL, '0', 100, '0', '0');
INSERT INTO `data_column` VALUES ('baby_word', 'create_by', '创建人', 'bigint', 19, 0, '0', NULL, NULL, NULL, '0', 100, '0', '0');
INSERT INTO `data_column` VALUES ('baby_word', 'create_time', '创建日期', 'datetime', 0, 0, '0', NULL, NULL, NULL, '0', 100, '0', '0');
INSERT INTO `data_column` VALUES ('baby_word', 'id', '编号', 'varchar', 50, 0, '1', NULL, NULL, NULL, '0', 100, '0', '0');
INSERT INTO `data_column` VALUES ('baby_word', 'name', '名称', 'varchar', 255, 0, '0', NULL, NULL, NULL, '0', 100, '0', '0');
INSERT INTO `data_column` VALUES ('baby_word', 'pinyin', '拼音', 'varchar', 255, 0, '0', NULL, NULL, NULL, '0', 100, '0', '0');
INSERT INTO `data_column` VALUES ('baby_word', 'sort_order', '排序', 'int', 10, 0, '0', NULL, NULL, NULL, '0', 100, '0', '0');
INSERT INTO `data_column` VALUES ('baby_word', 'sys_org_code', '所属部门', 'varchar', 64, 0, '0', NULL, NULL, NULL, '0', 100, '0', '0');
INSERT INTO `data_column` VALUES ('baby_word', 'update_by', '修改人', 'bigint', 19, 0, '0', NULL, NULL, NULL, '0', 100, '0', '0');
INSERT INTO `data_column` VALUES ('baby_word', 'update_time', '修改日期', 'datetime', 0, 0, '0', NULL, NULL, NULL, '0', 100, '0', '0');
INSERT INTO `data_column` VALUES ('bi_report', 'config', '配置信息', 'longtext', 0, 0, '0', NULL, NULL, NULL, '0', 100, '0', '0');
INSERT INTO `data_column` VALUES ('bi_report', 'create_by', '创建人', 'varchar', 50, 0, '0', NULL, NULL, NULL, '0', 100, '0', '0');
INSERT INTO `data_column` VALUES ('bi_report', 'create_time', '创建日期', 'datetime', 0, 0, '0', NULL, NULL, NULL, '0', 100, '0', '0');
INSERT INTO `data_column` VALUES ('bi_report', 'description', '描述', 'varchar', 255, 0, '0', NULL, NULL, NULL, '0', 100, '0', '0');
INSERT INTO `data_column` VALUES ('bi_report', 'id', '编号', 'varchar', 36, 0, '1', NULL, NULL, NULL, '0', 100, '0', '0');
INSERT INTO `data_column` VALUES ('bi_report', 'name', '名称', 'varchar', 200, 0, '0', NULL, NULL, NULL, '0', 100, '0', '0');
INSERT INTO `data_column` VALUES ('bi_report', 'sys_org_code', '所属部门', 'varchar', 64, 0, '0', NULL, NULL, NULL, '0', 100, '0', '0');
INSERT INTO `data_column` VALUES ('bi_report', 'update_by', '更新人', 'varchar', 50, 0, '0', NULL, NULL, NULL, '0', 100, '0', '0');
INSERT INTO `data_column` VALUES ('bi_report', 'update_time', '更新日期', 'datetime', 0, 0, '0', NULL, NULL, NULL, '0', 100, '0', '0');
INSERT INTO `data_column` VALUES ('bi_screen', 'catalog_id', '目录编号', 'varchar', 50, 0, '0', NULL, NULL, NULL, '0', 100, '0', '0');
INSERT INTO `data_column` VALUES ('bi_screen', 'config', '配置信息', 'longtext', 0, 0, '0', NULL, NULL, NULL, '0', 100, '0', '0');
INSERT INTO `data_column` VALUES ('bi_screen', 'create_by', '创建人', 'varchar', 50, 0, '0', NULL, NULL, NULL, '0', 100, '0', '0');
INSERT INTO `data_column` VALUES ('bi_screen', 'create_time', '创建日期', 'datetime', 0, 0, '0', NULL, NULL, NULL, '0', 100, '0', '0');
INSERT INTO `data_column` VALUES ('bi_screen', 'description', '描述', 'varchar', 255, 0, '0', NULL, NULL, NULL, '0', 100, '0', '0');
INSERT INTO `data_column` VALUES ('bi_screen', 'id', '编号', 'varchar', 36, 0, '1', NULL, NULL, NULL, '0', 100, '0', '0');
INSERT INTO `data_column` VALUES ('bi_screen', 'name', '名称', 'varchar', 200, 0, '0', NULL, NULL, NULL, '0', 100, '0', '0');
INSERT INTO `data_column` VALUES ('bi_screen', 'sys_org_code', '所属部门', 'varchar', 64, 0, '0', NULL, NULL, NULL, '0', 100, '0', '0');
INSERT INTO `data_column` VALUES ('bi_screen', 'update_by', '更新人', 'varchar', 50, 0, '0', NULL, NULL, NULL, '0', 100, '0', '0');
INSERT INTO `data_column` VALUES ('bi_screen', 'update_time', '更新日期', 'datetime', 0, 0, '0', NULL, NULL, NULL, '0', 100, '0', '0');
INSERT INTO `data_column` VALUES ('bi_view', 'catalog_id', '目录编号', 'varchar', 50, 0, '0', NULL, NULL, NULL, '0', 100, '0', '0');
INSERT INTO `data_column` VALUES ('bi_view', 'config', '配置信息', 'text', 65535, 0, '0', NULL, NULL, NULL, '0', 100, '0', '0');
INSERT INTO `data_column` VALUES ('bi_view', 'create_by', '创建人', 'bigint', 19, 0, '0', NULL, NULL, NULL, '0', 100, '0', '0');
INSERT INTO `data_column` VALUES ('bi_view', 'create_time', '创建日期', 'datetime', 0, 0, '0', NULL, NULL, NULL, '0', 100, '0', '0');
INSERT INTO `data_column` VALUES ('bi_view', 'description', '描述', 'varchar', 255, 0, '0', NULL, NULL, NULL, '0', 100, '0', '0');
INSERT INTO `data_column` VALUES ('bi_view', 'id', '编号', 'varchar', 50, 0, '1', NULL, NULL, NULL, '0', 100, '0', '0');
INSERT INTO `data_column` VALUES ('bi_view', 'model', '图形设置', 'text', 65535, 0, '0', NULL, NULL, NULL, '0', 100, '0', '0');
INSERT INTO `data_column` VALUES ('bi_view', 'name', '名称', 'varchar', 255, 0, '0', NULL, NULL, NULL, '0', 100, '0', '0');
INSERT INTO `data_column` VALUES ('bi_view', 'source_id', '数据源', 'varchar', 50, 0, '0', NULL, NULL, NULL, '0', 100, '0', '0');
INSERT INTO `data_column` VALUES ('bi_view', 'sys_org_code', '所属部门', 'varchar', 64, 0, '0', NULL, NULL, NULL, '0', 100, '0', '0');
INSERT INTO `data_column` VALUES ('bi_view', 'update_by', '修改人', 'bigint', 19, 0, '0', NULL, NULL, NULL, '0', 100, '0', '0');
INSERT INTO `data_column` VALUES ('bi_view', 'update_time', '修改日期', 'datetime', 0, 0, '0', NULL, NULL, NULL, '0', 100, '0', '0');
INSERT INTO `data_column` VALUES ('bi_view', 'variable', '参数', 'text', 65535, 0, '0', NULL, NULL, NULL, '0', 100, '0', '0');
INSERT INTO `data_column` VALUES ('bi_view', 'view_sql', 'SQL', 'text', 65535, 0, '0', NULL, NULL, NULL, '0', 100, '0', '0');
INSERT INTO `data_column` VALUES ('data_column', 'code', '字段名', 'varchar', 50, 0, '1', NULL, NULL, NULL, '0', 100, '0', '0');
INSERT INTO `data_column` VALUES ('data_column', 'data_level', '数据粒度', 'varchar', 50, 0, '0', NULL, NULL, NULL, '0', 100, '0', '0');
INSERT INTO `data_column` VALUES ('data_column', 'data_type', '数据类型', 'varchar', 50, 0, '0', NULL, NULL, NULL, '0', 100, '0', '0');
INSERT INTO `data_column` VALUES ('data_column', 'entity', '元数据编号', 'varchar', 100, 0, '1', NULL, NULL, NULL, '0', 100, '0', '0');
INSERT INTO `data_column` VALUES ('data_column', 'is_authority', '权限字段', 'varchar', 1, 0, '0', NULL, NULL, NULL, '0', 100, '0', '0');
INSERT INTO `data_column` VALUES ('data_column', 'is_key', '是否主键', 'varchar', 1, 0, '0', NULL, NULL, NULL, '0', 100, '0', '0');
INSERT INTO `data_column` VALUES ('data_column', 'is_sensitive', '是否是敏感字段', 'varchar', 50, 0, '0', NULL, NULL, NULL, '0', 100, '0', '0');
INSERT INTO `data_column` VALUES ('data_column', 'is_valid', '是否有效', 'varchar', 1, 0, '0', NULL, NULL, NULL, '0', 100, '0', '0');
INSERT INTO `data_column` VALUES ('data_column', 'length', '字段长度', 'int', 10, 0, '0', NULL, NULL, NULL, '0', 100, '0', '0');
INSERT INTO `data_column` VALUES ('data_column', 'name', '中文名', 'varchar', 200, 0, '0', NULL, NULL, NULL, '0', 100, '0', '0');
INSERT INTO `data_column` VALUES ('data_column', 'obj', '对象', 'varchar', 50, 0, '0', NULL, NULL, NULL, '0', 100, '0', '0');
INSERT INTO `data_column` VALUES ('data_column', 'obj_prop', '对象属性', 'varchar', 50, 0, '0', NULL, NULL, NULL, '0', 100, '0', '0');
INSERT INTO `data_column` VALUES ('data_column', 'scale', '字段精度', 'int', 10, 0, '0', NULL, NULL, NULL, '0', 100, '0', '0');
INSERT INTO `data_column` VALUES ('data_column', 'sort_order', '显示顺序', 'int', 10, 0, '0', NULL, NULL, NULL, '0', 100, '0', '0');
INSERT INTO `data_column` VALUES ('dddddd', '', 'dddd', 'varchar', 50, 2, '1', 'date', 'YYYY-MM-DD', NULL, '0', 1, '1', '1');
INSERT INTO `data_column` VALUES ('demo_book', 'book_id', '图书编号', 'varchar', 11, 0, '1', NULL, NULL, NULL, '0', 100, '0', '0');
INSERT INTO `data_column` VALUES ('demo_book', 'book_name', '图书名称', 'varchar', 200, 0, '0', NULL, NULL, NULL, '0', 100, '0', '0');
INSERT INTO `data_column` VALUES ('demo_book', 'file_name', '文件名称', 'varchar', 200, 0, '0', NULL, NULL, NULL, '0', 100, '0', '0');
INSERT INTO `data_column` VALUES ('demo_book', 'order_no', '排序号', 'int', 10, 0, '0', NULL, NULL, NULL, '0', 100, '0', '0');
INSERT INTO `data_column` VALUES ('demo_book', 'sort_id', '目录编号', 'varchar', 11, 0, '0', NULL, NULL, NULL, '0', 100, '0', '0');
INSERT INTO `data_column` VALUES ('demo_cost_stat', 'emergency_num', '紧急', 'int', 10, 0, '0', NULL, NULL, NULL, '0', 100, '0', '0');
INSERT INTO `data_column` VALUES ('demo_cost_stat', 'fault_type', '故障类型', 'varchar', 20, 0, '0', NULL, NULL, NULL, '0', 100, '0', '0');
INSERT INTO `data_column` VALUES ('demo_cost_stat', 'id', '编号', 'int', 10, 0, '1', NULL, NULL, NULL, '0', 100, '0', '0');
INSERT INTO `data_column` VALUES ('demo_cost_stat', 'important_num', '重要', 'int', 10, 0, '0', NULL, NULL, NULL, '0', 100, '0', '0');
INSERT INTO `data_column` VALUES ('demo_cost_stat', 'normal_num', '一般', 'int', 10, 0, '0', NULL, NULL, NULL, '0', 100, '0', '0');
INSERT INTO `data_column` VALUES ('demo_line', 'icf_electricity', '电流', 'double', 22, 0, '0', NULL, NULL, NULL, '0', 100, '0', '0');
INSERT INTO `data_column` VALUES ('demo_line', 'icf_id', '编号', 'int', 10, 0, '1', NULL, NULL, NULL, '0', 100, '0', '0');
INSERT INTO `data_column` VALUES ('demo_line', 'icf_name', '名称', 'varchar', 255, 0, '0', NULL, NULL, NULL, '0', 100, '0', '0');
INSERT INTO `data_column` VALUES ('demo_line', 'icf_time', '时间', 'datetime', 0, 0, '0', NULL, NULL, NULL, '0', 100, '0', '0');
INSERT INTO `data_column` VALUES ('demo_line', 'icf_voltage', '电压', 'double', 22, 0, '0', NULL, NULL, NULL, '0', 100, '0', '0');
INSERT INTO `data_column` VALUES ('sys_depart_role', 'create_by', '创建人', 'varchar', 32, 0, '0', NULL, NULL, NULL, '0', 100, '0', '0');
INSERT INTO `data_column` VALUES ('sys_depart_role', 'create_time', '创建时间', 'datetime', 0, 0, '0', NULL, NULL, NULL, '0', 100, '0', '0');
INSERT INTO `data_column` VALUES ('sys_depart_role', 'depart_id', '部门id', 'varchar', 32, 0, '0', NULL, NULL, NULL, '0', 100, '0', '0');
INSERT INTO `data_column` VALUES ('sys_depart_role', 'description', '描述', 'varchar', 255, 0, '0', NULL, NULL, NULL, '0', 100, '0', '0');
INSERT INTO `data_column` VALUES ('sys_depart_role', 'id', '', 'varchar', 32, 0, '1', NULL, NULL, NULL, '0', 100, '0', '0');
INSERT INTO `data_column` VALUES ('sys_depart_role', 'role_code', '部门角色编码', 'varchar', 100, 0, '0', NULL, NULL, NULL, '0', 100, '0', '0');
INSERT INTO `data_column` VALUES ('sys_depart_role', 'role_name', '部门角色名称', 'varchar', 200, 0, '0', NULL, NULL, NULL, '0', 100, '0', '0');
INSERT INTO `data_column` VALUES ('sys_depart_role', 'update_by', '更新人', 'varchar', 32, 0, '0', NULL, NULL, NULL, '0', 100, '0', '0');
INSERT INTO `data_column` VALUES ('sys_depart_role', 'update_time', '更新时间', 'datetime', 0, 0, '0', NULL, NULL, NULL, '0', 100, '0', '0');
INSERT INTO `data_column` VALUES ('sys_depart_role_permission', 'data_rule_ids', '', 'varchar', 1000, 0, '0', NULL, NULL, NULL, '0', 100, '0', '0');
INSERT INTO `data_column` VALUES ('sys_depart_role_permission', 'depart_id', '部门id', 'varchar', 32, 0, '0', NULL, NULL, NULL, '0', 100, '0', '0');
INSERT INTO `data_column` VALUES ('sys_depart_role_permission', 'id', '', 'varchar', 32, 0, '1', NULL, NULL, NULL, '0', 100, '0', '0');
INSERT INTO `data_column` VALUES ('sys_depart_role_permission', 'permission_id', '权限id', 'varchar', 32, 0, '0', NULL, NULL, NULL, '0', 100, '0', '0');
INSERT INTO `data_column` VALUES ('sys_depart_role_permission', 'role_id', '角色id', 'varchar', 32, 0, '0', NULL, NULL, NULL, '0', 100, '0', '0');
INSERT INTO `data_column` VALUES ('sys_depart_role_user', 'drole_id', '角色id', 'varchar', 32, 0, '0', NULL, NULL, NULL, '0', 100, '0', '0');
INSERT INTO `data_column` VALUES ('sys_depart_role_user', 'id', '主键id', 'varchar', 32, 0, '1', NULL, NULL, NULL, '0', 100, '0', '0');
INSERT INTO `data_column` VALUES ('sys_depart_role_user', 'user_id', '用户id', 'varchar', 32, 0, '0', NULL, NULL, NULL, '0', 100, '0', '0');
INSERT INTO `data_column` VALUES ('sys_dict', 'create_by', '创建人', 'varchar', 32, 0, '0', NULL, NULL, NULL, '0', 100, '0', '0');
INSERT INTO `data_column` VALUES ('sys_dict', 'create_time', '创建时间', 'datetime', 0, 0, '0', NULL, NULL, NULL, '0', 100, '0', '0');
INSERT INTO `data_column` VALUES ('sys_dict', 'del_flag', '删除状态', 'int', 10, 0, '0', NULL, NULL, NULL, '0', 100, '0', '0');
INSERT INTO `data_column` VALUES ('sys_dict', 'description', '描述', 'varchar', 255, 0, '0', NULL, NULL, NULL, '0', 100, '0', '0');
INSERT INTO `data_column` VALUES ('sys_dict', 'dict_code', '字典编码', 'varchar', 100, 0, '0', NULL, NULL, NULL, '0', 100, '0', '0');
INSERT INTO `data_column` VALUES ('sys_dict', 'dict_name', '字典名称', 'varchar', 100, 0, '0', NULL, NULL, NULL, '0', 100, '0', '0');
INSERT INTO `data_column` VALUES ('sys_dict', 'id', '', 'varchar', 32, 0, '1', NULL, NULL, NULL, '0', 100, '0', '0');
INSERT INTO `data_column` VALUES ('sys_dict', 'type', '字典类型0为string,1为number', 'int', 10, 0, '0', NULL, NULL, NULL, '0', 100, '0', '0');
INSERT INTO `data_column` VALUES ('sys_dict', 'update_by', '更新人', 'varchar', 32, 0, '0', NULL, NULL, NULL, '0', 100, '0', '0');
INSERT INTO `data_column` VALUES ('sys_dict', 'update_time', '更新时间', 'datetime', 0, 0, '0', NULL, NULL, NULL, '0', 100, '0', '0');
INSERT INTO `data_column` VALUES ('sys_dict_item', 'create_by', '', 'varchar', 32, 0, '0', NULL, NULL, NULL, '0', 100, '0', '0');
INSERT INTO `data_column` VALUES ('sys_dict_item', 'create_time', '', 'datetime', 0, 0, '0', NULL, NULL, NULL, '0', 100, '0', '0');
INSERT INTO `data_column` VALUES ('sys_dict_item', 'description', '描述', 'varchar', 255, 0, '0', NULL, NULL, NULL, '0', 100, '0', '0');
INSERT INTO `data_column` VALUES ('sys_dict_item', 'dict_id', '字典id', 'varchar', 32, 0, '0', NULL, NULL, NULL, '0', 100, '0', '0');
INSERT INTO `data_column` VALUES ('sys_dict_item', 'id', '', 'varchar', 32, 0, '1', NULL, NULL, NULL, '0', 100, '0', '0');
INSERT INTO `data_column` VALUES ('sys_dict_item', 'item_text', '字典项文本', 'varchar', 100, 0, '0', NULL, NULL, NULL, '0', 100, '0', '0');
INSERT INTO `data_column` VALUES ('sys_dict_item', 'item_value', '字典项值', 'varchar', 100, 0, '0', NULL, NULL, NULL, '0', 100, '0', '0');
INSERT INTO `data_column` VALUES ('sys_dict_item', 'sort_order', '排序', 'int', 10, 0, '0', NULL, NULL, NULL, '0', 100, '0', '0');
INSERT INTO `data_column` VALUES ('sys_dict_item', 'status', '状态（1启用 0不启用）', 'int', 10, 0, '0', NULL, NULL, NULL, '0', 100, '0', '0');
INSERT INTO `data_column` VALUES ('sys_dict_item', 'update_by', '', 'varchar', 32, 0, '0', NULL, NULL, NULL, '0', 100, '0', '0');
INSERT INTO `data_column` VALUES ('sys_dict_item', 'update_time', '', 'datetime', 0, 0, '0', NULL, NULL, NULL, '0', 100, '0', '0');
INSERT INTO `data_column` VALUES ('sys_fill_rule', 'create_by', '创建人', 'varchar', 32, 0, '0', NULL, NULL, NULL, '0', 100, '0', '0');
INSERT INTO `data_column` VALUES ('sys_fill_rule', 'create_time', '创建时间', 'datetime', 0, 0, '0', NULL, NULL, NULL, '0', 100, '0', '0');
INSERT INTO `data_column` VALUES ('sys_fill_rule', 'id', '主键ID', 'varchar', 32, 0, '1', NULL, NULL, NULL, '0', 100, '0', '0');
INSERT INTO `data_column` VALUES ('sys_fill_rule', 'rule_class', '规则实现类', 'varchar', 100, 0, '0', NULL, NULL, NULL, '0', 100, '0', '0');
INSERT INTO `data_column` VALUES ('sys_fill_rule', 'rule_code', '规则Code', 'varchar', 100, 0, '0', NULL, NULL, NULL, '0', 100, '0', '0');
INSERT INTO `data_column` VALUES ('sys_fill_rule', 'rule_name', '规则名称', 'varchar', 100, 0, '0', NULL, NULL, NULL, '0', 100, '0', '0');
INSERT INTO `data_column` VALUES ('sys_fill_rule', 'rule_params', '规则参数', 'varchar', 200, 0, '0', NULL, NULL, NULL, '0', 100, '0', '0');
INSERT INTO `data_column` VALUES ('sys_fill_rule', 'update_by', '修改人', 'varchar', 32, 0, '0', NULL, NULL, NULL, '0', 100, '0', '0');
INSERT INTO `data_column` VALUES ('sys_fill_rule', 'update_time', '修改时间', 'datetime', 0, 0, '0', NULL, NULL, NULL, '0', 100, '0', '0');
INSERT INTO `data_column` VALUES ('sys_generate', 'content', '内容', 'text', 65535, 0, '0', NULL, NULL, NULL, '0', 100, '0', '0');
INSERT INTO `data_column` VALUES ('sys_generate', 'create_by', '创建人', 'varchar', 20, 0, '0', NULL, NULL, NULL, '0', 100, '0', '0');
INSERT INTO `data_column` VALUES ('sys_generate', 'create_time', '创建日期', 'datetime', 0, 0, '0', NULL, NULL, NULL, '0', 100, '0', '0');
INSERT INTO `data_column` VALUES ('sys_generate', 'description', '表描述', 'varchar', 200, 0, '0', NULL, NULL, NULL, '0', 100, '0', '0');
INSERT INTO `data_column` VALUES ('sys_generate', 'form_style', '显示样式', 'varchar', 50, 0, '0', NULL, NULL, NULL, '0', 100, '0', '0');
INSERT INTO `data_column` VALUES ('sys_generate', 'form_type', '表单风格', 'varchar', 50, 0, '0', NULL, NULL, NULL, '0', 100, '0', '0');
INSERT INTO `data_column` VALUES ('sys_generate', 'id', '编号', 'varchar', 50, 0, '1', NULL, NULL, NULL, '0', 100, '0', '0');
INSERT INTO `data_column` VALUES ('sys_generate', 'id_sequence', '主键生成序列', 'varchar', 200, 0, '0', NULL, NULL, NULL, '0', 100, '0', '0');
INSERT INTO `data_column` VALUES ('sys_generate', 'id_type', '主键类型 timestamp时间戳序列 uid UID input 手工输入', 'varchar', 100, 0, '0', NULL, NULL, NULL, '0', 100, '0', '0');
INSERT INTO `data_column` VALUES ('sys_generate', 'is_page', '是否分页', 'varchar', 5, 0, '0', NULL, NULL, NULL, '0', 100, '0', '0');
INSERT INTO `data_column` VALUES ('sys_generate', 'is_simple_query', '是否简单查询', 'varchar', 1, 0, '0', NULL, NULL, NULL, '0', 100, '0', '0');
INSERT INTO `data_column` VALUES ('sys_generate', 'is_sync', '同步数据库状态', 'varchar', 1, 0, '0', NULL, NULL, NULL, '0', 100, '0', '0');
INSERT INTO `data_column` VALUES ('sys_generate', 'is_tree', '是否是树', 'varchar', 5, 0, '0', NULL, NULL, NULL, '0', 100, '0', '0');
INSERT INTO `data_column` VALUES ('sys_generate', 'main_table', '主表', 'varchar', 200, 0, '0', NULL, NULL, NULL, '0', 100, '0', '0');
INSERT INTO `data_column` VALUES ('sys_generate', 'name', '表名', 'varchar', 200, 0, '0', NULL, NULL, NULL, '0', 100, '0', '0');
INSERT INTO `data_column` VALUES ('sys_generate', 'relation_type', '映射关系 oneToMany一对多  oneToOne一对一', 'varchar', 50, 0, '0', NULL, NULL, NULL, '0', 100, '0', '0');
INSERT INTO `data_column` VALUES ('sys_generate', 'slave_table', '从表', 'varchar', 200, 0, '0', NULL, NULL, NULL, '0', 100, '0', '0');
INSERT INTO `data_column` VALUES ('sys_generate', 'sub_table_str', '子表', 'varchar', 1000, 0, '0', NULL, NULL, NULL, '0', 100, '0', '0');
INSERT INTO `data_column` VALUES ('sys_generate', 'sys_org_code', '所属部门', 'varchar', 64, 0, '0', NULL, NULL, NULL, '0', 100, '0', '0');
INSERT INTO `data_column` VALUES ('sys_generate', 'table_type', '表类型:single单表、main主表、slave附表、catalog分类', 'varchar', 50, 0, '0', NULL, NULL, NULL, '0', 100, '0', '0');
INSERT INTO `data_column` VALUES ('sys_generate', 'tab_order_num', '附表排序序号', 'int', 10, 0, '0', NULL, NULL, NULL, '0', 100, '0', '0');
INSERT INTO `data_column` VALUES ('sys_generate', 'tree_name_field', '树名称字段', 'varchar', 50, 0, '0', NULL, NULL, NULL, '0', 100, '0', '0');
INSERT INTO `data_column` VALUES ('sys_generate', 'tree_pid', '树PID', 'varchar', 50, 0, '0', NULL, NULL, NULL, '0', 100, '0', '0');
INSERT INTO `data_column` VALUES ('sys_generate', 'update_by', '更新人', 'varchar', 20, 0, '0', NULL, NULL, NULL, '0', 100, '0', '0');
INSERT INTO `data_column` VALUES ('sys_generate', 'update_time', '更新日期', 'datetime', 0, 0, '0', NULL, NULL, NULL, '0', 100, '0', '0');
INSERT INTO `data_column` VALUES ('sys_log', 'cost_time', '耗时', 'bigint', 19, 0, '0', NULL, NULL, NULL, '0', 100, '0', '0');
INSERT INTO `data_column` VALUES ('sys_log', 'create_by', '创建人', 'varchar', 32, 0, '0', NULL, NULL, NULL, '0', 100, '0', '0');
INSERT INTO `data_column` VALUES ('sys_log', 'create_time', '创建时间', 'datetime', 0, 0, '0', NULL, NULL, NULL, '0', 100, '0', '0');
INSERT INTO `data_column` VALUES ('sys_log', 'id', '', 'varchar', 32, 0, '1', NULL, NULL, NULL, '0', 100, '0', '0');
INSERT INTO `data_column` VALUES ('sys_log', 'ip', 'IP', 'varchar', 100, 0, '0', NULL, NULL, NULL, '0', 100, '0', '0');
INSERT INTO `data_column` VALUES ('sys_log', 'log_content', '日志内容', 'varchar', 1000, 0, '0', NULL, NULL, NULL, '0', 100, '0', '0');
INSERT INTO `data_column` VALUES ('sys_log', 'log_type', '日志类型（1登录日志，2操作日志）', 'int', 10, 0, '0', NULL, NULL, NULL, '0', 100, '0', '0');
INSERT INTO `data_column` VALUES ('sys_log', 'method', '请求java方法', 'varchar', 500, 0, '0', NULL, NULL, NULL, '0', 100, '0', '0');
INSERT INTO `data_column` VALUES ('sys_log', 'operate_type', '操作类型', 'int', 10, 0, '0', NULL, NULL, NULL, '0', 100, '0', '0');
INSERT INTO `data_column` VALUES ('sys_log', 'request_param', '请求参数', 'longtext', 0, 0, '0', NULL, NULL, NULL, '0', 100, '0', '0');
INSERT INTO `data_column` VALUES ('sys_log', 'request_type', '请求类型', 'varchar', 10, 0, '0', NULL, NULL, NULL, '0', 100, '0', '0');
INSERT INTO `data_column` VALUES ('sys_log', 'request_url', '请求路径', 'varchar', 255, 0, '0', NULL, NULL, NULL, '0', 100, '0', '0');
INSERT INTO `data_column` VALUES ('sys_log', 'update_by', '更新人', 'varchar', 32, 0, '0', NULL, NULL, NULL, '0', 100, '0', '0');
INSERT INTO `data_column` VALUES ('sys_log', 'update_time', '更新时间', 'datetime', 0, 0, '0', NULL, NULL, NULL, '0', 100, '0', '0');
INSERT INTO `data_column` VALUES ('sys_log', 'userid', '操作用户账号', 'varchar', 32, 0, '0', NULL, NULL, NULL, '0', 100, '0', '0');
INSERT INTO `data_column` VALUES ('sys_log', 'username', '操作用户名称', 'varchar', 100, 0, '0', NULL, NULL, NULL, '0', 100, '0', '0');
INSERT INTO `data_column` VALUES ('sys_permission', 'always_show', '聚合子路由: 1是0否', 'tinyint', 3, 0, '0', NULL, NULL, NULL, '0', 100, '0', '0');
INSERT INTO `data_column` VALUES ('sys_permission', 'component', '组件', 'varchar', 255, 0, '0', NULL, NULL, NULL, '0', 100, '0', '0');
INSERT INTO `data_column` VALUES ('sys_permission', 'component_name', '组件名字', 'varchar', 100, 0, '0', NULL, NULL, NULL, '0', 100, '0', '0');
INSERT INTO `data_column` VALUES ('sys_permission', 'create_by', '创建人', 'varchar', 32, 0, '0', NULL, NULL, NULL, '0', 100, '0', '0');
INSERT INTO `data_column` VALUES ('sys_permission', 'create_time', '创建时间', 'datetime', 0, 0, '0', NULL, NULL, NULL, '0', 100, '0', '0');
INSERT INTO `data_column` VALUES ('sys_permission', 'del_flag', '删除状态 0正常 1已删除', 'int', 10, 0, '0', NULL, NULL, NULL, '0', 100, '0', '0');
INSERT INTO `data_column` VALUES ('sys_permission', 'description', '描述', 'varchar', 255, 0, '0', NULL, NULL, NULL, '0', 100, '0', '0');
INSERT INTO `data_column` VALUES ('sys_permission', 'hidden', '是否隐藏路由: 0否,1是', 'int', 10, 0, '0', NULL, NULL, NULL, '0', 100, '0', '0');
INSERT INTO `data_column` VALUES ('sys_permission', 'icon', '菜单图标', 'varchar', 100, 0, '0', NULL, NULL, NULL, '0', 100, '0', '0');
INSERT INTO `data_column` VALUES ('sys_permission', 'id', '主键id', 'varchar', 32, 0, '1', NULL, NULL, NULL, '0', 100, '0', '0');
INSERT INTO `data_column` VALUES ('sys_permission', 'internal_or_external', '外链菜单打开方式 0/内部打开 1/外部打开', 'tinyint', 3, 0, '0', NULL, NULL, NULL, '0', 100, '0', '0');
INSERT INTO `data_column` VALUES ('sys_permission', 'is_leaf', '是否叶子节点:    1:是   0:不是', 'tinyint', 3, 0, '0', NULL, NULL, NULL, '0', 100, '0', '0');
INSERT INTO `data_column` VALUES ('sys_permission', 'is_route', '是否路由菜单: 0:不是  1:是（默认值1）', 'tinyint', 3, 0, '0', NULL, NULL, NULL, '0', 100, '0', '0');
INSERT INTO `data_column` VALUES ('sys_permission', 'keep_alive', '是否缓存该页面:    1:是   0:不是', 'tinyint', 3, 0, '0', NULL, NULL, NULL, '0', 100, '0', '0');
INSERT INTO `data_column` VALUES ('sys_permission', 'menu_type', '菜单类型(0:一级菜单; 1:子菜单:2:按钮权限)', 'int', 10, 0, '0', NULL, NULL, NULL, '0', 100, '0', '0');
INSERT INTO `data_column` VALUES ('sys_permission', 'name', '菜单标题', 'varchar', 100, 0, '0', NULL, NULL, NULL, '0', 100, '0', '0');
INSERT INTO `data_column` VALUES ('sys_permission', 'parent_id', '父id', 'varchar', 32, 0, '0', NULL, NULL, NULL, '0', 100, '0', '0');
INSERT INTO `data_column` VALUES ('sys_permission', 'perms', '菜单权限编码', 'varchar', 255, 0, '0', NULL, NULL, NULL, '0', 100, '0', '0');
INSERT INTO `data_column` VALUES ('sys_permission', 'perms_type', '权限策略1显示2禁用', 'varchar', 10, 0, '0', NULL, NULL, NULL, '0', 100, '0', '0');
INSERT INTO `data_column` VALUES ('sys_permission', 'redirect', '一级菜单跳转地址', 'varchar', 255, 0, '0', NULL, NULL, NULL, '0', 100, '0', '0');
INSERT INTO `data_column` VALUES ('sys_permission', 'rule_flag', '是否添加数据权限1是0否', 'int', 10, 0, '0', NULL, NULL, NULL, '0', 100, '0', '0');
INSERT INTO `data_column` VALUES ('sys_permission', 'sort_no', '菜单排序', 'double', 8, 2, '0', NULL, NULL, NULL, '0', 100, '0', '0');
INSERT INTO `data_column` VALUES ('sys_permission', 'status', '按钮权限状态(0无效1有效)', 'varchar', 2, 0, '0', NULL, NULL, NULL, '0', 100, '0', '0');
INSERT INTO `data_column` VALUES ('sys_permission', 'update_by', '更新人', 'varchar', 32, 0, '0', NULL, NULL, NULL, '0', 100, '0', '0');
INSERT INTO `data_column` VALUES ('sys_permission', 'update_time', '更新时间', 'datetime', 0, 0, '0', NULL, NULL, NULL, '0', 100, '0', '0');
INSERT INTO `data_column` VALUES ('sys_permission', 'url', '路径', 'varchar', 255, 0, '0', NULL, NULL, NULL, '0', 100, '0', '0');
INSERT INTO `data_column` VALUES ('sys_permission_data_rule', 'create_by', '', 'varchar', 32, 0, '0', NULL, NULL, NULL, '0', 100, '0', '0');
INSERT INTO `data_column` VALUES ('sys_permission_data_rule', 'create_time', '创建时间', 'datetime', 0, 0, '0', NULL, NULL, NULL, '0', 100, '0', '0');
INSERT INTO `data_column` VALUES ('sys_permission_data_rule', 'id', 'ID', 'varchar', 32, 0, '1', NULL, NULL, NULL, '0', 100, '0', '0');
INSERT INTO `data_column` VALUES ('sys_permission_data_rule', 'permission_id', '菜单ID', 'varchar', 32, 0, '0', NULL, NULL, NULL, '0', 100, '0', '0');
INSERT INTO `data_column` VALUES ('sys_permission_data_rule', 'rule_column', '字段', 'varchar', 50, 0, '0', NULL, NULL, NULL, '0', 100, '0', '0');
INSERT INTO `data_column` VALUES ('sys_permission_data_rule', 'rule_conditions', '条件', 'varchar', 50, 0, '0', NULL, NULL, NULL, '0', 100, '0', '0');
INSERT INTO `data_column` VALUES ('sys_permission_data_rule', 'rule_name', '规则名称', 'varchar', 50, 0, '0', NULL, NULL, NULL, '0', 100, '0', '0');
INSERT INTO `data_column` VALUES ('sys_permission_data_rule', 'rule_value', '规则值', 'varchar', 300, 0, '0', NULL, NULL, NULL, '0', 100, '0', '0');
INSERT INTO `data_column` VALUES ('sys_permission_data_rule', 'status', '权限有效状态1有0否', 'varchar', 3, 0, '0', NULL, NULL, NULL, '0', 100, '0', '0');
INSERT INTO `data_column` VALUES ('sys_permission_data_rule', 'update_by', '修改人', 'varchar', 32, 0, '0', NULL, NULL, NULL, '0', 100, '0', '0');
INSERT INTO `data_column` VALUES ('sys_permission_data_rule', 'update_time', '修改时间', 'datetime', 0, 0, '0', NULL, NULL, NULL, '0', 100, '0', '0');
INSERT INTO `data_column` VALUES ('sys_position', 'code', '职务编码', 'varchar', 100, 0, '0', NULL, NULL, NULL, '0', 100, '0', '0');
INSERT INTO `data_column` VALUES ('sys_position', 'company_id', '公司id', 'varchar', 255, 0, '0', NULL, NULL, NULL, '0', 100, '0', '0');
INSERT INTO `data_column` VALUES ('sys_position', 'create_by', '创建人', 'varchar', 50, 0, '0', NULL, NULL, NULL, '0', 100, '0', '0');
INSERT INTO `data_column` VALUES ('sys_position', 'create_time', '创建时间', 'datetime', 0, 0, '0', NULL, NULL, NULL, '0', 100, '0', '0');
INSERT INTO `data_column` VALUES ('sys_position', 'id', '', 'varchar', 32, 0, '1', NULL, NULL, NULL, '0', 100, '0', '0');
INSERT INTO `data_column` VALUES ('sys_position', 'name', '职务名称', 'varchar', 100, 0, '0', NULL, NULL, NULL, '0', 100, '0', '0');
INSERT INTO `data_column` VALUES ('sys_position', 'post_rank', '职级', 'varchar', 2, 0, '0', NULL, NULL, NULL, '0', 100, '0', '0');
INSERT INTO `data_column` VALUES ('sys_position', 'sys_org_code', '组织机构编码', 'varchar', 50, 0, '0', NULL, NULL, NULL, '0', 100, '0', '0');
INSERT INTO `data_column` VALUES ('sys_position', 'update_by', '修改人', 'varchar', 50, 0, '0', NULL, NULL, NULL, '0', 100, '0', '0');
INSERT INTO `data_column` VALUES ('sys_position', 'update_time', '修改时间', 'datetime', 0, 0, '0', NULL, NULL, NULL, '0', 100, '0', '0');
INSERT INTO `data_column` VALUES ('sys_quartz_job', 'create_by', '创建人', 'varchar', 32, 0, '0', NULL, NULL, NULL, '0', 100, '0', '0');
INSERT INTO `data_column` VALUES ('sys_quartz_job', 'create_time', '创建时间', 'datetime', 0, 0, '0', NULL, NULL, NULL, '0', 100, '0', '0');
INSERT INTO `data_column` VALUES ('sys_quartz_job', 'cron_expression', 'cron表达式', 'varchar', 255, 0, '0', NULL, NULL, NULL, '0', 100, '0', '0');
INSERT INTO `data_column` VALUES ('sys_quartz_job', 'del_flag', '删除状态', 'int', 10, 0, '0', NULL, NULL, NULL, '0', 100, '0', '0');
INSERT INTO `data_column` VALUES ('sys_quartz_job', 'description', '描述', 'varchar', 255, 0, '0', NULL, NULL, NULL, '0', 100, '0', '0');
INSERT INTO `data_column` VALUES ('sys_quartz_job', 'id', '', 'varchar', 32, 0, '1', NULL, NULL, NULL, '0', 100, '0', '0');
INSERT INTO `data_column` VALUES ('sys_quartz_job', 'job_class_name', '任务类名', 'varchar', 255, 0, '0', NULL, NULL, NULL, '0', 100, '0', '0');
INSERT INTO `data_column` VALUES ('sys_quartz_job', 'parameter', '参数', 'varchar', 255, 0, '0', NULL, NULL, NULL, '0', 100, '0', '0');
INSERT INTO `data_column` VALUES ('sys_quartz_job', 'status', '状态 0正常 -1停止', 'int', 10, 0, '0', NULL, NULL, NULL, '0', 100, '0', '0');
INSERT INTO `data_column` VALUES ('sys_quartz_job', 'update_by', '修改人', 'varchar', 32, 0, '0', NULL, NULL, NULL, '0', 100, '0', '0');
INSERT INTO `data_column` VALUES ('sys_quartz_job', 'update_time', '修改时间', 'datetime', 0, 0, '0', NULL, NULL, NULL, '0', 100, '0', '0');
INSERT INTO `data_column` VALUES ('sys_role', 'create_by', '创建人', 'varchar', 32, 0, '0', NULL, NULL, NULL, '0', 100, '0', '0');
INSERT INTO `data_column` VALUES ('sys_role', 'create_time', '创建时间', 'datetime', 0, 0, '0', NULL, NULL, NULL, '0', 100, '0', '0');
INSERT INTO `data_column` VALUES ('sys_role', 'description', '描述', 'varchar', 255, 0, '0', NULL, NULL, NULL, '0', 100, '0', '0');
INSERT INTO `data_column` VALUES ('sys_role', 'id', '主键id', 'varchar', 32, 0, '1', NULL, NULL, NULL, '0', 100, '0', '0');
INSERT INTO `data_column` VALUES ('sys_role', 'role_code', '角色编码', 'varchar', 100, 0, '0', NULL, NULL, NULL, '0', 100, '0', '0');
INSERT INTO `data_column` VALUES ('sys_role', 'role_name', '角色名称', 'varchar', 200, 0, '0', NULL, NULL, NULL, '0', 100, '0', '0');
INSERT INTO `data_column` VALUES ('sys_role', 'update_by', '更新人', 'varchar', 32, 0, '0', NULL, NULL, NULL, '0', 100, '0', '0');
INSERT INTO `data_column` VALUES ('sys_role', 'update_time', '更新时间', 'datetime', 0, 0, '0', NULL, NULL, NULL, '0', 100, '0', '0');
INSERT INTO `data_column` VALUES ('sys_role_permission', 'data_rule_ids', '', 'varchar', 1000, 0, '0', NULL, NULL, NULL, '0', 100, '0', '0');
INSERT INTO `data_column` VALUES ('sys_role_permission', 'id', '', 'varchar', 32, 0, '1', NULL, NULL, NULL, '0', 100, '0', '0');
INSERT INTO `data_column` VALUES ('sys_role_permission', 'permission_id', '权限id', 'varchar', 32, 0, '0', NULL, NULL, NULL, '0', 100, '0', '0');
INSERT INTO `data_column` VALUES ('sys_role_permission', 'role_id', '角色id', 'varchar', 32, 0, '0', NULL, NULL, NULL, '0', 100, '0', '0');
INSERT INTO `data_column` VALUES ('sys_sms_template', 'create_by', '创建人登录名称', 'varchar', 32, 0, '0', NULL, NULL, NULL, '0', 100, '0', '0');
INSERT INTO `data_column` VALUES ('sys_sms_template', 'create_time', '创建日期', 'datetime', 0, 0, '0', NULL, NULL, NULL, '0', 100, '0', '0');
INSERT INTO `data_column` VALUES ('sys_sms_template', 'id', '主键', 'varchar', 32, 0, '1', NULL, NULL, NULL, '0', 100, '0', '0');
INSERT INTO `data_column` VALUES ('sys_sms_template', 'template_code', '模板CODE', 'varchar', 32, 0, '0', NULL, NULL, NULL, '0', 100, '0', '0');
INSERT INTO `data_column` VALUES ('sys_sms_template', 'template_content', '模板内容', 'varchar', 1000, 0, '0', NULL, NULL, NULL, '0', 100, '0', '0');
INSERT INTO `data_column` VALUES ('sys_sms_template', 'template_name', '模板标题', 'varchar', 50, 0, '0', NULL, NULL, NULL, '0', 100, '0', '0');
INSERT INTO `data_column` VALUES ('sys_sms_template', 'template_test_json', '模板测试json', 'varchar', 1000, 0, '0', NULL, NULL, NULL, '0', 100, '0', '0');
INSERT INTO `data_column` VALUES ('sys_sms_template', 'template_type', '模板类型：1短信 2邮件 3微信', 'varchar', 1, 0, '0', NULL, NULL, NULL, '0', 100, '0', '0');
INSERT INTO `data_column` VALUES ('sys_sms_template', 'update_by', '更新人登录名称', 'varchar', 32, 0, '0', NULL, NULL, NULL, '0', 100, '0', '0');
INSERT INTO `data_column` VALUES ('sys_sms_template', 'update_time', '更新日期', 'datetime', 0, 0, '0', NULL, NULL, NULL, '0', 100, '0', '0');
INSERT INTO `data_column` VALUES ('sys_user', 'activiti_sync', '同步工作流引擎(1-同步,0-不同步)', 'tinyint', 3, 0, '0', NULL, NULL, NULL, '0', 100, '0', '0');
INSERT INTO `data_column` VALUES ('sys_user', 'avatar', '头像', 'varchar', 255, 0, '0', NULL, NULL, NULL, '0', 100, '0', '0');
INSERT INTO `data_column` VALUES ('sys_user', 'birthday', '生日', 'datetime', 0, 0, '0', NULL, NULL, NULL, '0', 100, '0', '0');
INSERT INTO `data_column` VALUES ('sys_user', 'create_by', '创建人', 'varchar', 32, 0, '0', NULL, NULL, NULL, '0', 100, '0', '0');
INSERT INTO `data_column` VALUES ('sys_user', 'create_time', '创建时间', 'datetime', 0, 0, '0', NULL, NULL, NULL, '0', 100, '0', '0');
INSERT INTO `data_column` VALUES ('sys_user', 'del_flag', '删除状态(0-正常,1-已删除)', 'tinyint', 3, 0, '0', NULL, NULL, NULL, '0', 100, '0', '0');
INSERT INTO `data_column` VALUES ('sys_user', 'depart_ids', '负责部门', 'longtext', 0, 0, '0', NULL, NULL, NULL, '0', 100, '0', '0');
INSERT INTO `data_column` VALUES ('sys_user', 'email', '电子邮件', 'varchar', 45, 0, '0', NULL, NULL, NULL, '0', 100, '0', '0');
INSERT INTO `data_column` VALUES ('sys_user', 'id', '主键id', 'varchar', 32, 0, '1', NULL, NULL, NULL, '0', 100, '0', '0');
INSERT INTO `data_column` VALUES ('sys_user', 'org_code', '机构编码', 'varchar', 64, 0, '0', NULL, NULL, NULL, '0', 100, '0', '0');
INSERT INTO `data_column` VALUES ('sys_user', 'password', '密码', 'varchar', 255, 0, '0', NULL, NULL, NULL, '0', 100, '0', '0');
INSERT INTO `data_column` VALUES ('sys_user', 'phone', '电话', 'varchar', 45, 0, '0', NULL, NULL, NULL, '0', 100, '0', '0');
INSERT INTO `data_column` VALUES ('sys_user', 'post', '职务，关联职务表', 'varchar', 100, 0, '0', NULL, NULL, NULL, '0', 100, '0', '0');
INSERT INTO `data_column` VALUES ('sys_user', 'realname', '真实姓名', 'varchar', 100, 0, '0', NULL, NULL, NULL, '0', 100, '0', '0');
INSERT INTO `data_column` VALUES ('sys_user', 'salt', 'md5密码盐', 'varchar', 45, 0, '0', NULL, NULL, NULL, '0', 100, '0', '0');
INSERT INTO `data_column` VALUES ('sys_user', 'sex', '性别(0-默认未知,1-男,2-女)', 'tinyint', 3, 0, '0', NULL, NULL, NULL, '0', 100, '0', '0');
INSERT INTO `data_column` VALUES ('sys_user', 'status', '性别(1-正常,2-冻结)', 'tinyint', 3, 0, '0', NULL, NULL, NULL, '0', 100, '0', '0');
INSERT INTO `data_column` VALUES ('sys_user', 'telephone', '座机号', 'varchar', 45, 0, '0', NULL, NULL, NULL, '0', 100, '0', '0');
INSERT INTO `data_column` VALUES ('sys_user', 'third_id', '第三方登录的唯一标识', 'varchar', 100, 0, '0', NULL, NULL, NULL, '0', 100, '0', '0');
INSERT INTO `data_column` VALUES ('sys_user', 'third_type', '第三方类型', 'varchar', 100, 0, '0', NULL, NULL, NULL, '0', 100, '0', '0');
INSERT INTO `data_column` VALUES ('sys_user', 'update_by', '更新人', 'varchar', 32, 0, '0', NULL, NULL, NULL, '0', 100, '0', '0');
INSERT INTO `data_column` VALUES ('sys_user', 'update_time', '更新时间', 'datetime', 0, 0, '0', NULL, NULL, NULL, '0', 100, '0', '0');
INSERT INTO `data_column` VALUES ('sys_user', 'username', '登录账号', 'varchar', 100, 0, '0', NULL, NULL, NULL, '0', 100, '0', '0');
INSERT INTO `data_column` VALUES ('sys_user', 'user_identity', '身份（1普通成员 2上级）', 'tinyint', 3, 0, '0', NULL, NULL, NULL, '0', 100, '0', '0');
INSERT INTO `data_column` VALUES ('sys_user', 'work_no', '工号，唯一键', 'varchar', 100, 0, '0', NULL, NULL, NULL, '0', 100, '0', '0');
INSERT INTO `data_column` VALUES ('sys_user_agent', 'agent_user_name', '代理人用户名', 'varchar', 100, 0, '0', NULL, NULL, NULL, '0', 100, '0', '0');
INSERT INTO `data_column` VALUES ('sys_user_agent', 'create_by', '创建人登录名称', 'varchar', 50, 0, '0', NULL, NULL, NULL, '0', 100, '0', '0');
INSERT INTO `data_column` VALUES ('sys_user_agent', 'create_name', '创建人名称', 'varchar', 50, 0, '0', NULL, NULL, NULL, '0', 100, '0', '0');
INSERT INTO `data_column` VALUES ('sys_user_agent', 'create_time', '创建日期', 'datetime', 0, 0, '0', NULL, NULL, NULL, '0', 100, '0', '0');
INSERT INTO `data_column` VALUES ('sys_user_agent', 'end_time', '代理结束时间', 'datetime', 0, 0, '0', NULL, NULL, NULL, '0', 100, '0', '0');
INSERT INTO `data_column` VALUES ('sys_user_agent', 'id', '序号', 'varchar', 32, 0, '1', NULL, NULL, NULL, '0', 100, '0', '0');
INSERT INTO `data_column` VALUES ('sys_user_agent', 'start_time', '代理开始时间', 'datetime', 0, 0, '0', NULL, NULL, NULL, '0', 100, '0', '0');
INSERT INTO `data_column` VALUES ('sys_user_agent', 'status', '状态0无效1有效', 'varchar', 2, 0, '0', NULL, NULL, NULL, '0', 100, '0', '0');
INSERT INTO `data_column` VALUES ('sys_user_agent', 'sys_company_code', '所属公司', 'varchar', 50, 0, '0', NULL, NULL, NULL, '0', 100, '0', '0');
INSERT INTO `data_column` VALUES ('sys_user_agent', 'sys_org_code', '所属部门', 'varchar', 50, 0, '0', NULL, NULL, NULL, '0', 100, '0', '0');
INSERT INTO `data_column` VALUES ('sys_user_agent', 'update_by', '更新人登录名称', 'varchar', 50, 0, '0', NULL, NULL, NULL, '0', 100, '0', '0');
INSERT INTO `data_column` VALUES ('sys_user_agent', 'update_name', '更新人名称', 'varchar', 50, 0, '0', NULL, NULL, NULL, '0', 100, '0', '0');
INSERT INTO `data_column` VALUES ('sys_user_agent', 'update_time', '更新日期', 'datetime', 0, 0, '0', NULL, NULL, NULL, '0', 100, '0', '0');
INSERT INTO `data_column` VALUES ('sys_user_agent', 'user_name', '用户名', 'varchar', 100, 0, '0', NULL, NULL, NULL, '0', 100, '0', '0');
INSERT INTO `data_column` VALUES ('sys_user_depart', 'dep_id', '部门id', 'varchar', 32, 0, '0', NULL, NULL, NULL, '0', 100, '0', '0');
INSERT INTO `data_column` VALUES ('sys_user_depart', 'id', 'id', 'varchar', 32, 0, '1', NULL, NULL, NULL, '0', 100, '0', '0');
INSERT INTO `data_column` VALUES ('sys_user_depart', 'user_id', '用户id', 'varchar', 32, 0, '0', NULL, NULL, NULL, '0', 100, '0', '0');
INSERT INTO `data_column` VALUES ('sys_user_role', 'id', '主键id', 'varchar', 32, 0, '1', NULL, NULL, NULL, '0', 100, '0', '0');
INSERT INTO `data_column` VALUES ('sys_user_role', 'role_id', '角色id', 'varchar', 32, 0, '0', NULL, NULL, NULL, '0', 100, '0', '0');
INSERT INTO `data_column` VALUES ('sys_user_role', 'user_id', '用户id', 'varchar', 32, 0, '0', NULL, NULL, NULL, '0', 100, '0', '0');

-- ----------------------------
-- Table structure for data_entity
-- ----------------------------
DROP TABLE IF EXISTS `data_entity`;
CREATE TABLE `data_entity`  (
  `id` varchar(100) CHARACTER SET gbk COLLATE gbk_chinese_ci NOT NULL DEFAULT '' COMMENT '表名',
  `name` varchar(100) CHARACTER SET gbk COLLATE gbk_chinese_ci NOT NULL DEFAULT '' COMMENT '中文名',
  `open_field` varchar(50) CHARACTER SET gbk COLLATE gbk_chinese_ci NULL DEFAULT NULL COMMENT '开窗字段',
  `close_field` varchar(50) CHARACTER SET gbk COLLATE gbk_chinese_ci NULL DEFAULT NULL COMMENT '闭窗字段',
  `datasize` int(11) NULL DEFAULT NULL COMMENT '数据量',
  `source` varchar(50) CHARACTER SET gbk COLLATE gbk_chinese_ci NULL DEFAULT NULL COMMENT '来源',
  PRIMARY KEY (`id`) USING BTREE
) ENGINE = InnoDB CHARACTER SET = utf8 COLLATE = utf8_general_ci COMMENT = '元数据实体' ROW_FORMAT = Dynamic;

-- ----------------------------
-- Records of data_entity
-- ----------------------------
INSERT INTO `data_entity` VALUES ('baby_study_log', '学习记录', NULL, NULL, NULL, NULL);
INSERT INTO `data_entity` VALUES ('baby_word', '字词', NULL, NULL, NULL, NULL);
INSERT INTO `data_entity` VALUES ('bi_report', '电子报告', NULL, NULL, NULL, NULL);
INSERT INTO `data_entity` VALUES ('bi_screen', '电子报告', NULL, NULL, NULL, NULL);
INSERT INTO `data_entity` VALUES ('bi_view', '视图', NULL, NULL, NULL, NULL);
INSERT INTO `data_entity` VALUES ('data_column', '元数据列', NULL, NULL, NULL, NULL);
INSERT INTO `data_entity` VALUES ('dddddd', '哒哒哒哒哒哒多多多', NULL, NULL, NULL, NULL);
INSERT INTO `data_entity` VALUES ('demo_book', '图书', NULL, NULL, NULL, NULL);
INSERT INTO `data_entity` VALUES ('demo_cost_stat', '故障人工工时分析', NULL, NULL, NULL, NULL);
INSERT INTO `data_entity` VALUES ('demo_line', '电压电流监控', NULL, NULL, NULL, NULL);
INSERT INTO `data_entity` VALUES ('sys_depart_role', '部门角色表', NULL, NULL, NULL, NULL);
INSERT INTO `data_entity` VALUES ('sys_depart_role_permission', '部门角色权限表', NULL, NULL, NULL, NULL);
INSERT INTO `data_entity` VALUES ('sys_depart_role_user', '部门角色用户表', NULL, NULL, NULL, NULL);
INSERT INTO `data_entity` VALUES ('sys_dict', '', NULL, NULL, NULL, NULL);
INSERT INTO `data_entity` VALUES ('sys_dict_item', '', NULL, NULL, NULL, NULL);
INSERT INTO `data_entity` VALUES ('sys_fill_rule', '', NULL, NULL, NULL, NULL);
INSERT INTO `data_entity` VALUES ('sys_generate', '代码生成', NULL, NULL, NULL, NULL);
INSERT INTO `data_entity` VALUES ('sys_log', '系统日志表', NULL, NULL, NULL, NULL);
INSERT INTO `data_entity` VALUES ('sys_permission', '菜单权限表', NULL, NULL, NULL, NULL);
INSERT INTO `data_entity` VALUES ('sys_permission_data_rule', '', NULL, NULL, NULL, NULL);
INSERT INTO `data_entity` VALUES ('sys_position', '', NULL, NULL, NULL, NULL);
INSERT INTO `data_entity` VALUES ('sys_quartz_job', '', NULL, NULL, NULL, NULL);
INSERT INTO `data_entity` VALUES ('sys_role', '角色表', NULL, NULL, NULL, NULL);
INSERT INTO `data_entity` VALUES ('sys_role_permission', '角色权限表', NULL, NULL, NULL, NULL);
INSERT INTO `data_entity` VALUES ('sys_sms_template', '', NULL, NULL, NULL, NULL);
INSERT INTO `data_entity` VALUES ('sys_user', '用户表', NULL, NULL, NULL, NULL);
INSERT INTO `data_entity` VALUES ('sys_user_agent', '用户代理人设置', NULL, NULL, NULL, NULL);
INSERT INTO `data_entity` VALUES ('sys_user_depart', '', NULL, NULL, NULL, NULL);
INSERT INTO `data_entity` VALUES ('sys_user_role', '用户角色表', NULL, NULL, NULL, NULL);

-- ----------------------------
-- Table structure for data_model
-- ----------------------------
DROP TABLE IF EXISTS `data_model`;
CREATE TABLE `data_model`  (
  `id` varchar(50) CHARACTER SET utf8mb4 COLLATE utf8mb4_general_ci NOT NULL COMMENT '编号',
  `name` varchar(200) CHARACTER SET utf8mb4 COLLATE utf8mb4_general_ci NOT NULL COMMENT '名称',
  `description` varchar(255) CHARACTER SET utf8mb4 COLLATE utf8mb4_general_ci NULL DEFAULT NULL COMMENT '描述',
  `status` varchar(50) CHARACTER SET utf8 COLLATE utf8_general_ci NULL DEFAULT NULL COMMENT '状态',
  `catalog_id` varchar(50) CHARACTER SET utf8mb4 COLLATE utf8mb4_general_ci NULL DEFAULT NULL COMMENT '目录编号',
  `config` longtext CHARACTER SET utf8mb4 COLLATE utf8mb4_general_ci NULL COMMENT '配置信息',
  `create_by` varchar(50) CHARACTER SET utf8 COLLATE utf8_general_ci NULL DEFAULT NULL COMMENT '创建人',
  `create_time` datetime(0) NULL DEFAULT NULL COMMENT '创建日期',
  `update_by` varchar(50) CHARACTER SET utf8 COLLATE utf8_general_ci NULL DEFAULT NULL COMMENT '修改人',
  `update_time` datetime(0) NULL DEFAULT NULL COMMENT '修改日期',
  PRIMARY KEY (`id`) USING BTREE
) ENGINE = InnoDB CHARACTER SET = utf8 COLLATE = utf8_general_ci COMMENT = '数据模型' ROW_FORMAT = Dynamic;

-- ----------------------------
-- Records of data_model
-- ----------------------------
INSERT INTO `data_model` VALUES ('1332701043745746945', '测试', NULL, NULL, '5fc266257bf5cff64e831615', '{\"id\":\"1332701043745746945\",\"stepList\":[{\"convert\":{\"columns\":\"\",\"condition\":\"\",\"convertList\":[],\"resultList\":[],\"selectList\":[],\"table\":\"\",\"tableName\":\"\",\"tableType\":\"step\",\"unselectList\":[]},\"description\":\"\",\"extract\":{\"columns\":\"\",\"condition\":\"\",\"count\":10,\"resultList\":[],\"selectList\":[],\"selectListSort\":[],\"sorts\":\"\",\"table\":\"\",\"tableName\":\"\",\"tableType\":\"step\",\"unselectList\":[],\"unselectListSort\":[]},\"id\":1,\"identifier\":{\"columns\":\"\",\"condition\":\"\",\"resultList\":[],\"selectList\":[],\"selectListSort\":[],\"sorts\":\"\",\"table\":\"\",\"tableName\":\"\",\"tableType\":\"step\",\"unselectList\":[],\"unselectListSort\":[]},\"join\":{\"columns\":\"\",\"conditionFilter\":\"\",\"conditionJoin\":\"\",\"conditionJoinList\":[],\"conditionMain\":\"\",\"conditionSlave\":\"\",\"joinType\":\"INNER JOIN\",\"resultList\":[],\"selectList\":[],\"selectListMain\":[],\"selectListSlave\":[],\"tableMain\":\"\",\"tableNameMain\":\"\",\"tableNameSlave\":\"\",\"tableSlave\":\"\",\"tableTypeMain\":\"step\",\"tableTypeSlave\":\"step\",\"unselectListMain\":[],\"unselectListSlave\":[]},\"layer\":{\"columns\":\"\",\"condition\":\"\",\"layerList\":[{\"index\":1},{\"index\":2},{\"index\":3},{\"index\":4},{\"index\":5},{\"index\":6},{\"index\":7},{\"index\":8},{\"index\":9},{\"index\":10},{\"index\":11},{\"index\":12},{\"index\":13},{\"index\":14},{\"index\":15},{\"index\":16}],\"resultList\":[],\"selectList\":[],\"table\":\"\",\"tableName\":\"\",\"tableType\":\"step\",\"unselectList\":[]},\"merge\":{\"columns\":\"\",\"condition\":\"\",\"isRepeatable\":false,\"mergeColumns\":\"\",\"mergeList\":[],\"resultList\":[],\"selectList\":[],\"table\":\"\",\"tableName\":\"\",\"tableType\":\"step\",\"unselectList\":[]},\"name\":\"11\",\"repeat\":{\"columns\":\"\",\"condition\":\"\",\"repeatType\":\"same\",\"resultList\":[],\"selectList\":[],\"table\":\"\",\"tableName\":\"\",\"tableType\":\"step\",\"unselectList\":[]},\"resultTable\":\"111\",\"saveResult\":true,\"select\":{\"columns\":\"create_by,create_time,id,name,pinyin,sort_order,sys_org_code,update_by,update_time\",\"condition\":\"\",\"resultList\":[{\"code\":\"create_by\",\"dataType\":\"bigint\",\"entity\":\"baby_word\",\"isAuthority\":\"0\",\"isKey\":\"0\",\"isSensitive\":\"0\",\"isValid\":\"0\",\"length\":19,\"name\":\"创建人\",\"scale\":0,\"sortOrder\":100},{\"code\":\"create_time\",\"dataType\":\"datetime\",\"entity\":\"baby_word\",\"isAuthority\":\"0\",\"isKey\":\"0\",\"isSensitive\":\"0\",\"isValid\":\"0\",\"length\":0,\"name\":\"创建日期\",\"scale\":0,\"sortOrder\":100},{\"code\":\"id\",\"dataType\":\"varchar\",\"entity\":\"baby_word\",\"isAuthority\":\"0\",\"isKey\":\"1\",\"isSensitive\":\"0\",\"isValid\":\"0\",\"length\":50,\"name\":\"编号\",\"scale\":0,\"sortOrder\":100},{\"code\":\"name\",\"dataType\":\"varchar\",\"entity\":\"baby_word\",\"isAuthority\":\"0\",\"isKey\":\"0\",\"isSensitive\":\"0\",\"isValid\":\"0\",\"length\":255,\"name\":\"名称\",\"scale\":0,\"sortOrder\":100},{\"code\":\"pinyin\",\"dataType\":\"varchar\",\"entity\":\"baby_word\",\"isAuthority\":\"0\",\"isKey\":\"0\",\"isSensitive\":\"0\",\"isValid\":\"0\",\"length\":255,\"name\":\"拼音\",\"scale\":0,\"sortOrder\":100},{\"code\":\"sort_order\",\"dataType\":\"int\",\"entity\":\"baby_word\",\"isAuthority\":\"0\",\"isKey\":\"0\",\"isSensitive\":\"0\",\"isValid\":\"0\",\"length\":10,\"name\":\"排序\",\"scale\":0,\"sortOrder\":100},{\"code\":\"sys_org_code\",\"dataType\":\"varchar\",\"entity\":\"baby_word\",\"isAuthority\":\"0\",\"isKey\":\"0\",\"isSensitive\":\"0\",\"isValid\":\"0\",\"length\":64,\"name\":\"所属部门\",\"scale\":0,\"sortOrder\":100},{\"code\":\"update_by\",\"dataType\":\"bigint\",\"entity\":\"baby_word\",\"isAuthority\":\"0\",\"isKey\":\"0\",\"isSensitive\":\"0\",\"isValid\":\"0\",\"length\":19,\"name\":\"修改人\",\"scale\":0,\"sortOrder\":100},{\"code\":\"update_time\",\"dataType\":\"datetime\",\"entity\":\"baby_word\",\"isAuthority\":\"0\",\"isKey\":\"0\",\"isSensitive\":\"0\",\"isValid\":\"0\",\"length\":0,\"name\":\"修改日期\",\"scale\":0,\"sortOrder\":100}],\"selectList\":[{\"code\":\"create_by\",\"dataType\":\"bigint\",\"entity\":\"baby_word\",\"isAuthority\":\"0\",\"isKey\":\"0\",\"isSensitive\":\"0\",\"isValid\":\"0\",\"length\":19,\"name\":\"创建人\",\"scale\":0,\"sortOrder\":100},{\"code\":\"create_time\",\"dataType\":\"datetime\",\"entity\":\"baby_word\",\"isAuthority\":\"0\",\"isKey\":\"0\",\"isSensitive\":\"0\",\"isValid\":\"0\",\"length\":0,\"name\":\"创建日期\",\"scale\":0,\"sortOrder\":100},{\"code\":\"id\",\"dataType\":\"varchar\",\"entity\":\"baby_word\",\"isAuthority\":\"0\",\"isKey\":\"1\",\"isSensitive\":\"0\",\"isValid\":\"0\",\"length\":50,\"name\":\"编号\",\"scale\":0,\"sortOrder\":100},{\"code\":\"name\",\"dataType\":\"varchar\",\"entity\":\"baby_word\",\"isAuthority\":\"0\",\"isKey\":\"0\",\"isSensitive\":\"0\",\"isValid\":\"0\",\"length\":255,\"name\":\"名称\",\"scale\":0,\"sortOrder\":100},{\"code\":\"pinyin\",\"dataType\":\"varchar\",\"entity\":\"baby_word\",\"isAuthority\":\"0\",\"isKey\":\"0\",\"isSensitive\":\"0\",\"isValid\":\"0\",\"length\":255,\"name\":\"拼音\",\"scale\":0,\"sortOrder\":100},{\"code\":\"sort_order\",\"dataType\":\"int\",\"entity\":\"baby_word\",\"isAuthority\":\"0\",\"isKey\":\"0\",\"isSensitive\":\"0\",\"isValid\":\"0\",\"length\":10,\"name\":\"排序\",\"scale\":0,\"sortOrder\":100},{\"code\":\"sys_org_code\",\"dataType\":\"varchar\",\"entity\":\"baby_word\",\"isAuthority\":\"0\",\"isKey\":\"0\",\"isSensitive\":\"0\",\"isValid\":\"0\",\"length\":64,\"name\":\"所属部门\",\"scale\":0,\"sortOrder\":100},{\"code\":\"update_by\",\"dataType\":\"bigint\",\"entity\":\"baby_word\",\"isAuthority\":\"0\",\"isKey\":\"0\",\"isSensitive\":\"0\",\"isValid\":\"0\",\"length\":19,\"name\":\"修改人\",\"scale\":0,\"sortOrder\":100},{\"code\":\"update_time\",\"dataType\":\"datetime\",\"entity\":\"baby_word\",\"isAuthority\":\"0\",\"isKey\":\"0\",\"isSensitive\":\"0\",\"isValid\":\"0\",\"length\":0,\"name\":\"修改日期\",\"scale\":0,\"sortOrder\":100}],\"table\":\"baby_word\",\"tableName\":\"字词\",\"tableType\":\"table\",\"unselectList\":[]},\"slice\":{\"columns\":\"\",\"condition\":\"\",\"resultList\":[],\"selectList\":[],\"sliceList\":[],\"sliceType\":\"week\",\"table\":\"\",\"tableName\":\"\",\"tableType\":\"step\",\"unselectList\":[],\"year\":2020},\"sort\":{\"columns\":\"\",\"condition\":\"\",\"resultList\":[],\"selectList\":[],\"selectListSort\":[],\"sorts\":\"\",\"table\":\"\",\"tableName\":\"\",\"tableType\":\"step\",\"unselectList\":[],\"unselectListSort\":[]},\"summary\":{\"columns\":\"\",\"condition\":\"\",\"count\":false,\"resultList\":[],\"selectList\":[],\"selectListSummary\":[],\"summarys\":\"\",\"table\":\"\",\"tableName\":\"\",\"tableType\":\"step\",\"unselectList\":[],\"unselectListSummary\":[]},\"type\":\"select\",\"unique\":{\"columns\":\"\",\"condition\":\"\",\"resultList\":[],\"selectList\":[],\"table\":\"\",\"tableName\":\"\",\"tableType\":\"step\",\"uniqueOneAllColumn\":false,\"unselectList\":[]}}]}', 'admin', '2020-11-28 23:01:04', 'admin', '2020-12-11 20:14:58');

-- ----------------------------
-- Table structure for demo_book
-- ----------------------------
DROP TABLE IF EXISTS `demo_book`;
CREATE TABLE `demo_book`  (
  `book_id` varchar(11) CHARACTER SET utf8 COLLATE utf8_general_ci NOT NULL COMMENT '图书编号',
  `book_name` varchar(200) CHARACTER SET utf8 COLLATE utf8_general_ci NOT NULL DEFAULT '' COMMENT '图书名称',
  `file_name` varchar(200) CHARACTER SET utf8 COLLATE utf8_general_ci NOT NULL DEFAULT '' COMMENT '文件名称',
  `sort_id` varchar(11) CHARACTER SET utf8 COLLATE utf8_general_ci NOT NULL COMMENT '目录编号',
  `order_no` int(11) NOT NULL COMMENT '排序号',
  PRIMARY KEY (`book_id`) USING BTREE
) ENGINE = MyISAM CHARACTER SET = utf8 CHECKSUM = 1 COLLATE = utf8_general_ci COMMENT = '图书' DELAY_KEY_WRITE = 1 ROW_FORMAT = Dynamic;

-- ----------------------------
-- Records of demo_book
-- ----------------------------
INSERT INTO `demo_book` VALUES ('1010001', '世界科技全景百卷书(1)原始科技', 'ts001001.pdf', '101', 1);
INSERT INTO `demo_book` VALUES ('1010002', '世界科技全景百卷书(2)数学与物理的发端', 'ts001002.pdf', '101', 2);
INSERT INTO `demo_book` VALUES ('1010003', '世界科技全景百卷书(3)近代科技', 'ts001003.pdf', '101', 3);
INSERT INTO `demo_book` VALUES ('1010004', '世界科技全景百卷书(4)蒸汽机带来的革命', 'ts001004.pdf', '101', 4);
INSERT INTO `demo_book` VALUES ('1010005', '世界科技全景百卷书(5)现代科技', 'ts001005.pdf', '101', 5);
INSERT INTO `demo_book` VALUES ('1010006', '世界科技全景百卷书(6)二十一世纪之光', 'ts001006.pdf', '101', 6);
INSERT INTO `demo_book` VALUES ('1010007', '世界科技全景百卷书(7)科学的真与伪', 'ts001007.pdf', '101', 7);
INSERT INTO `demo_book` VALUES ('1010008', '世界科技全景百卷书(8)真理的足迹', 'ts001008.pdf', '101', 8);
INSERT INTO `demo_book` VALUES ('1010009', '世界科技全景百卷书(9)科技之谜', 'ts001009.pdf', '101', 9);
INSERT INTO `demo_book` VALUES ('1010010', '世界科技全景百卷书(10)奖杯的故事', 'ts001010.pdf', '101', 10);
INSERT INTO `demo_book` VALUES ('1010011', '世界科技全景百卷书(11)饮食文化', 'ts001011.pdf', '101', 11);
INSERT INTO `demo_book` VALUES ('1010012', '世界科技全景百卷书(12)漫话衣饰', 'ts001012.pdf', '101', 12);
INSERT INTO `demo_book` VALUES ('1010013', '世界科技全景百卷书(13)生活用品大观', 'ts001013.pdf', '101', 13);
INSERT INTO `demo_book` VALUES ('1010014', '世界科技全景百卷书(14)农具与农技', 'ts001014.pdf', '101', 14);
INSERT INTO `demo_book` VALUES ('1010015', '世界科技全景百卷书(15)钟表家族', 'ts001015.pdf', '101', 15);
INSERT INTO `demo_book` VALUES ('1010016', '世界科技全景百卷书(16)医药纵横', 'ts001016.pdf', '101', 16);
INSERT INTO `demo_book` VALUES ('1010017', '世界科技全景百卷书(17)话说通讯', 'ts001017.pdf', '101', 17);
INSERT INTO `demo_book` VALUES ('1010018', '世界科技全景百卷书(18)文化用品博览', 'ts001018.pdf', '101', 18);
INSERT INTO `demo_book` VALUES ('1010019', '世界科技全景百卷书(19)工具小百科', 'ts001019.pdf', '101', 19);
INSERT INTO `demo_book` VALUES ('1010020', '世界科技全景百卷书(20)影视俱乐部', 'ts001020.pdf', '101', 20);
INSERT INTO `demo_book` VALUES ('1010021', '世界科技全景百卷书(21)照明', 'ts001021.pdf', '101', 21);
INSERT INTO `demo_book` VALUES ('1010022', '世界科技全景百卷书(22)船舶', 'ts001022.pdf', '101', 22);
INSERT INTO `demo_book` VALUES ('1010023', '世界科技全景百卷书(23)飞机', 'ts001023.pdf', '101', 23);
INSERT INTO `demo_book` VALUES ('1010024', '世界科技全景百卷书(24)车辆', 'ts001024.pdf', '101', 24);
INSERT INTO `demo_book` VALUES ('1010025', '世界科技全景百卷书(25)机械', 'ts001025.pdf', '101', 25);
INSERT INTO `demo_book` VALUES ('1010026', '世界科技全景百卷书(26)材料', 'ts001026.pdf', '101', 26);
INSERT INTO `demo_book` VALUES ('1010027', '世界科技全景百卷书(27)仪器设备', 'ts001027.pdf', '101', 27);
INSERT INTO `demo_book` VALUES ('1010028', '世界科技全景百卷书(28)电器', 'ts001028.pdf', '101', 28);
INSERT INTO `demo_book` VALUES ('1010029', '世界科技全景百卷书(29)计算机', 'ts001029.pdf', '101', 29);
INSERT INTO `demo_book` VALUES ('1010030', '世界科技全景百卷书(30)技术', 'ts001030.pdf', '101', 30);
INSERT INTO `demo_book` VALUES ('1010031', '世界科技全景百卷书(31)考古大发现', 'ts001031.pdf', '101', 31);
INSERT INTO `demo_book` VALUES ('1010032', '世界科技全景百卷书(32)寻找文明遗迹', 'ts001032.pdf', '101', 32);
INSERT INTO `demo_book` VALUES ('1010033', '世界科技全景百卷书(33)发现新大陆', 'ts001033.pdf', '101', 33);
INSERT INTO `demo_book` VALUES ('1010034', '世界科技全景百卷书(34)探勘地球宝藏', 'ts001034.pdf', '101', 34);
INSERT INTO `demo_book` VALUES ('1010035', '世界科技全景百卷书(35)无法解释的存在', 'ts001035.pdf', '101', 35);
INSERT INTO `demo_book` VALUES ('1010036', '世界科技全景百卷书(36)天文大发现', 'ts001036.pdf', '101', 36);
INSERT INTO `demo_book` VALUES ('1010037', '世界科技全景百卷书(37)医学大发现', 'ts001037.pdf', '101', 37);
INSERT INTO `demo_book` VALUES ('1010038', '世界科技全景百卷书(38)数学大发现', 'ts001038.pdf', '101', 38);
INSERT INTO `demo_book` VALUES ('1010039', '世界科技全景百卷书(39)化学大发现', 'ts001039.pdf', '101', 39);
INSERT INTO `demo_book` VALUES ('1010040', '世界科技全景百卷书(40)物理大发现', 'ts001040.pdf', '101', 40);
INSERT INTO `demo_book` VALUES ('1010041', '世界科技全景百卷书(41)智能武器', 'ts001041.pdf', '101', 41);
INSERT INTO `demo_book` VALUES ('1010042', '世界科技全景百卷书(42)古代军事科技', 'ts001042.pdf', '101', 42);
INSERT INTO `demo_book` VALUES ('1010043', '世界科技全景百卷书(43)现代军事科技', 'ts001043.pdf', '101', 43);
INSERT INTO `demo_book` VALUES ('1010044', '世界科技全景百卷书(44)坦克', 'ts001044.pdf', '101', 44);
INSERT INTO `demo_book` VALUES ('1010045', '世界科技全景百卷书(45)间谍武器', 'ts001045.pdf', '101', 45);
INSERT INTO `demo_book` VALUES ('1010046', '世界科技全景百卷书(46)兵器大观', 'ts001046.pdf', '101', 46);
INSERT INTO `demo_book` VALUES ('1010047', '世界科技全景百卷书(47)导弹', 'ts001047.pdf', '101', 47);
INSERT INTO `demo_book` VALUES ('1010048', '世界科技全景百卷书(48)核武器', 'ts001048.pdf', '101', 48);
INSERT INTO `demo_book` VALUES ('1010049', '世界科技全景百卷书(49)舰艇', 'ts001049.pdf', '101', 49);
INSERT INTO `demo_book` VALUES ('1010050', '世界科技全景百卷书(50)未来武器的发展', 'ts001050.pdf', '101', 50);
INSERT INTO `demo_book` VALUES ('1010051', '世界科技全景百卷书(51)太阳的奥秘', 'ts001051.pdf', '101', 51);
INSERT INTO `demo_book` VALUES ('1010052', '世界科技全景百卷书(52)遨游天河', 'ts001052.pdf', '101', 52);
INSERT INTO `demo_book` VALUES ('1010053', '世界科技全景百卷书(53)UFO 探索', 'ts001053.pdf', '101', 53);
INSERT INTO `demo_book` VALUES ('1010054', '世界科技全景百卷书(54)漫步星空', 'ts001054.pdf', '101', 54);
INSERT INTO `demo_book` VALUES ('1010055', '世界科技全景百卷书(55)探索九大行星', 'ts001055.pdf', '101', 55);
INSERT INTO `demo_book` VALUES ('1010056', '世界科技全景百卷书(56)认识地球', 'ts001056.pdf', '101', 56);
INSERT INTO `demo_book` VALUES ('1010057', '世界科技全景百卷书(57)月球探秘', 'ts001057.pdf', '101', 57);
INSERT INTO `demo_book` VALUES ('1010058', '世界科技全景百卷书(58)在太空生活', 'ts001058.pdf', '101', 58);
INSERT INTO `demo_book` VALUES ('1010059', '世界科技全景百卷书(59)走进外星人', 'ts001059.pdf', '101', 59);
INSERT INTO `demo_book` VALUES ('1010060', '世界科技全景百卷书(60)飞天之翼', 'ts001060.pdf', '101', 60);
INSERT INTO `demo_book` VALUES ('1010061', '世界科技全景百卷书(61)动物的进化', 'ts001061.pdf', '101', 61);
INSERT INTO `demo_book` VALUES ('1010062', '世界科技全景百卷书(62)恐龙时代', 'ts001062.pdf', '101', 62);
INSERT INTO `demo_book` VALUES ('1010063', '世界科技全景百卷书(63)动物世界', 'ts001063.pdf', '101', 63);
INSERT INTO `demo_book` VALUES ('1010064', '世界科技全景百卷书(64)动物的智慧', 'ts001064.pdf', '101', 64);
INSERT INTO `demo_book` VALUES ('1010065', '世界科技全景百卷书(65)植物世界', 'ts001065.pdf', '101', 65);
INSERT INTO `demo_book` VALUES ('1010066', '世界科技全景百卷书(66)认识微生物', 'ts001066.pdf', '101', 66);
INSERT INTO `demo_book` VALUES ('1010067', '世界科技全景百卷书(67)向生物学习', 'ts001067.pdf', '101', 67);
INSERT INTO `demo_book` VALUES ('1010068', '世界科技全景百卷书(68)生命的奥秘', 'ts001068.pdf', '101', 68);
INSERT INTO `demo_book` VALUES ('1010069', '世界科技全景百卷书(69)生物的危害', 'ts001069.pdf', '101', 69);
INSERT INTO `demo_book` VALUES ('1010070', '世界科技全景百卷书(70)生态种种', 'ts001070.pdf', '101', 70);
INSERT INTO `demo_book` VALUES ('1010071', '世界科技全景百卷书(71)认识自然力量', 'ts001071.pdf', '101', 71);
INSERT INTO `demo_book` VALUES ('1010072', '世界科技全景百卷书(72)自然大灾难', 'ts001072.pdf', '101', 72);
INSERT INTO `demo_book` VALUES ('1010073', '世界科技全景百卷书(73)话说古建筑', 'ts001073.pdf', '101', 73);
INSERT INTO `demo_book` VALUES ('1010074', '世界科技全景百卷书(74)跨江越河话桥梁', 'ts001074.pdf', '101', 74);
INSERT INTO `demo_book` VALUES ('1010075', '世界科技全景百卷书(75)伟大的工程', 'ts001075.pdf', '101', 75);
INSERT INTO `demo_book` VALUES ('1010076', '世界科技全景百卷书(76)交通建设', 'ts001076.pdf', '101', 76);
INSERT INTO `demo_book` VALUES ('1010077', '世界科技全景百卷书(77)城市的飞跃', 'ts001077.pdf', '101', 77);
INSERT INTO `demo_book` VALUES ('1010078', '世界科技全景百卷书(78)现代经典建筑', 'ts001078.pdf', '101', 78);
INSERT INTO `demo_book` VALUES ('1010079', '世界科技全景百卷书(79)气象观测', 'ts001079.pdf', '101', 79);
INSERT INTO `demo_book` VALUES ('1010080', '世界科技全景百卷书(80)治理环境', 'ts001080.pdf', '101', 80);
INSERT INTO `demo_book` VALUES ('1010081', '世界科技全景百卷书(81)天文学家', 'ts001081.pdf', '101', 81);
INSERT INTO `demo_book` VALUES ('1010082', '世界科技全景百卷书(82)医学家', 'ts001082.pdf', '101', 82);
INSERT INTO `demo_book` VALUES ('1010083', '世界科技全景百卷书(83)化学家', 'ts001083.pdf', '101', 83);
INSERT INTO `demo_book` VALUES ('1010084', '世界科技全景百卷书(84)物理学家', 'ts001084.pdf', '101', 84);
INSERT INTO `demo_book` VALUES ('1010085', '世界科技全景百卷书(85)数学家', 'ts001085.pdf', '101', 85);
INSERT INTO `demo_book` VALUES ('1010086', '世界科技全景百卷书(86)生物学家', 'ts001086.pdf', '101', 86);
INSERT INTO `demo_book` VALUES ('1010087', '世界科技全景百卷书(87)地理学家', 'ts001087.pdf', '101', 87);
INSERT INTO `demo_book` VALUES ('1010088', '世界科技全景百卷书(88)发明大王', 'ts001088.pdf', '101', 88);
INSERT INTO `demo_book` VALUES ('1010089', '世界科技全景百卷书(89)科苑女杰', 'ts001089.pdf', '101', 89);
INSERT INTO `demo_book` VALUES ('1010090', '世界科技全景百卷书(90)华夏骄子', 'ts001090.pdf', '101', 90);
INSERT INTO `demo_book` VALUES ('1010091', '世界科技全景百卷书(91)环境科学', 'ts001091.pdf', '101', 91);
INSERT INTO `demo_book` VALUES ('1010092', '世界科技全景百卷书(92)海洋工程', 'ts001092.pdf', '101', 92);
INSERT INTO `demo_book` VALUES ('1010093', '世界科技全景百卷书(93)机器人技术', 'ts001093.pdf', '101', 93);
INSERT INTO `demo_book` VALUES ('1010094', '世界科技全景百卷书(94)气象科学', 'ts001094.pdf', '101', 94);
INSERT INTO `demo_book` VALUES ('1010095', '世界科技全景百卷书(95)交通科学', 'ts001095.pdf', '101', 95);
INSERT INTO `demo_book` VALUES ('1010096', '世界科技全景百卷书(96)材料科学', 'ts001096.pdf', '101', 96);
INSERT INTO `demo_book` VALUES ('1010097', '世界科技全景百卷书(97)能源科学', 'ts001097.pdf', '101', 97);
INSERT INTO `demo_book` VALUES ('1010098', '世界科技全景百卷书(98)医疗技术', 'ts001098.pdf', '101', 98);
INSERT INTO `demo_book` VALUES ('1010099', '世界科技全景百卷书(99)航空航天工程', 'ts001099.pdf', '101', 99);
INSERT INTO `demo_book` VALUES ('1010100', '世界科技全景百卷书(100)仿生学', 'ts001100.pdf', '101', 100);
INSERT INTO `demo_book` VALUES ('1020101', '中华学生百科全书：系统工程', 'ts002001.pdf', '102', 101);
INSERT INTO `demo_book` VALUES ('1020102', '中华学生百科全书：医学史话', 'ts002002.pdf', '102', 102);
INSERT INTO `demo_book` VALUES ('1020103', '中华学生百科全书：认识世界', 'ts002003.pdf', '102', 103);
INSERT INTO `demo_book` VALUES ('1020104', '中华学生百科全书：认识中国', 'ts002004.pdf', '102', 104);
INSERT INTO `demo_book` VALUES ('1020105', '中华学生百科全书：趣味历史故事', 'ts002005.pdf', '102', 105);
INSERT INTO `demo_book` VALUES ('1020106', '中华学生百科全书：控制论与自动化', 'ts002006.pdf', '102', 106);
INSERT INTO `demo_book` VALUES ('1020107', '中华学生百科全书：体育天地', 'ts002007.pdf', '102', 107);
INSERT INTO `demo_book` VALUES ('1020108', '中华学生百科全书：辛勤的园丁', 'ts002008.pdf', '102', 108);
INSERT INTO `demo_book` VALUES ('1020109', '中华学生百科全书：海洋奥秘', 'ts002009.pdf', '102', 109);
INSERT INTO `demo_book` VALUES ('1020110', '中华学生百科全书：幽默智慧的故事', 'ts002010.pdf', '102', 110);
INSERT INTO `demo_book` VALUES ('1020111', '中华学生百科全书：世界宗教大观', 'ts002011.pdf', '102', 111);
INSERT INTO `demo_book` VALUES ('1020112', '中华学生百科全书：环球览胜', 'ts002012.pdf', '102', 112);
INSERT INTO `demo_book` VALUES ('1020113', '中华学生百科全书：科学发明与创造', 'ts002013.pdf', '102', 113);
INSERT INTO `demo_book` VALUES ('1020114', '中华学生百科全书：交通运输', 'ts002014.pdf', '102', 114);
INSERT INTO `demo_book` VALUES ('1020115', '中华学生百科全书：结识植物', 'ts002015.pdf', '102', 115);
INSERT INTO `demo_book` VALUES ('1020116', '中华学生百科全书：飞碟之谜', 'ts002016.pdf', '102', 116);
INSERT INTO `demo_book` VALUES ('1020117', '中华学生百科全书：宇宙探秘', 'ts002017.pdf', '102', 117);
INSERT INTO `demo_book` VALUES ('1020118', '中华学生百科全书：家园地球', 'ts002018.pdf', '102', 118);
INSERT INTO `demo_book` VALUES ('1020119', '中华学生百科全书：中国古代科技集成', 'ts002019.pdf', '102', 119);
INSERT INTO `demo_book` VALUES ('1020120', '中华学生百科全书：地球景观', 'ts002020.pdf', '102', 120);
INSERT INTO `demo_book` VALUES ('1020121', '中华学生百科全书：能源工程', 'ts002021.pdf', '102', 121);
INSERT INTO `demo_book` VALUES ('1020122', '中华学生百科全书：政坛趣闻', 'ts002022.pdf', '102', 122);
INSERT INTO `demo_book` VALUES ('1020123', '中华学生百科全书：勇敢机智的故事', 'ts002023.pdf', '102', 123);
INSERT INTO `demo_book` VALUES ('1020124', '中华学生百科全书：少儿文学精选', 'ts002024.pdf', '102', 124);
INSERT INTO `demo_book` VALUES ('1020125', '中华学生百科全书：海洋工程', 'ts002025.pdf', '102', 125);
INSERT INTO `demo_book` VALUES ('1020126', '中华学生百科全书：世界科技史话', 'ts002026.pdf', '102', 126);
INSERT INTO `demo_book` VALUES ('1020127', '中华学生百科全书：侦破故事精选', 'ts002027.pdf', '102', 127);
INSERT INTO `demo_book` VALUES ('1020128', '中华学生百科全书：结识动物', 'ts002028.pdf', '102', 128);
INSERT INTO `demo_book` VALUES ('1020129', '中华学生百科全书：抒情诗欣赏', 'ts002029.pdf', '102', 129);
INSERT INTO `demo_book` VALUES ('1020130', '中华学生百科全书：通信技术', 'ts002030.pdf', '102', 130);
INSERT INTO `demo_book` VALUES ('1020131', '中华学生百科全书：激光技术', 'ts002031.pdf', '102', 131);
INSERT INTO `demo_book` VALUES ('1020132', '中华学生百科全书：巧言妙辩', 'ts002032.pdf', '102', 132);
INSERT INTO `demo_book` VALUES ('1020133', '中华学生百科全书：战争奇观', 'ts002033.pdf', '102', 133);
INSERT INTO `demo_book` VALUES ('1020134', '中华学生百科全书：趣话集邮', 'ts002034.pdf', '102', 134);
INSERT INTO `demo_book` VALUES ('1020135', '中华学生百科全书：趣味心理学故事', 'ts002035.pdf', '102', 135);
INSERT INTO `demo_book` VALUES ('1020136', '中华学生百科全书：法律天地', 'ts002036.pdf', '102', 136);
INSERT INTO `demo_book` VALUES ('1020137', '中华学生百科全书：文物古迹', 'ts002037.pdf', '102', 137);
INSERT INTO `demo_book` VALUES ('1020138', '中华学生百科全书：动物趣闻', 'ts002038.pdf', '102', 138);
INSERT INTO `demo_book` VALUES ('1020139', '中华学生百科全书：青少年与科技写作', 'ts002039.pdf', '102', 139);
INSERT INTO `demo_book` VALUES ('1020140', '中华学生百科全书：动物起源', 'ts002040.pdf', '102', 140);
INSERT INTO `demo_book` VALUES ('1020141', '中华学生百科全书：唐宋诗词欣赏', 'ts002041.pdf', '102', 141);
INSERT INTO `demo_book` VALUES ('1020142', '中华学生百科全书：中外女神童的故事', 'ts002042.pdf', '102', 142);
INSERT INTO `demo_book` VALUES ('1020143', '中华学生百科全书：电脑操作入门', 'ts002043.pdf', '102', 143);
INSERT INTO `demo_book` VALUES ('1020144', '中华学生百科全书：物理天地', 'ts002044.pdf', '102', 144);
INSERT INTO `demo_book` VALUES ('1020145', '中华学生百科全书：戏剧艺术', 'ts002045.pdf', '102', 145);
INSERT INTO `demo_book` VALUES ('1020146', '中华学生百科全书：生物工程', 'ts002046.pdf', '102', 146);
INSERT INTO `demo_book` VALUES ('1020147', '中华学生百科全书：中国历史之谜', 'ts002047.pdf', '102', 147);
INSERT INTO `demo_book` VALUES ('1020148', '中华学生百科全书：古代散文欣赏', 'ts002048.pdf', '102', 148);
INSERT INTO `demo_book` VALUES ('1020149', '中华学生百科全书：世界科学巨人', 'ts002049.pdf', '102', 149);
INSERT INTO `demo_book` VALUES ('1020150', '中华学生百科全书：跨世纪新诗', 'ts002050.pdf', '102', 150);
INSERT INTO `demo_book` VALUES ('1020151', '中华学生百科全书：军事天地', 'ts002051.pdf', '102', 151);
INSERT INTO `demo_book` VALUES ('1020152', '中华学生百科全书：体坛趣闻', 'ts002052.pdf', '102', 152);
INSERT INTO `demo_book` VALUES ('1020153', '中华学生百科全书：谜语集粹', 'ts002053.pdf', '102', 153);
INSERT INTO `demo_book` VALUES ('1020154', '中华学生百科全书：数学天地', 'ts002054.pdf', '102', 154);
INSERT INTO `demo_book` VALUES ('1020155', '中华学生百科全书：中国科技史话', 'ts002055.pdf', '102', 155);
INSERT INTO `demo_book` VALUES ('1020156', '中华学生百科全书：微生物世界', 'ts002056.pdf', '102', 156);
INSERT INTO `demo_book` VALUES ('1020157', '中华学生百科全书：中国科学名家', 'ts002057.pdf', '102', 157);
INSERT INTO `demo_book` VALUES ('1020158', '中华学生百科全书：课外园地', 'ts002058.pdf', '102', 158);
INSERT INTO `demo_book` VALUES ('1020159', '中华学生百科全书：自然之谜', 'ts002059.pdf', '102', 159);
INSERT INTO `demo_book` VALUES ('1020160', '中华学生百科全书：神州名胜', 'ts002060.pdf', '102', 160);
INSERT INTO `demo_book` VALUES ('1020161', '中华学生百科全书：中外文学名著导读', 'ts002061.pdf', '102', 161);
INSERT INTO `demo_book` VALUES ('1020162', '中华学生百科全书：美德故事', 'ts002062.pdf', '102', 162);
INSERT INTO `demo_book` VALUES ('1020163', '中华学生百科全书：文字的魅力', 'ts002063.pdf', '102', 163);
INSERT INTO `demo_book` VALUES ('1020164', '中华学生百科全书：新材料工程', 'ts002064.pdf', '102', 164);
INSERT INTO `demo_book` VALUES ('1020165', '中华学生百科全书：外国名人的童年', 'ts002065.pdf', '102', 165);
INSERT INTO `demo_book` VALUES ('1020166', '中华学生百科全书：身边的科学知识', 'ts002066.pdf', '102', 166);
INSERT INTO `demo_book` VALUES ('1020167', '中华学生百科全书：寓言故事', 'ts002067.pdf', '102', 167);
INSERT INTO `demo_book` VALUES ('1020168', '中华学生百科全书：建筑科学', 'ts002068.pdf', '102', 168);
INSERT INTO `demo_book` VALUES ('1020169', '中华学生百科全书：经济天地', 'ts002069.pdf', '102', 169);
INSERT INTO `demo_book` VALUES ('1020170', '中华学生百科全书：影视艺术', 'ts002070.pdf', '102', 170);
INSERT INTO `demo_book` VALUES ('1020171', '中华学生百科全书：天气与气候', 'ts002071.pdf', '102', 171);
INSERT INTO `demo_book` VALUES ('1020172', '中华学生百科全书：人生格言', 'ts002072.pdf', '102', 172);
INSERT INTO `demo_book` VALUES ('1020173', '中华学生百科全书：美术世界', 'ts002073.pdf', '102', 173);
INSERT INTO `demo_book` VALUES ('1020174', '中华学生百科全书：环境问题', 'ts002074.pdf', '102', 174);
INSERT INTO `demo_book` VALUES ('1020175', '中华学生百科全书：中外体育明星谱', 'ts002075.pdf', '102', 175);
INSERT INTO `demo_book` VALUES ('1020176', '中华学生百科全书：化学天地', 'ts002076.pdf', '102', 176);
INSERT INTO `demo_book` VALUES ('1020177', '中华学生百科全书：世界工业科技', 'ts002077.pdf', '102', 177);
INSERT INTO `demo_book` VALUES ('1020178', '中华学生百科全书：现代散文欣赏', 'ts002078.pdf', '102', 178);
INSERT INTO `demo_book` VALUES ('1020179', '中华学生百科全书：音乐天地', 'ts002079.pdf', '102', 179);
INSERT INTO `demo_book` VALUES ('1020180', '中华学生百科全书：中国现代童话', 'ts002080.pdf', '102', 180);
INSERT INTO `demo_book` VALUES ('1020181', '中华学生百科全书：现代兵器大观', 'ts002081.pdf', '102', 181);
INSERT INTO `demo_book` VALUES ('1020182', '中华学生百科全书：人体奥秘', 'ts002082.pdf', '102', 182);
INSERT INTO `demo_book` VALUES ('1020183', '中华学生百科全书：科学与幻想', 'ts002083.pdf', '102', 183);
INSERT INTO `demo_book` VALUES ('1020184', '中华学生百科全书：成语故事', 'ts002084.pdf', '102', 184);
INSERT INTO `demo_book` VALUES ('1020185', '中华学生百科全书：历代名人的童年', 'ts002085.pdf', '102', 185);
INSERT INTO `demo_book` VALUES ('1020186', '中华学生百科全书：电脑常识', 'ts002086.pdf', '102', 186);
INSERT INTO `demo_book` VALUES ('1020187', '中华学生百科全书：珍稀动物', 'ts002087.pdf', '102', 187);
INSERT INTO `demo_book` VALUES ('1020188', '中华学生百科全书：学习方法指导', 'ts002088.pdf', '102', 188);
INSERT INTO `demo_book` VALUES ('1020189', '中华学生百科全书：宇宙星空', 'ts002089.pdf', '102', 189);
INSERT INTO `demo_book` VALUES ('1020190', '中华学生百科全书：矿产资源', 'ts002090.pdf', '102', 190);
INSERT INTO `demo_book` VALUES ('1020191', '中华学生百科全书：人类趣谈', 'ts002091.pdf', '102', 191);
INSERT INTO `demo_book` VALUES ('1020192', '中华学生百科全书：世界著名童话故事', 'ts002092.pdf', '102', 192);
INSERT INTO `demo_book` VALUES ('1020193', '中华学生百科全书：童话故事新编', 'ts002093.pdf', '102', 193);
INSERT INTO `demo_book` VALUES ('1020194', '中华学生百科全书：农业进程', 'ts002094.pdf', '102', 194);
INSERT INTO `demo_book` VALUES ('1020195', '中华学生百科全书：世界历史之谜', 'ts002095.pdf', '102', 195);
INSERT INTO `demo_book` VALUES ('1020196', '中华学生百科全书：世界科学大事记', 'ts002096.pdf', '102', 196);
INSERT INTO `demo_book` VALUES ('1020197', '中华学生百科全书：植物趣闻', 'ts002097.pdf', '102', 197);
INSERT INTO `demo_book` VALUES ('1020198', '中华学生百科全书：民俗风情', 'ts002098.pdf', '102', 198);
INSERT INTO `demo_book` VALUES ('1020199', '中华学生百科全书：地球奥秘', 'ts002099.pdf', '102', 199);
INSERT INTO `demo_book` VALUES ('1020200', '中华学生百科全书：哲学天地', 'ts002100.pdf', '102', 200);
INSERT INTO `demo_book` VALUES ('1030201', '当代中国少年儿童报刊百卷文库：小学生学习报', 'ts003001.pdf', '103', 201);
INSERT INTO `demo_book` VALUES ('1030202', '当代中国少年儿童报刊百卷文库：小学生作文', 'ts003002.pdf', '103', 202);
INSERT INTO `demo_book` VALUES ('1030203', '当代中国少年儿童报刊百卷文库：小学生学习天地', 'ts003003.pdf', '103', 203);
INSERT INTO `demo_book` VALUES ('1030204', '当代中国少年儿童报刊百卷文库：中国小学生作文', 'ts003004.pdf', '103', 204);
INSERT INTO `demo_book` VALUES ('1030205', '当代中国少年儿童报刊百卷文库：作文周刊', 'ts003005.pdf', '103', 205);
INSERT INTO `demo_book` VALUES ('1030206', '当代中国少年儿童报刊百卷文库：小学生语文报', 'ts003006.pdf', '103', 206);
INSERT INTO `demo_book` VALUES ('1030207', '当代中国少年儿童报刊百卷文库：小学生阅读报', 'ts003007.pdf', '103', 207);
INSERT INTO `demo_book` VALUES ('1030208', '当代中国少年儿童报刊百卷文库：小学生作文辅导', 'ts003008.pdf', '103', 208);
INSERT INTO `demo_book` VALUES ('1030209', '当代中国少年儿童报刊百卷文库：百家作文指导', 'ts003009.pdf', '103', 209);
INSERT INTO `demo_book` VALUES ('1030210', '当代中国少年儿童报刊百卷文库：小学生学习周报', 'ts003010.pdf', '103', 210);
INSERT INTO `demo_book` VALUES ('1030211', '当代中国少年儿童报刊百卷文库：小学生语文学习', 'ts003011.pdf', '103', 211);
INSERT INTO `demo_book` VALUES ('1030212', '当代中国少年儿童报刊百卷文库：小学生学习报(低版)', 'ts003012.pdf', '103', 212);
INSERT INTO `demo_book` VALUES ('1030213', '当代中国少年儿童报刊百卷文库：小学生作文选刊', 'ts003013.pdf', '103', 213);
INSERT INTO `demo_book` VALUES ('1030214', '当代中国少年儿童报刊百卷文库：课内外辅导', 'ts003014.pdf', '103', 214);
INSERT INTO `demo_book` VALUES ('1030215', '当代中国少年儿童报刊百卷文库：中学英语之友', 'ts003015.pdf', '103', 215);
INSERT INTO `demo_book` VALUES ('1030216', '当代中国少年儿童报刊百卷文库：全国中学优秀作文选', 'ts003016.pdf', '103', 216);
INSERT INTO `demo_book` VALUES ('1030217', '当代中国少年儿童报刊百卷文库：中学生学习报(初中版)', 'ts003017.pdf', '103', 217);
INSERT INTO `demo_book` VALUES ('1030218', '当代中国少年儿童报刊百卷文库：中学生阅读', 'ts003018.pdf', '103', 218);
INSERT INTO `demo_book` VALUES ('1030219', '当代中国少年儿童报刊百卷文库：中学生数理化', 'ts003019.pdf', '103', 219);
INSERT INTO `demo_book` VALUES ('1030220', '物理演义—中小学课堂学习新广角', 'ts003020.pdf', '103', 220);
INSERT INTO `demo_book` VALUES ('1030221', '音乐演义—中小学课堂学习新广角', 'ts003021.pdf', '103', 221);
INSERT INTO `demo_book` VALUES ('1030222', '化学演义—中小学课堂学习新广角', 'ts003022.pdf', '103', 222);
INSERT INTO `demo_book` VALUES ('1030223', '生物演义—中小学课堂学习新广角', 'ts003023.pdf', '103', 223);
INSERT INTO `demo_book` VALUES ('1030224', '数学演义—中小学课堂学习新广角', 'ts003024.pdf', '103', 224);
INSERT INTO `demo_book` VALUES ('1030225', '历史演义—中小学课堂学习新广角', 'ts003025.pdf', '103', 225);
INSERT INTO `demo_book` VALUES ('1030226', '地理演义—中小学课堂学习新广角', 'ts003026.pdf', '103', 226);
INSERT INTO `demo_book` VALUES ('1030227', '美术演义—中小学课堂学习新广角', 'ts003027.pdf', '103', 227);
INSERT INTO `demo_book` VALUES ('1030228', '体育演义—中小学课堂学习新广角', 'ts003028.pdf', '103', 228);
INSERT INTO `demo_book` VALUES ('1030229', '解几何题的钥匙', 'ts003029.pdf', '103', 229);
INSERT INTO `demo_book` VALUES ('1030230', '解速算题的钥匙', 'ts003030.pdf', '103', 230);
INSERT INTO `demo_book` VALUES ('1030231', '解图形题的钥匙', 'ts003031.pdf', '103', 231);
INSERT INTO `demo_book` VALUES ('1030232', '解竞赛题的钥匙', 'ts003032.pdf', '103', 232);
INSERT INTO `demo_book` VALUES ('1030233', '怎样学好功课', 'ts003033.pdf', '103', 233);
INSERT INTO `demo_book` VALUES ('1030234', '读书百法', 'ts003034.pdf', '103', 234);
INSERT INTO `demo_book` VALUES ('1030235', '理科学习400 要诀', 'ts003035.pdf', '103', 235);
INSERT INTO `demo_book` VALUES ('1030236', '常用作文百读百练', 'ts003036.pdf', '103', 236);
INSERT INTO `demo_book` VALUES ('1030237', '少年大学生自学能力十四讲', 'ts003037.pdf', '103', 237);
INSERT INTO `demo_book` VALUES ('1030238', '快速阅读训练入门', 'ts003038.pdf', '103', 238);
INSERT INTO `demo_book` VALUES ('1030239', '角逐学科奥林匹克', 'ts003039.pdf', '103', 239);
INSERT INTO `demo_book` VALUES ('1030240', '迷宫中的数学', 'ts003040.pdf', '103', 240);
INSERT INTO `demo_book` VALUES ('1030241', '物理万花筒', 'ts003041.pdf', '103', 241);
INSERT INTO `demo_book` VALUES ('1030242', '化学天方夜谭', 'ts003042.pdf', '103', 242);
INSERT INTO `demo_book` VALUES ('1030243', '智力训练三百题', 'ts003043.pdf', '103', 243);
INSERT INTO `demo_book` VALUES ('1030244', '科技作文选评', 'ts003044.pdf', '103', 244);
INSERT INTO `demo_book` VALUES ('1030245', '阅读与写作', 'ts003045.pdf', '103', 245);
INSERT INTO `demo_book` VALUES ('1030246', '英语社交会话百题', 'ts003046.pdf', '103', 246);
INSERT INTO `demo_book` VALUES ('1030247', '解题思路训练', 'ts003047.pdf', '103', 247);
INSERT INTO `demo_book` VALUES ('1030248', '60 个有趣难题', 'ts003048.pdf', '103', 248);
INSERT INTO `demo_book` VALUES ('1030249', '60 个科学游戏', 'ts003049.pdf', '103', 249);
INSERT INTO `demo_book` VALUES ('1030250', '60 个数学游戏', 'ts003050.pdf', '103', 250);
INSERT INTO `demo_book` VALUES ('1030251', '儿童趣味数学', 'ts003051.pdf', '103', 251);
INSERT INTO `demo_book` VALUES ('1030252', '算得巧', 'ts003052.pdf', '103', 252);
INSERT INTO `demo_book` VALUES ('1030253', '算得对', 'ts003053.pdf', '103', 253);
INSERT INTO `demo_book` VALUES ('1030254', '找星星', 'ts003054.pdf', '103', 254);
INSERT INTO `demo_book` VALUES ('1030255', '怎样才能学习好', 'ts003055.pdf', '103', 255);
INSERT INTO `demo_book` VALUES ('1030256', '怎样读书收获大', 'ts003056.pdf', '103', 256);
INSERT INTO `demo_book` VALUES ('1030257', '怎样才能写好日记', 'ts003057.pdf', '103', 257);
INSERT INTO `demo_book` VALUES ('1030258', '作文有秘诀吗', 'ts003058.pdf', '103', 258);
INSERT INTO `demo_book` VALUES ('1030259', '动脑筋学语文', 'ts003059.pdf', '103', 259);
INSERT INTO `demo_book` VALUES ('1030260', '听说读写训练60 讲', 'ts003060.pdf', '103', 260);
INSERT INTO `demo_book` VALUES ('1030261', '数学智能趣味训练', 'ts003061.pdf', '103', 261);
INSERT INTO `demo_book` VALUES ('1030262', '怎样阅读', 'ts003062.pdf', '103', 262);
INSERT INTO `demo_book` VALUES ('1030263', '跨世纪知识城——谈电脑', 'ts003063.pdf', '103', 263);
INSERT INTO `demo_book` VALUES ('1030264', '跨世纪知识城——电脑基本操作', 'ts003064.pdf', '103', 264);
INSERT INTO `demo_book` VALUES ('1030265', '跨世纪知识城——学习方法', 'ts003065.pdf', '103', 265);
INSERT INTO `demo_book` VALUES ('1030266', '全国小学生佳作精选想象类作文', 'ts003066.pdf', '103', 266);
INSERT INTO `demo_book` VALUES ('1030267', '全国小学生佳作精选感想类作文', 'ts003067.pdf', '103', 267);
INSERT INTO `demo_book` VALUES ('1030268', '全国小学生佳作精选给材料作文', 'ts003068.pdf', '103', 268);
INSERT INTO `demo_book` VALUES ('1030269', '全国小学生佳作精选看图作文', 'ts003069.pdf', '103', 269);
INSERT INTO `demo_book` VALUES ('1030270', '获奖作文精品：小学·写人', 'ts003070.pdf', '103', 270);
INSERT INTO `demo_book` VALUES ('1030271', '获奖作文精品：小学·叙事', 'ts003071.pdf', '103', 271);
INSERT INTO `demo_book` VALUES ('1030272', '获奖作文精品：小学·写景', 'ts003072.pdf', '103', 272);
INSERT INTO `demo_book` VALUES ('1030273', '获奖作文精品：小学·状物', 'ts003073.pdf', '103', 273);
INSERT INTO `demo_book` VALUES ('1030274', '学习方法指导丛书：课堂学习的基本环节操作', 'ts003074.pdf', '103', 274);
INSERT INTO `demo_book` VALUES ('1030275', '学习方法指导丛书：课业学习程式和指导策略', 'ts003075.pdf', '103', 275);
INSERT INTO `demo_book` VALUES ('1030276', '学习方法指导丛书：课业学习的基本方法和能力', 'ts003076.pdf', '103', 276);
INSERT INTO `demo_book` VALUES ('1030277', '学习方法指导丛书：语文阅读与课文学习方法', 'ts003077.pdf', '103', 277);
INSERT INTO `demo_book` VALUES ('1030278', '学习方法指导丛书：语文课堂学习及指导策略', 'ts003078.pdf', '103', 278);
INSERT INTO `demo_book` VALUES ('1030279', '学习方法指导丛书：数学课业学习常规', 'ts003079.pdf', '103', 279);
INSERT INTO `demo_book` VALUES ('1030280', '学习方法指导丛书：数学解题与学习指导策略', 'ts003080.pdf', '103', 280);
INSERT INTO `demo_book` VALUES ('1030281', '学习方法指导丛书：物理学习的常规方法', 'ts003081.pdf', '103', 281);
INSERT INTO `demo_book` VALUES ('1030282', '学习方法指导丛书：物理复习与课堂学习指导', 'ts003082.pdf', '103', 282);
INSERT INTO `demo_book` VALUES ('1030283', '学习方法指导丛书：化学课堂学习的基本方法', 'ts003083.pdf', '103', 283);
INSERT INTO `demo_book` VALUES ('1030284', '学习方法指导丛书：化学解题与课业学习策略', 'ts003084.pdf', '103', 284);
INSERT INTO `demo_book` VALUES ('1030285', '学习方法指导丛书：英语课文学习方法', 'ts003085.pdf', '103', 285);
INSERT INTO `demo_book` VALUES ('1030286', '学习方法指导丛书：英语解题和课业指导策略', 'ts003086.pdf', '103', 286);
INSERT INTO `demo_book` VALUES ('1030287', '学习方法指导丛书：历史课堂学习方法与程式', 'ts003087.pdf', '103', 287);
INSERT INTO `demo_book` VALUES ('1030288', '学习方法指导丛书：历史复习和解题方法', 'ts003088.pdf', '103', 288);
INSERT INTO `demo_book` VALUES ('1030289', '学习方法指导丛书：地理课堂学习常规', 'ts003089.pdf', '103', 289);
INSERT INTO `demo_book` VALUES ('1030290', '学习方法指导丛书：地理解题与课业学习指导', 'ts003090.pdf', '103', 290);
INSERT INTO `demo_book` VALUES ('1030291', '学习方法指导丛书：思想政治课业学习常规', 'ts003091.pdf', '103', 291);
INSERT INTO `demo_book` VALUES ('1030292', '学习方法指导丛书：思想政治学习指导与解题方法', 'ts003092.pdf', '103', 292);
INSERT INTO `demo_book` VALUES ('1030293', '学习方法指导丛书：其它各科学习方法指导', 'ts003093.pdf', '103', 293);
INSERT INTO `demo_book` VALUES ('1030294', '小学数学趣题巧算三年级分册', 'ts003094.pdf', '103', 294);
INSERT INTO `demo_book` VALUES ('1030295', '小学数学趣题巧算五年级分册', 'ts003095.pdf', '103', 295);
INSERT INTO `demo_book` VALUES ('1030296', '小学数学趣题巧算六年级分册', 'ts003096.pdf', '103', 296);
INSERT INTO `demo_book` VALUES ('1030297', '奇妙数学大世界A', 'ts003097.pdf', '103', 297);
INSERT INTO `demo_book` VALUES ('1030298', '奇妙数学大世界B', 'ts003098.pdf', '103', 298);
INSERT INTO `demo_book` VALUES ('1030299', '数学童话故事', 'ts003099.pdf', '103', 299);
INSERT INTO `demo_book` VALUES ('1030300', '数学探险故事', 'ts003100.pdf', '103', 300);
INSERT INTO `demo_book` VALUES ('1040301', '哲学辞典(上)', 'ts004001.pdf', '104', 301);
INSERT INTO `demo_book` VALUES ('1040302', '哲学辞典(下)', 'ts004002.pdf', '104', 302);
INSERT INTO `demo_book` VALUES ('1040303', '现代地理学辞典', 'ts004003.pdf', '104', 303);
INSERT INTO `demo_book` VALUES ('1040304', '诺贝尔文学奖词典', 'ts004004.pdf', '104', 304);
INSERT INTO `demo_book` VALUES ('1040305', '当代世界文学名著鉴赏词典', 'ts004005.pdf', '104', 305);
INSERT INTO `demo_book` VALUES ('1040306', '当代中国文学名作鉴赏辞典', 'ts004006.pdf', '104', 306);
INSERT INTO `demo_book` VALUES ('1040307', '中国名胜词典', 'ts004007.pdf', '104', 307);
INSERT INTO `demo_book` VALUES ('1040308', '辞海历史分册中国近代史', 'ts004008.pdf', '104', 308);
INSERT INTO `demo_book` VALUES ('1040309', '辞海历史分册中国古代史', 'ts004009.pdf', '104', 309);
INSERT INTO `demo_book` VALUES ('1040310', '辞海地理分册历史的地理', 'ts004010.pdf', '104', 310);
INSERT INTO `demo_book` VALUES ('1040311', '学友文库：创世新说', 'ts004011.pdf', '104', 311);
INSERT INTO `demo_book` VALUES ('1040312', '学友文库：重构世界', 'ts004012.pdf', '104', 312);
INSERT INTO `demo_book` VALUES ('1040313', '学友文库：蓝色的诱惑', 'ts004013.pdf', '104', 313);
INSERT INTO `demo_book` VALUES ('1040314', '学友文库：大脑的延伸', 'ts004014.pdf', '104', 314);
INSERT INTO `demo_book` VALUES ('1040315', '学友文库：网络的奥秘', 'ts004015.pdf', '104', 315);
INSERT INTO `demo_book` VALUES ('1040316', '学友文库：九天揽月', 'ts004016.pdf', '104', 316);
INSERT INTO `demo_book` VALUES ('1040317', '学友文库：跨越时空', 'ts004017.pdf', '104', 317);
INSERT INTO `demo_book` VALUES ('1040318', '学友文库：空中帝国', 'ts004018.pdf', '104', 318);
INSERT INTO `demo_book` VALUES ('1040319', '学友文库：先秦散文', 'ts004019.pdf', '104', 319);
INSERT INTO `demo_book` VALUES ('1040320', '学友文库：诗经·楚辞', 'ts004020.pdf', '104', 320);
INSERT INTO `demo_book` VALUES ('1040321', '学友文库：辞赋', 'ts004021.pdf', '104', 321);
INSERT INTO `demo_book` VALUES ('1040322', '学友文库：明清短篇小说', 'ts004022.pdf', '104', 322);
INSERT INTO `demo_book` VALUES ('1040323', '学友文库：唐宋词', 'ts004023.pdf', '104', 323);
INSERT INTO `demo_book` VALUES ('1040324', '学友文库：唐宋散文', 'ts004024.pdf', '104', 324);
INSERT INTO `demo_book` VALUES ('1040325', '学友文库：历代小品', 'ts004025.pdf', '104', 325);
INSERT INTO `demo_book` VALUES ('1040326', '学友文库：元曲', 'ts004026.pdf', '104', 326);
INSERT INTO `demo_book` VALUES ('1040327', '学友文库：唐诗', 'ts004027.pdf', '104', 327);
INSERT INTO `demo_book` VALUES ('1040328', '学友文库：史传散文', 'ts004028.pdf', '104', 328);
INSERT INTO `demo_book` VALUES ('1040329', '学友文库：浪漫短篇小说', 'ts004029.pdf', '104', 329);
INSERT INTO `demo_book` VALUES ('1040330', '学友文库：古希腊罗马神话', 'ts004030.pdf', '104', 330);
INSERT INTO `demo_book` VALUES ('1040331', '学友文库：世态短篇小说', 'ts004031.pdf', '104', 331);
INSERT INTO `demo_book` VALUES ('1040332', '学友文库：抒情诗歌', 'ts004032.pdf', '104', 332);
INSERT INTO `demo_book` VALUES ('1040333', '学友文库：寓言', 'ts004033.pdf', '104', 333);
INSERT INTO `demo_book` VALUES ('1040334', '学友文库：哲理诗歌', 'ts004034.pdf', '104', 334);
INSERT INTO `demo_book` VALUES ('1040335', '学友文库：戏剧二种', 'ts004035.pdf', '104', 335);
INSERT INTO `demo_book` VALUES ('1040336', '学友文库：哲理散文', 'ts004036.pdf', '104', 336);
INSERT INTO `demo_book` VALUES ('1040337', '学友文库：抒情散文', 'ts004037.pdf', '104', 337);
INSERT INTO `demo_book` VALUES ('1040338', '学友文库：魏晋纷争', 'ts004038.pdf', '104', 338);
INSERT INTO `demo_book` VALUES ('1040339', '学友文库：民国兴衰', 'ts004039.pdf', '104', 339);
INSERT INTO `demo_book` VALUES ('1040340', '学友文库：清绝帝制', 'ts004040.pdf', '104', 340);
INSERT INTO `demo_book` VALUES ('1040341', '学友文库：元明风云', 'ts004041.pdf', '104', 341);
INSERT INTO `demo_book` VALUES ('1040342', '学友文库：宋室南移', 'ts004042.pdf', '104', 342);
INSERT INTO `demo_book` VALUES ('1040343', '学友文库：隋唐春秋', 'ts004043.pdf', '104', 343);
INSERT INTO `demo_book` VALUES ('1040344', '学友文库：南北乱世', 'ts004044.pdf', '104', 344);
INSERT INTO `demo_book` VALUES ('1040345', '学友文库：三国鼎峙', 'ts004045.pdf', '104', 345);
INSERT INTO `demo_book` VALUES ('1040346', '学友文库：明天的家园', 'ts004046.pdf', '104', 346);
INSERT INTO `demo_book` VALUES ('1040347', '学友文库：神光异彩', 'ts004047.pdf', '104', 347);
INSERT INTO `demo_book` VALUES ('1040348', '学友文库：两汉递嬗', 'ts004048.pdf', '104', 348);
INSERT INTO `demo_book` VALUES ('1040349', '学友文库：文明的洗礼', 'ts004049.pdf', '104', 349);
INSERT INTO `demo_book` VALUES ('1040350', '学友文库：战争与革命', 'ts004050.pdf', '104', 350);
INSERT INTO `demo_book` VALUES ('1040351', '学友文库：衰落与新生', 'ts004051.pdf', '104', 351);
INSERT INTO `demo_book` VALUES ('1040352', '学友文库：奇异的亚非拉', 'ts004052.pdf', '104', 352);
INSERT INTO `demo_book` VALUES ('1040353', '学友文库：不朽与肮脏', 'ts004053.pdf', '104', 353);
INSERT INTO `demo_book` VALUES ('1040354', '学友文库：黑色的岁月', 'ts004054.pdf', '104', 354);
INSERT INTO `demo_book` VALUES ('1040355', '学友文库：民族之光', 'ts004055.pdf', '104', 355);
INSERT INTO `demo_book` VALUES ('1040356', '学友文库：古希腊罗马的辉煌', 'ts004056.pdf', '104', 356);
INSERT INTO `demo_book` VALUES ('1040357', '学友文库：巨人的时代', 'ts004057.pdf', '104', 357);
INSERT INTO `demo_book` VALUES ('1040358', '学友文库：文明的曙光', 'ts004058.pdf', '104', 358);
INSERT INTO `demo_book` VALUES ('1040359', '学友文库：中长篇小说精缩', 'ts004059.pdf', '104', 359);
INSERT INTO `demo_book` VALUES ('1040360', '少年哲学向导丛书：科学殿堂里的哲学之光—科学中哲学问题漫谈', 'ts004060.pdf', '104', 360);
INSERT INTO `demo_book` VALUES ('1040361', '少年哲学向导丛书：真理王国的必由之路—辩证唯物主义认识论漫谈', 'ts004061.pdf', '104', 361);
INSERT INTO `demo_book` VALUES ('1040362', '少年哲学向导丛书：脑海中的智慧浪花—思维王国漫游', 'ts004062.pdf', '104', 362);
INSERT INTO `demo_book` VALUES ('1040363', '少年哲学向导丛书：解开宇宙之谜的金钥匙—唯物辩证法浅谈', 'ts004063.pdf', '104', 363);
INSERT INTO `demo_book` VALUES ('1040364', '少年哲学向导丛书：漫步在巨人的智慧王国—毛泽东哲学略览', 'ts004064.pdf', '104', 364);
INSERT INTO `demo_book` VALUES ('1040365', '少年哲学向导丛书：规矩与方圆—逻辑漫谈', 'ts004065.pdf', '104', 365);
INSERT INTO `demo_book` VALUES ('1040366', '少年哲学向导丛书：让美附丽你的人生—人类审美精神漫谈', 'ts004066.pdf', '104', 366);
INSERT INTO `demo_book` VALUES ('1040367', '少年哲学向导丛书：谱写大自然的乐章—自然观纵横谈', 'ts004067.pdf', '104', 367);
INSERT INTO `demo_book` VALUES ('1040368', '少年哲学向导丛书：灵魂深处的漫游—意识之谜的求解', 'ts004068.pdf', '104', 368);
INSERT INTO `demo_book` VALUES ('1040369', '少年哲学向导丛书：天国漫步—马克思主义宗教观概论', 'ts004069.pdf', '104', 369);
INSERT INTO `demo_book` VALUES ('1040370', '少年哲学向导丛书：构筑科学大厦的脚手架—科学方法漫谈', 'ts004070.pdf', '104', 370);
INSERT INTO `demo_book` VALUES ('1040371', '少年哲学向导丛书：诗意的精神—黑格尔哲学概略', 'ts004071.pdf', '104', 371);
INSERT INTO `demo_book` VALUES ('1040372', '少年哲学向导丛书：扭曲的世界—现代西方哲学非理性主义浅介', 'ts004072.pdf', '104', 372);
INSERT INTO `demo_book` VALUES ('1040373', '少年哲学向导丛书：跨世纪的遐想—邓小平哲学思想概要', 'ts004073.pdf', '104', 373);
INSERT INTO `demo_book` VALUES ('1040374', '少年哲学向导丛书：故事里的诡辩术—诡辩术逻辑分析', 'ts004074.pdf', '104', 374);
INSERT INTO `demo_book` VALUES ('1040375', '少年哲学向导丛书：橄榄色的智慧—古希腊哲学漫谈', 'ts004075.pdf', '104', 375);
INSERT INTO `demo_book` VALUES ('1040376', '少年哲学向导丛书：启蒙思想的光华—近代俄国哲学掠影', 'ts004076.pdf', '104', 376);
INSERT INTO `demo_book` VALUES ('1040377', '少年哲学向导丛书：灰色理论树上的常青藤—康德哲学巡览', 'ts004077.pdf', '104', 377);
INSERT INTO `demo_book` VALUES ('1040378', '少年哲学向导丛书：生活的智慧—孔子哲学散论', 'ts004078.pdf', '104', 378);
INSERT INTO `demo_book` VALUES ('1040379', '少年哲学向导丛书：解开社会之谜—历史唯物主义方法述要', 'ts004079.pdf', '104', 379);
INSERT INTO `demo_book` VALUES ('1040380', '少年哲学向导丛书：人之为人的秘密—人的社会化漫谈', 'ts004080.pdf', '104', 380);
INSERT INTO `demo_book` VALUES ('1040381', '少年哲学向导丛书：让心灵的眼睛更加明亮—近代西方唯理论哲学掠影', 'ts004081.pdf', '104', 381);
INSERT INTO `demo_book` VALUES ('1040382', '少年哲学向导丛书：神秘的怪圈—悖论趣话', 'ts004082.pdf', '104', 382);
INSERT INTO `demo_book` VALUES ('1040383', '少年哲学向导丛书：中华学苑一奇葩—《周易》哲学智慧漫谈', 'ts004083.pdf', '104', 383);
INSERT INTO `demo_book` VALUES ('1040384', '少年哲学向导丛书：良知的呼唤—王守仁心学觅踪', 'ts004084.pdf', '104', 384);
INSERT INTO `demo_book` VALUES ('1040385', '少年哲学向导丛书：拨开智慧的迷雾—黄宗羲启蒙哲学面面观', 'ts004085.pdf', '104', 385);
INSERT INTO `demo_book` VALUES ('1040386', '少年哲学向导丛书：游心于无的智者—庄子哲学浅谈', 'ts004086.pdf', '104', 386);
INSERT INTO `demo_book` VALUES ('1040387', '少年哲学向导丛书：悲天悯人的呼号—墨子哲学纵横谈', 'ts004087.pdf', '104', 387);
INSERT INTO `demo_book` VALUES ('1040388', '小学生同步学习辞典二年级数学', 'ts004088.pdf', '104', 388);
INSERT INTO `demo_book` VALUES ('1040389', '小学生同步学习辞典三年级数学', 'ts004089.pdf', '104', 389);
INSERT INTO `demo_book` VALUES ('1040390', '物理小辞典', 'ts004090.pdf', '104', 390);
INSERT INTO `demo_book` VALUES ('1040391', '高中物理学习词典', 'ts004091.pdf', '104', 391);
INSERT INTO `demo_book` VALUES ('1040392', '中学教师实用物理辞典', 'ts004092.pdf', '104', 392);
INSERT INTO `demo_book` VALUES ('1040393', '中学百科全书：物理卷', 'ts004093.pdf', '104', 393);
INSERT INTO `demo_book` VALUES ('1040394', '中学物理教师备课资料手册', 'ts004094.pdf', '104', 394);
INSERT INTO `demo_book` VALUES ('1040395', '初中物理学习词典', 'ts004095.pdf', '104', 395);
INSERT INTO `demo_book` VALUES ('1040396', '物理教师手册', 'ts004096.pdf', '104', 396);
INSERT INTO `demo_book` VALUES ('1040397', '初中生实用辞典物理', 'ts004097.pdf', '104', 397);
INSERT INTO `demo_book` VALUES ('1040398', '中学物理实验大全', 'ts004098.pdf', '104', 398);
INSERT INTO `demo_book` VALUES ('1040399', '中学物理解题辞典(上)', 'ts004099.pdf', '104', 399);
INSERT INTO `demo_book` VALUES ('1040400', '中学物理解题辞典(下)', 'ts004100.pdf', '104', 400);
INSERT INTO `demo_book` VALUES ('1050401', '中小学信息科学知识：信息科学导论', 'ts005001.pdf', '105', 401);
INSERT INTO `demo_book` VALUES ('1050402', '中小学信息科学知识：信息存贮与检查', 'ts005002.pdf', '105', 402);
INSERT INTO `demo_book` VALUES ('1050403', '中小学信息科学知识：办公自动化系统', 'ts005003.pdf', '105', 403);
INSERT INTO `demo_book` VALUES ('1050404', '中小学信息科学知识：数据库系统', 'ts005004.pdf', '105', 404);
INSERT INTO `demo_book` VALUES ('1050405', '中小学信息科学知识：信息与教育', 'ts005005.pdf', '105', 405);
INSERT INTO `demo_book` VALUES ('1050406', '中小学信息科学知识：网络与通讯', 'ts005006.pdf', '105', 406);
INSERT INTO `demo_book` VALUES ('1050407', '中小学信息科学知识：多媒体与多媒体技术', 'ts005007.pdf', '105', 407);
INSERT INTO `demo_book` VALUES ('1050408', '中小学信息科学知识：信息资源管理', 'ts005008.pdf', '105', 408);
INSERT INTO `demo_book` VALUES ('1050409', '中小学信息科学知识：信息系统分析与设计', 'ts005009.pdf', '105', 409);
INSERT INTO `demo_book` VALUES ('1050410', '中小学信息科学知识：信息学方法论', 'ts005010.pdf', '105', 410);
INSERT INTO `demo_book` VALUES ('1050411', '中小学信息科学知识：信息经济与信息产业', 'ts005011.pdf', '105', 411);
INSERT INTO `demo_book` VALUES ('1050412', '中小学信息科学知识：信息高速公路', 'ts005012.pdf', '105', 412);
INSERT INTO `demo_book` VALUES ('1050413', '在Web 网页上使用VBScript 和JScript', 'ts005013.pdf', '105', 413);
INSERT INTO `demo_book` VALUES ('1050414', 'Microsoft Win32 Internet Functions', 'ts005014.pdf', '105', 414);

-- ----------------------------
-- Table structure for demo_cost_stat
-- ----------------------------
DROP TABLE IF EXISTS `demo_cost_stat`;
CREATE TABLE `demo_cost_stat`  (
  `id` int(11) NOT NULL COMMENT '编号',
  `normal_num` int(11) NULL DEFAULT NULL COMMENT '一般',
  `important_num` int(11) NULL DEFAULT NULL COMMENT '重要',
  `emergency_num` int(11) NULL DEFAULT NULL COMMENT '紧急',
  `fault_type` varchar(20) CHARACTER SET utf8 COLLATE utf8_general_ci NULL DEFAULT NULL COMMENT '故障类型',
  PRIMARY KEY (`id`) USING BTREE
) ENGINE = InnoDB CHARACTER SET = utf8 COLLATE = utf8_general_ci COMMENT = '故障人工工时分析' ROW_FORMAT = Dynamic;

-- ----------------------------
-- Records of demo_cost_stat
-- ----------------------------
INSERT INTO `demo_cost_stat` VALUES (1, 34, 34, 3, '设备故障');
INSERT INTO `demo_cost_stat` VALUES (2, 22, 19, 2, '供电故障');
INSERT INTO `demo_cost_stat` VALUES (3, 14, 16, 6, '网络故障');

-- ----------------------------
-- Table structure for demo_line
-- ----------------------------
DROP TABLE IF EXISTS `demo_line`;
CREATE TABLE `demo_line`  (
  `icf_id` int(11) NOT NULL COMMENT '编号',
  `icf_name` varchar(255) CHARACTER SET utf8 COLLATE utf8_general_ci NULL DEFAULT NULL COMMENT '名称',
  `icf_time` datetime(0) NULL DEFAULT NULL COMMENT '时间',
  `icf_voltage` double NULL DEFAULT NULL COMMENT '电压',
  `icf_electricity` double NULL DEFAULT NULL COMMENT '电流',
  PRIMARY KEY (`icf_id`) USING BTREE
) ENGINE = InnoDB CHARACTER SET = utf8 COLLATE = utf8_general_ci COMMENT = '电压电流监控' ROW_FORMAT = Dynamic;

-- ----------------------------
-- Records of demo_line
-- ----------------------------
INSERT INTO `demo_line` VALUES (1, '1', '2018-10-09 09:25:12', 220, 5);
INSERT INTO `demo_line` VALUES (2, '2', '2018-10-10 09:30:48', 230, 10);
INSERT INTO `demo_line` VALUES (3, '3', '2018-10-11 09:31:10', 260, 15);
INSERT INTO `demo_line` VALUES (4, '4', '2018-10-12 09:31:40', 210, 30);
INSERT INTO `demo_line` VALUES (5, '5', '2018-10-13 09:32:09', 160, 50);

-- ----------------------------
-- Table structure for demo_order_main
-- ----------------------------
DROP TABLE IF EXISTS `demo_order_main`;
CREATE TABLE `demo_order_main`  (
  `id` varchar(32) CHARACTER SET utf8 COLLATE utf8_general_ci NOT NULL COMMENT '主键',
  `order_code` varchar(50) CHARACTER SET utf8 COLLATE utf8_general_ci NULL DEFAULT NULL COMMENT '订单号',
  `ctype` varchar(500) CHARACTER SET utf8 COLLATE utf8_general_ci NULL DEFAULT NULL COMMENT '订单类型',
  `order_date` datetime(0) NULL DEFAULT NULL COMMENT '订单日期',
  `order_money` double(10, 3) NULL DEFAULT NULL COMMENT '订单金额',
  `content` varchar(500) CHARACTER SET utf8 COLLATE utf8_general_ci NULL DEFAULT NULL COMMENT '订单备注',
  `create_by` varchar(32) CHARACTER SET utf8 COLLATE utf8_general_ci NULL DEFAULT NULL COMMENT '创建人',
  `create_time` datetime(0) NULL DEFAULT NULL COMMENT '创建时间',
  `update_by` varchar(32) CHARACTER SET utf8 COLLATE utf8_general_ci NULL DEFAULT NULL COMMENT '修改人',
  `update_time` datetime(0) NULL DEFAULT NULL COMMENT '修改时间',
  PRIMARY KEY (`id`) USING BTREE
) ENGINE = InnoDB CHARACTER SET = utf8 COLLATE = utf8_general_ci COMMENT = '订单主表' ROW_FORMAT = Dynamic;

-- ----------------------------
-- Records of demo_order_main
-- ----------------------------
INSERT INTO `demo_order_main` VALUES ('1308281811784146945', '111111', '2', '2020-09-01 10:50:00', 1000.000, '2000年份的二瓶', 'jianli01', '2020-09-22 13:47:45', 'admin', '2020-10-16 09:29:52');
INSERT INTO `demo_order_main` VALUES ('1318447311931543554', '玩儿玩儿', '2', '2020-10-10 00:00:00', 43.000, '44444', 'admin', '2020-10-20 15:01:49', NULL, NULL);
INSERT INTO `demo_order_main` VALUES ('163e2efcbc6d7d54eb3f8a137da8a75a', 'B100', '1', NULL, 3000.000, NULL, 'demo-boot', '2019-03-29 18:43:59', NULL, NULL);
INSERT INTO `demo_order_main` VALUES ('3a867ebf2cebce9bae3f79676d8d86f3', '导入B100', '1', NULL, 3000.000, NULL, 'demo-boot', '2019-03-29 18:43:59', 'admin', '2019-04-08 17:35:13');
INSERT INTO `demo_order_main` VALUES ('4bca3ea6881d39dbf67ef1e42c649766', '1212', '2', NULL, NULL, NULL, 'admin', '2019-04-03 10:55:43', NULL, NULL);
INSERT INTO `demo_order_main` VALUES ('4cba137333127e8e31df7ad168cc3732', '青岛订单A0001', '1', '2019-04-03 10:56:07', NULL, NULL, 'admin', '2019-04-03 10:56:11', NULL, NULL);
INSERT INTO `demo_order_main` VALUES ('54e739bef5b67569c963c38da52581ec', 'NC911', '1', '2019-02-18 09:58:51', 40.000, NULL, 'admin', '2019-02-18 09:58:47', 'admin', '2019-02-18 09:58:59');
INSERT INTO `demo_order_main` VALUES ('5d6e2b9e44037526270b6206196f6689', 'N333', '3', '2019-04-04 17:19:11', NULL, '聪明00', 'admin', '2019-04-04 17:19:40', NULL, NULL);
INSERT INTO `demo_order_main` VALUES ('6a719071a29927a14f19482f8693d69a', 'c100', '1', NULL, 5000.000, NULL, 'demo-boot', '2019-03-29 18:43:59', NULL, NULL);
INSERT INTO `demo_order_main` VALUES ('8ab1186410a65118c4d746eb085d3bed', '导入400', '3', '2019-02-18 09:58:51', 40.000, NULL, 'admin', '2019-02-18 09:58:47', 'admin', '2019-02-18 09:58:59');
INSERT INTO `demo_order_main` VALUES ('9a57c850e4f68cf94ef7d8585dbaf7e6', 'halou100dd', '1', '2019-04-04 17:30:32', NULL, NULL, 'admin', '2019-04-04 17:30:41', 'admin', '2019-04-04 17:31:08');
INSERT INTO `demo_order_main` VALUES ('a2cce75872cc8fcc47f78de9ffd378c2', '导入B100', '1', NULL, 3000.000, NULL, 'demo-boot', '2019-03-29 18:43:59', NULL, NULL);
INSERT INTO `demo_order_main` VALUES ('b190737bd04cca8360e6f87c9ef9ec4e', 'B0018888', '2', NULL, NULL, NULL, 'admin', '2019-02-15 18:39:29', 'admin', '2019-02-15 18:39:37');
INSERT INTO `demo_order_main` VALUES ('d908bfee3377e946e59220c4a4eb414a', 'SSSS001', '4', NULL, 599.000, NULL, 'admin', '2019-04-01 15:43:03', 'admin', '2019-04-01 16:26:52');
INSERT INTO `demo_order_main` VALUES ('e73434dad84ebdce2d4e0c2a2f06d8ea', '导入200', '1', NULL, 3000.000, NULL, 'demo-boot', '2019-03-29 18:43:59', NULL, NULL);
INSERT INTO `demo_order_main` VALUES ('eb13ab35d2946a2b0cfe3452bca1e73f', 'BJ9980', '4', NULL, 90.000, NULL, 'admin', '2019-02-16 17:36:42', 'admin', '2019-02-16 17:46:16');
INSERT INTO `demo_order_main` VALUES ('f618a85b17e2c4dd58d268220c8dd9a1', 'N001', '4', '2019-04-01 19:09:02', 2222.000, NULL, 'admin', '2019-04-01 19:09:47', 'admin', '2019-04-01 19:10:00');
INSERT INTO `demo_order_main` VALUES ('f71f7f8930b5b6b1703d9948d189982b', 'BY911', '1', '2019-04-06 19:08:39', NULL, NULL, 'admin', '2019-04-01 16:36:02', 'admin', '2019-04-01 16:36:08');
INSERT INTO `demo_order_main` VALUES ('f8889aaef6d1bccffd98d2889c0aafb5', 'A100', '4', '2018-10-10 00:00:00', 6000.000, NULL, 'demo-boot', '2019-03-29 18:43:59', NULL, NULL);
INSERT INTO `demo_order_main` VALUES ('fe81ee5d19bbf9eef2066d4f29dfbe0f', 'uuuu', '1', NULL, NULL, NULL, 'demo-boot', '2019-04-03 11:00:39', NULL, NULL);

-- ----------------------------
-- Table structure for demo_order_type
-- ----------------------------
DROP TABLE IF EXISTS `demo_order_type`;
CREATE TABLE `demo_order_type`  (
  `id` varchar(50) CHARACTER SET utf8 COLLATE utf8_general_ci NOT NULL,
  `name` varchar(255) CHARACTER SET utf8 COLLATE utf8_general_ci NULL DEFAULT NULL,
  PRIMARY KEY (`id`) USING BTREE
) ENGINE = InnoDB CHARACTER SET = utf8 COLLATE = utf8_general_ci COMMENT = '订单类型' ROW_FORMAT = Dynamic;

-- ----------------------------
-- Records of demo_order_type
-- ----------------------------
INSERT INTO `demo_order_type` VALUES ('1', '红星二锅头');
INSERT INTO `demo_order_type` VALUES ('2', '牛栏山二锅头');
INSERT INTO `demo_order_type` VALUES ('3', '国窖1573');
INSERT INTO `demo_order_type` VALUES ('4', '散装陈酿');

-- ----------------------------
-- Table structure for demo_org
-- ----------------------------
DROP TABLE IF EXISTS `demo_org`;
CREATE TABLE `demo_org`  (
  `org_id` varchar(50) CHARACTER SET utf8 COLLATE utf8_general_ci NOT NULL COMMENT '机构编号',
  `org_name` varchar(200) CHARACTER SET utf8 COLLATE utf8_general_ci NOT NULL COMMENT '机构名称',
  `parent_id` varchar(50) CHARACTER SET utf8 COLLATE utf8_general_ci NULL DEFAULT NULL COMMENT '上级编号',
  `create_time` datetime(0) NULL DEFAULT NULL COMMENT '创建时间',
  `update_time` datetime(0) NULL DEFAULT NULL COMMENT '修改时间',
  `create_user` varchar(50) CHARACTER SET utf8 COLLATE utf8_general_ci NULL DEFAULT NULL COMMENT '创建用户',
  `update_user` varchar(50) CHARACTER SET utf8 COLLATE utf8_general_ci NULL DEFAULT NULL COMMENT '修改用户',
  PRIMARY KEY (`org_id`) USING BTREE
) ENGINE = MyISAM CHARACTER SET = utf8 CHECKSUM = 1 COLLATE = utf8_general_ci COMMENT = '机构演示' DELAY_KEY_WRITE = 1 ROW_FORMAT = Dynamic;

-- ----------------------------
-- Records of demo_org
-- ----------------------------
INSERT INTO `demo_org` VALUES ('1', '机构1', '0', '2014-12-15 19:45:08', '2014-12-15 20:06:18', 'anonymous', 'anonymous');
INSERT INTO `demo_org` VALUES ('2', '机构2', '0', '2014-12-15 19:45:17', NULL, 'anonymous', NULL);
INSERT INTO `demo_org` VALUES ('1_1', '机构1.1', '1', '2014-12-15 19:47:27', NULL, 'anonymous', NULL);
INSERT INTO `demo_org` VALUES ('1_2', '机构1.2', '1', '2014-12-15 19:47:46', '2014-12-15 20:10:04', 'anonymous', 'anonymous');
INSERT INTO `demo_org` VALUES ('1_1_1', '机构1.1.1', '1_1', '2014-12-15 19:48:06', NULL, 'anonymous', NULL);
INSERT INTO `demo_org` VALUES ('1_2_1', '机构1.2.1', '1_2', '2014-12-15 19:48:26', NULL, 'anonymous', NULL);
INSERT INTO `demo_org` VALUES ('1_1_2', '机构1.1.2', '1_1', '2014-12-15 20:14:23', NULL, 'anonymous', NULL);
INSERT INTO `demo_org` VALUES ('1_2_2', '机构1.2.2', '1_2', '2014-12-15 20:15:32', NULL, 'anonymous', NULL);
INSERT INTO `demo_org` VALUES ('2_1', '机构2.1', '2', '2014-12-15 20:15:56', NULL, 'anonymous', NULL);
INSERT INTO `demo_org` VALUES ('2_1_1', '机构2.1.1', '2_1', '2014-12-15 20:16:16', NULL, 'anonymous', NULL);
INSERT INTO `demo_org` VALUES ('3', '机构3', '0', '2014-12-15 20:16:44', NULL, 'anonymous', NULL);
INSERT INTO `demo_org` VALUES ('3_1', '机构3.1', '3', '2014-12-15 20:17:01', NULL, 'anonymous', NULL);
INSERT INTO `demo_org` VALUES ('4', '机构4', '0', '2014-12-15 20:52:52', NULL, 'anonymous', NULL);

-- ----------------------------
-- Table structure for demo_plan
-- ----------------------------
DROP TABLE IF EXISTS `demo_plan`;
CREATE TABLE `demo_plan`  (
  `id` varchar(50) CHARACTER SET gbk COLLATE gbk_chinese_ci NOT NULL DEFAULT '' COMMENT '计划编号',
  `name` varchar(200) CHARACTER SET gbk COLLATE gbk_chinese_ci NULL DEFAULT NULL COMMENT '计划名称',
  `create_org` varchar(50) CHARACTER SET gbk COLLATE gbk_chinese_ci NULL DEFAULT NULL COMMENT '创建机构',
  `plan_year` varchar(50) CHARACTER SET gbk COLLATE gbk_chinese_ci NULL DEFAULT NULL COMMENT '计划年度',
  `plan_type` varchar(50) CHARACTER SET gbk COLLATE gbk_chinese_ci NULL DEFAULT NULL COMMENT '计划类型',
  `plans_tatus` varchar(50) CHARACTER SET gbk COLLATE gbk_chinese_ci NULL DEFAULT NULL COMMENT '计划状态',
  `create_time` datetime(0) NULL DEFAULT NULL COMMENT '创建时间',
  `update_time` datetime(0) NULL DEFAULT NULL COMMENT '修改时间',
  `create_by` varchar(50) CHARACTER SET gbk COLLATE gbk_chinese_ci NULL DEFAULT NULL COMMENT '编制人',
  `update_by` varchar(50) CHARACTER SET gbk COLLATE gbk_chinese_ci NULL DEFAULT NULL COMMENT '修改人',
  PRIMARY KEY (`id`) USING BTREE
) ENGINE = MyISAM CHARACTER SET = gbk CHECKSUM = 1 COLLATE = gbk_chinese_ci COMMENT = '审计计划' DELAY_KEY_WRITE = 1 ROW_FORMAT = Dynamic;

-- ----------------------------
-- Records of demo_plan
-- ----------------------------
INSERT INTO `demo_plan` VALUES ('001', '测试计划1', '总行', '2020', '1', '1', '2014-12-18 20:00:57', '2020-11-09 17:50:32', 'anonymous', 'admin');
INSERT INTO `demo_plan` VALUES ('002', '计划2', '河北分行', '2020', '2', '2', '2014-12-18 20:13:55', '2020-11-09 17:50:51', 'anonymous', 'admin');

-- ----------------------------
-- Table structure for demo_plan_detail
-- ----------------------------
DROP TABLE IF EXISTS `demo_plan_detail`;
CREATE TABLE `demo_plan_detail`  (
  `id` varchar(50) CHARACTER SET gbk COLLATE gbk_chinese_ci NOT NULL COMMENT '明细编号',
  `name` varchar(200) CHARACTER SET gbk COLLATE gbk_chinese_ci NULL DEFAULT NULL COMMENT '明细名称',
  `remark` varchar(200) CHARACTER SET gbk COLLATE gbk_chinese_ci NULL DEFAULT NULL COMMENT '备注',
  `plan_id` varchar(50) CHARACTER SET gbk COLLATE gbk_chinese_ci NOT NULL DEFAULT '' COMMENT '计划编号',
  `detail_type` varchar(50) CHARACTER SET gbk COLLATE gbk_chinese_ci NULL DEFAULT NULL COMMENT '明细类型',
  `execute_month` varchar(50) CHARACTER SET gbk COLLATE gbk_chinese_ci NULL DEFAULT NULL COMMENT '实施月份',
  `execute_state` varchar(50) CHARACTER SET gbk COLLATE gbk_chinese_ci NULL DEFAULT NULL COMMENT '执行状态',
  `create_by` varchar(50) CHARACTER SET gbk COLLATE gbk_chinese_ci NULL DEFAULT NULL COMMENT '创建人',
  `create_time` datetime(0) NULL DEFAULT NULL COMMENT '创建时间',
  `update_time` datetime(0) NULL DEFAULT NULL COMMENT '修改时间',
  `update_by` varchar(50) CHARACTER SET gbk COLLATE gbk_chinese_ci NULL DEFAULT NULL COMMENT '修改人',
  PRIMARY KEY (`id`) USING BTREE
) ENGINE = MyISAM CHARACTER SET = gbk CHECKSUM = 1 COLLATE = gbk_chinese_ci COMMENT = '计划明细' DELAY_KEY_WRITE = 1 ROW_FORMAT = Dynamic;

-- ----------------------------
-- Records of demo_plan_detail
-- ----------------------------
INSERT INTO `demo_plan_detail` VALUES ('001001', '测试计划明细1', '', '001', '2', '03', '01', 'anonymous', '2014-12-18 20:06:20', '2020-11-09 17:51:10', 'admin');
INSERT INTO `demo_plan_detail` VALUES ('002001', '计划明细2', '今年不打算做了', '002', '1', '12', '01', 'anonymous', '2014-12-18 20:14:35', '2020-11-09 17:51:02', 'admin');

-- ----------------------------
-- Table structure for demo_weather
-- ----------------------------
DROP TABLE IF EXISTS `demo_weather`;
CREATE TABLE `demo_weather`  (
  `id` int(11) NOT NULL COMMENT '编号',
  `month` varchar(255) CHARACTER SET utf8 COLLATE utf8_general_ci NOT NULL COMMENT '月份',
  `evaporation` double(8, 2) NULL DEFAULT NULL COMMENT '蒸发量',
  `rainfall` double(8, 2) NULL DEFAULT NULL COMMENT '降雨量',
  `temperature` double(8, 2) NULL DEFAULT NULL COMMENT '平均温度',
  PRIMARY KEY (`id`) USING BTREE
) ENGINE = InnoDB CHARACTER SET = utf8 COLLATE = utf8_general_ci COMMENT = '天气' ROW_FORMAT = Dynamic;

-- ----------------------------
-- Records of demo_weather
-- ----------------------------
INSERT INTO `demo_weather` VALUES (1, '1月', 2.00, 2.60, 2.00);
INSERT INTO `demo_weather` VALUES (2, '2月', 4.90, 5.90, 2.20);
INSERT INTO `demo_weather` VALUES (3, '3月', 7.00, 9.00, 3.30);
INSERT INTO `demo_weather` VALUES (4, '4月', 23.20, 26.40, 4.50);
INSERT INTO `demo_weather` VALUES (5, '5月', 25.60, 28.70, 6.30);
INSERT INTO `demo_weather` VALUES (6, '6月', 76.70, 70.70, 10.20);
INSERT INTO `demo_weather` VALUES (7, '7月', 135.60, 175.60, 20.30);
INSERT INTO `demo_weather` VALUES (8, '8月', 162.20, 182.20, 23.40);
INSERT INTO `demo_weather` VALUES (9, '9月', 32.60, 48.70, 23.00);
INSERT INTO `demo_weather` VALUES (10, '10月', 20.00, 18.80, 16.50);
INSERT INTO `demo_weather` VALUES (11, '11月', 6.40, 6.00, 12.00);
INSERT INTO `demo_weather` VALUES (12, '12月', 3.30, 2.30, 6.20);

-- ----------------------------
-- Table structure for idx_base
-- ----------------------------
DROP TABLE IF EXISTS `idx_base`;
CREATE TABLE `idx_base`  (
  `id` varchar(50) CHARACTER SET utf8 COLLATE utf8_general_ci NOT NULL COMMENT '编号',
  `name` varchar(255) CHARACTER SET utf8 COLLATE utf8_general_ci NOT NULL COMMENT '名称',
  `description` varchar(255) CHARACTER SET utf8 COLLATE utf8_general_ci NULL DEFAULT NULL COMMENT '描述',
  `dim_config` text CHARACTER SET utf8 COLLATE utf8_general_ci NULL COMMENT '维度信息',
  `measure` varchar(2000) CHARACTER SET utf8 COLLATE utf8_general_ci NULL DEFAULT NULL COMMENT '指标',
  `config` text CHARACTER SET utf8 COLLATE utf8_general_ci NULL COMMENT '配置信息',
  `cnd` text CHARACTER SET utf8 COLLATE utf8_general_ci NULL COMMENT '查询条件',
  `view_id` varchar(50) CHARACTER SET utf8 COLLATE utf8_general_ci NULL DEFAULT NULL COMMENT '视图ID',
  `create_by` varchar(20) CHARACTER SET utf8 COLLATE utf8_general_ci NULL DEFAULT NULL COMMENT '创建人',
  `create_time` datetime(0) NULL DEFAULT NULL COMMENT '创建日期',
  `update_by` varchar(20) CHARACTER SET utf8 COLLATE utf8_general_ci NULL DEFAULT NULL COMMENT '更新人',
  `update_time` datetime(0) NULL DEFAULT NULL COMMENT '更新日期',
  `sys_org_code` varchar(64) CHARACTER SET utf8 COLLATE utf8_general_ci NULL DEFAULT NULL COMMENT '所属部门',
  `catalog_id` varchar(50) CHARACTER SET utf8 COLLATE utf8_general_ci NULL DEFAULT NULL COMMENT '目录ID',
  PRIMARY KEY (`id`) USING BTREE
) ENGINE = InnoDB CHARACTER SET = utf8 COLLATE = utf8_general_ci COMMENT = '指标信息' ROW_FORMAT = Dynamic;

-- ----------------------------
-- Records of idx_base
-- ----------------------------
INSERT INTO `idx_base` VALUES ('1321340495485419522', '纸黄金', '纸黄金', '故障类型', '', '{\"adv\":false,\"cnd\":\"\",\"aggregation\":\"\",\"dimConfig\":\"\",\"measure\":\"\",\"model\":[{\"name\":\"故障类型\",\"type\":\"category\",\"visualType\":\"string\",\"icon\":\"mdi-alphabetical-variant\",\"check\":false},{\"name\":\"一般\",\"type\":\"value\",\"visualType\":\"string\",\"icon\":\"mdi-alphabetical-variant\",\"check\":true},{\"name\":\"重要\",\"type\":\"value\",\"visualType\":\"string\",\"icon\":\"mdi-alphabetical-variant\",\"check\":true},{\"name\":\"紧急\",\"type\":\"value\",\"visualType\":\"string\",\"icon\":\"mdi-alphabetical-variant\",\"check\":true}],\"rows\":[{\"name\":\"一般\",\"visualType\":\"string\",\"type\":\"value\",\"field\":{\"alias\":\"\",\"desc\":\"\",\"useExpression\":false},\"format\":{\"formatType\":\"default\"},\"agg\":\"sum\",\"chart\":{}},{\"name\":\"重要\",\"visualType\":\"string\",\"type\":\"value\",\"field\":{\"alias\":\"\",\"desc\":\"\",\"useExpression\":false},\"format\":{\"formatType\":\"default\"},\"agg\":\"sum\",\"chart\":{}},{\"name\":\"紧急\",\"visualType\":\"string\",\"type\":\"value\",\"field\":{\"alias\":\"\",\"desc\":\"\",\"useExpression\":false},\"format\":{\"formatType\":\"default\"},\"agg\":\"sum\",\"chart\":{}}],\"cols\":[{\"name\":\"故障类型\",\"visualType\":\"string\",\"type\":\"category\",\"field\":{\"alias\":\"\",\"desc\":\"\",\"useExpression\":false},\"format\":{\"formatType\":\"default\"}}],\"name\":\"\",\"description\":\"\",\"viewId\":\"c08fae7c-54ed-4bdc-948b-7ddfa2ce0f98\",\"dragState\":{\"type\":\"\",\"data\":[]},\"draging\":{\"type\":\"\",\"data\":[]}}', '', 'c08fae7c-54ed-4bdc-948b-7ddfa2ce0f98', 'admin', '2020-10-28 14:38:18', 'admin', '2020-10-28 16:30:02', 'A01', '5f9911c36c43186d3c99c88e');
INSERT INTO `idx_base` VALUES ('1321365907678674945', '期货', NULL, 'fault_type', '', '{\"adv\":false,\"cnd\":\"\",\"aggregation\":\"\",\"dimConfig\":\"\",\"measure\":\"\",\"model\":[{\"name\":\"id\",\"type\":\"category\",\"visualType\":\"string\",\"icon\":\"mdi-alphabetical-variant\",\"check\":false},{\"name\":\"normal_num\",\"type\":\"value\",\"visualType\":\"number\",\"icon\":\"mdi-numeric\",\"check\":true},{\"name\":\"important_num\",\"type\":\"value\",\"visualType\":\"number\",\"icon\":\"mdi-numeric\",\"check\":true},{\"name\":\"emergency_num\",\"type\":\"value\",\"visualType\":\"number\",\"icon\":\"mdi-numeric\",\"check\":true},{\"name\":\"fault_type\",\"type\":\"category\",\"visualType\":\"string\",\"icon\":\"mdi-alphabetical-variant\",\"check\":true}],\"rows\":[{\"name\":\"normal_num\",\"visualType\":\"number\",\"type\":\"value\",\"field\":{\"alias\":\"\",\"desc\":\"\",\"useExpression\":false},\"format\":{\"formatType\":\"default\"},\"agg\":\"sum\",\"chart\":{}},{\"name\":\"important_num\",\"visualType\":\"number\",\"type\":\"value\",\"field\":{\"alias\":\"\",\"desc\":\"\",\"useExpression\":false},\"format\":{\"formatType\":\"default\"},\"agg\":\"sum\",\"chart\":{}},{\"name\":\"emergency_num\",\"visualType\":\"number\",\"type\":\"value\",\"field\":{\"alias\":\"\",\"desc\":\"\",\"useExpression\":false},\"format\":{\"formatType\":\"default\"},\"agg\":\"sum\",\"chart\":{}}],\"cols\":[{\"name\":\"fault_type\",\"visualType\":\"string\",\"type\":\"category\",\"field\":{\"alias\":\"\",\"desc\":\"\",\"useExpression\":false},\"format\":{\"formatType\":\"default\"}}],\"name\":\"\",\"description\":\"\",\"viewId\":\"1319474004251074561\",\"dragState\":{\"type\":\"\",\"data\":[]},\"draging\":{\"type\":\"\",\"data\":[]}}', '', '1319474004251074561', 'admin', '2020-10-28 16:19:17', 'admin', '2020-10-28 16:30:21', 'A01', '5f9911ad6c43186d3c99c88c');

-- ----------------------------
-- Table structure for idx_task
-- ----------------------------
DROP TABLE IF EXISTS `idx_task`;
CREATE TABLE `idx_task`  (
  `id` varchar(50) CHARACTER SET utf8 COLLATE utf8_general_ci NOT NULL COMMENT '编号',
  `name` varchar(255) CHARACTER SET utf8 COLLATE utf8_general_ci NOT NULL COMMENT '名称',
  `type` varchar(50) CHARACTER SET utf8 COLLATE utf8_general_ci NULL DEFAULT NULL COMMENT '任务类型（once period 一次性 周期性）',
  `period_type` varchar(50) CHARACTER SET utf8 COLLATE utf8_general_ci NULL DEFAULT NULL COMMENT '周期频次（分钟、小时、天、周、月、季、半年、年)',
  `start_date` datetime(0) NULL DEFAULT NULL COMMENT '开始日期',
  `end_date` datetime(0) NULL DEFAULT NULL COMMENT '结束日期',
  `is_add` char(1) CHARACTER SET utf8 COLLATE utf8_general_ci NULL DEFAULT NULL COMMENT '是否追加',
  `status` varchar(50) CHARACTER SET utf8 COLLATE utf8_general_ci NULL DEFAULT NULL COMMENT '任务状态（running,stop)',
  `create_by` bigint(20) NULL DEFAULT NULL COMMENT '创建人',
  `create_time` datetime(0) NULL DEFAULT NULL COMMENT '创建日期',
  `update_by` bigint(20) NULL DEFAULT NULL COMMENT '更新人',
  `update_time` datetime(0) NULL DEFAULT NULL COMMENT '更新日期',
  `sys_org_code` varchar(64) CHARACTER SET utf8 COLLATE utf8_general_ci NULL DEFAULT NULL COMMENT '所属部门',
  `catalog_id` varchar(50) CHARACTER SET utf8 COLLATE utf8_general_ci NULL DEFAULT NULL COMMENT '目录ID',
  PRIMARY KEY (`id`) USING BTREE
) ENGINE = InnoDB CHARACTER SET = utf8 COLLATE = utf8_general_ci COMMENT = '指标任务' ROW_FORMAT = Dynamic;

-- ----------------------------
-- Records of idx_task
-- ----------------------------
INSERT INTO `idx_task` VALUES ('1320652171603017729', '设备在线率1', 'once', 'minute', '2020-10-01 00:00:00', '2020-10-15 00:00:00', '1', 'stop', NULL, '2020-10-26 00:00:00', NULL, '2020-10-31 09:26:05', 'A01', '5f96901f6c432612f43c86a5');
INSERT INTO `idx_task` VALUES ('1320918533499981825', '按照季度一次性不追加', 'once', 'quarter', '2020-10-27 00:00:00', '2020-11-03 00:00:00', '0', 'stop', NULL, '2020-10-27 00:00:00', NULL, '2020-10-31 17:00:28', 'A01', '5f96901f6c432612f43c86a5');
INSERT INTO `idx_task` VALUES ('1320918973335670785', '驱蚊器翁', 'once', NULL, '2020-10-27 00:00:00', '2020-11-03 00:00:00', '1', 'running', NULL, '2020-10-27 10:43:19', NULL, NULL, 'A01', '5f96901f6c432612f43c86a5');

-- ----------------------------
-- Table structure for idx_task_idx
-- ----------------------------
DROP TABLE IF EXISTS `idx_task_idx`;
CREATE TABLE `idx_task_idx`  (
  `task_id` varchar(50) CHARACTER SET utf8 COLLATE utf8_general_ci NOT NULL COMMENT '任务编号',
  `idx_id` varchar(50) CHARACTER SET utf8 COLLATE utf8_general_ci NOT NULL COMMENT '指标编号',
  `param` text CHARACTER SET utf8 COLLATE utf8_general_ci NULL COMMENT '运行参数',
  `create_by` bigint(20) NULL DEFAULT NULL COMMENT '创建人',
  `create_time` datetime(0) NULL DEFAULT NULL COMMENT '创建日期',
  `update_by` bigint(20) NULL DEFAULT NULL COMMENT '更新人',
  `update_time` datetime(0) NULL DEFAULT NULL COMMENT '更新日期',
  `sys_org_code` varchar(64) CHARACTER SET utf8 COLLATE utf8_general_ci NULL DEFAULT NULL COMMENT '所属部门',
  PRIMARY KEY (`task_id`, `idx_id`) USING BTREE
) ENGINE = InnoDB CHARACTER SET = utf8 COLLATE = utf8_general_ci COMMENT = '任务指标' ROW_FORMAT = Dynamic;

-- ----------------------------
-- Records of idx_task_idx
-- ----------------------------
INSERT INTO `idx_task_idx` VALUES ('1320652171603017729', '1321340495485419522', NULL, NULL, '2020-10-31 16:58:38', NULL, NULL, 'A01');
INSERT INTO `idx_task_idx` VALUES ('1320652171603017729', '1321365907678674945', NULL, NULL, '2020-10-31 09:25:28', NULL, NULL, 'A01');
INSERT INTO `idx_task_idx` VALUES ('1320918533499981825', '1321340495485419522', NULL, NULL, '2020-10-31 16:59:51', NULL, NULL, 'A01');
INSERT INTO `idx_task_idx` VALUES ('1320918533499981825', '1321365907678674945', NULL, NULL, '2020-10-31 16:59:51', NULL, NULL, 'A01');
INSERT INTO `idx_task_idx` VALUES ('1320918973335670785', '1321340495485419522', NULL, NULL, '2020-10-31 17:00:04', NULL, NULL, 'A01');
INSERT INTO `idx_task_idx` VALUES ('1320918973335670785', '1321365907678674945', NULL, NULL, '2020-10-31 17:00:09', NULL, NULL, 'A01');

-- ----------------------------
-- Table structure for idx_task_log
-- ----------------------------
DROP TABLE IF EXISTS `idx_task_log`;
CREATE TABLE `idx_task_log`  (
  `task_id` varchar(50) CHARACTER SET utf8 COLLATE utf8_general_ci NOT NULL COMMENT '任务编号',
  `idx_id` varchar(50) CHARACTER SET utf8 COLLATE utf8_general_ci NOT NULL COMMENT '指标编号',
  `poid` varchar(50) CHARACTER SET utf8 COLLATE utf8_general_ci NOT NULL COMMENT '任务周期',
  `param` text CHARACTER SET utf8 COLLATE utf8_general_ci NULL COMMENT '参数，包括开始和结束数据日期',
  `start_time` datetime(0) NULL DEFAULT NULL COMMENT '开始时间',
  `end_time` datetime(0) NOT NULL COMMENT '结束日期',
  `status` varchar(50) CHARACTER SET utf8 COLLATE utf8_general_ci NULL DEFAULT NULL COMMENT '任务状态（ready running stop)',
  `err_msg` text CHARACTER SET utf8 COLLATE utf8_general_ci NULL COMMENT '错误信息',
  `create_by` bigint(20) NULL DEFAULT NULL COMMENT '创建人',
  `create_time` datetime(0) NULL DEFAULT NULL COMMENT '创建日期',
  `update_by` bigint(20) NULL DEFAULT NULL COMMENT '更新人',
  `update_time` datetime(0) NULL DEFAULT NULL COMMENT '更新日期',
  `sys_org_code` varchar(64) CHARACTER SET utf8 COLLATE utf8_general_ci NULL DEFAULT NULL COMMENT '所属部门',
  `catalog_id` varchar(50) CHARACTER SET utf8 COLLATE utf8_general_ci NULL DEFAULT NULL COMMENT '目录ID',
  PRIMARY KEY (`task_id`, `idx_id`, `poid`) USING BTREE
) ENGINE = InnoDB CHARACTER SET = utf8 COLLATE = utf8_general_ci COMMENT = '任务日志' ROW_FORMAT = Dynamic;

-- ----------------------------
-- Table structure for oss_file
-- ----------------------------
DROP TABLE IF EXISTS `oss_file`;
CREATE TABLE `oss_file`  (
  `id` varchar(32) CHARACTER SET utf8 COLLATE utf8_general_ci NOT NULL COMMENT '主键id',
  `file_name` varchar(255) CHARACTER SET utf8 COLLATE utf8_general_ci NULL DEFAULT NULL COMMENT '文件名称',
  `url` varchar(255) CHARACTER SET utf8 COLLATE utf8_general_ci NULL DEFAULT NULL COMMENT '文件地址',
  `create_by` varchar(32) CHARACTER SET utf8 COLLATE utf8_general_ci NULL DEFAULT NULL COMMENT '创建人登录名称',
  `create_time` datetime(0) NULL DEFAULT NULL COMMENT '创建日期',
  `update_by` varchar(32) CHARACTER SET utf8 COLLATE utf8_general_ci NULL DEFAULT NULL COMMENT '更新人登录名称',
  `update_time` datetime(0) NULL DEFAULT NULL COMMENT '更新日期',
  PRIMARY KEY (`id`) USING BTREE
) ENGINE = InnoDB CHARACTER SET = utf8 COLLATE = utf8_general_ci COMMENT = 'Oss File' ROW_FORMAT = Dynamic;

-- ----------------------------
-- Table structure for qrtz_blob_triggers
-- ----------------------------
DROP TABLE IF EXISTS `qrtz_blob_triggers`;
CREATE TABLE `qrtz_blob_triggers`  (
  `sched_name` varchar(120) CHARACTER SET utf8 COLLATE utf8_general_ci NOT NULL,
  `trigger_name` varchar(200) CHARACTER SET utf8 COLLATE utf8_general_ci NOT NULL,
  `trigger_group` varchar(200) CHARACTER SET utf8 COLLATE utf8_general_ci NOT NULL,
  `blob_data` blob NULL,
  PRIMARY KEY (`sched_name`, `trigger_name`, `trigger_group`) USING BTREE,
  CONSTRAINT `qrtz_blob_triggers_ibfk_1` FOREIGN KEY (`sched_name`, `trigger_name`, `trigger_group`) REFERENCES `qrtz_triggers` (`sched_name`, `trigger_name`, `trigger_group`) ON DELETE RESTRICT ON UPDATE RESTRICT
) ENGINE = InnoDB CHARACTER SET = utf8 COLLATE = utf8_general_ci COMMENT = 'InnoDB free: 504832 kB; (`SCHED_NAME` `TRIGGER_NAME` `TRIGGE' ROW_FORMAT = Dynamic;

-- ----------------------------
-- Table structure for qrtz_calendars
-- ----------------------------
DROP TABLE IF EXISTS `qrtz_calendars`;
CREATE TABLE `qrtz_calendars`  (
  `sched_name` varchar(120) CHARACTER SET utf8 COLLATE utf8_general_ci NOT NULL,
  `calendar_name` varchar(200) CHARACTER SET utf8 COLLATE utf8_general_ci NOT NULL,
  `calendar` blob NOT NULL,
  PRIMARY KEY (`sched_name`, `calendar_name`) USING BTREE
) ENGINE = InnoDB CHARACTER SET = utf8 COLLATE = utf8_general_ci ROW_FORMAT = Dynamic;

-- ----------------------------
-- Table structure for qrtz_cron_triggers
-- ----------------------------
DROP TABLE IF EXISTS `qrtz_cron_triggers`;
CREATE TABLE `qrtz_cron_triggers`  (
  `sched_name` varchar(120) CHARACTER SET utf8 COLLATE utf8_general_ci NOT NULL,
  `trigger_name` varchar(200) CHARACTER SET utf8 COLLATE utf8_general_ci NOT NULL,
  `trigger_group` varchar(200) CHARACTER SET utf8 COLLATE utf8_general_ci NOT NULL,
  `cron_expression` varchar(200) CHARACTER SET utf8 COLLATE utf8_general_ci NOT NULL,
  `time_zone_id` varchar(80) CHARACTER SET utf8 COLLATE utf8_general_ci NULL DEFAULT NULL,
  PRIMARY KEY (`sched_name`, `trigger_name`, `trigger_group`) USING BTREE,
  CONSTRAINT `qrtz_cron_triggers_ibfk_1` FOREIGN KEY (`sched_name`, `trigger_name`, `trigger_group`) REFERENCES `qrtz_triggers` (`sched_name`, `trigger_name`, `trigger_group`) ON DELETE RESTRICT ON UPDATE RESTRICT
) ENGINE = InnoDB CHARACTER SET = utf8 COLLATE = utf8_general_ci COMMENT = 'InnoDB free: 504832 kB; (`SCHED_NAME` `TRIGGER_NAME` `TRIGGE' ROW_FORMAT = Dynamic;

-- ----------------------------
-- Records of qrtz_cron_triggers
-- ----------------------------
INSERT INTO `qrtz_cron_triggers` VALUES ('MyScheduler', 'org.jeecg.modules.message.job.SendMsgJob', 'DEFAULT', '0/50 * * * * ? *', 'Asia/Shanghai');
INSERT INTO `qrtz_cron_triggers` VALUES ('MyScheduler', 'org.jeecg.modules.quartz.job.SampleJob', 'DEFAULT', '0/1 * * * * ?', 'Asia/Shanghai');
INSERT INTO `qrtz_cron_triggers` VALUES ('MyScheduler', 'org.jeecg.modules.quartz.job.SampleParamJob', 'DEFAULT', '0/1 * * * * ?', 'Asia/Shanghai');

-- ----------------------------
-- Table structure for qrtz_fired_triggers
-- ----------------------------
DROP TABLE IF EXISTS `qrtz_fired_triggers`;
CREATE TABLE `qrtz_fired_triggers`  (
  `sched_name` varchar(120) CHARACTER SET utf8 COLLATE utf8_general_ci NOT NULL,
  `entry_id` varchar(95) CHARACTER SET utf8 COLLATE utf8_general_ci NOT NULL,
  `trigger_name` varchar(200) CHARACTER SET utf8 COLLATE utf8_general_ci NOT NULL,
  `trigger_group` varchar(200) CHARACTER SET utf8 COLLATE utf8_general_ci NOT NULL,
  `instance_name` varchar(200) CHARACTER SET utf8 COLLATE utf8_general_ci NOT NULL,
  `fired_time` bigint(13) NOT NULL,
  `sched_time` bigint(13) NOT NULL,
  `priority` int(11) NOT NULL,
  `state` varchar(16) CHARACTER SET utf8 COLLATE utf8_general_ci NOT NULL,
  `job_name` varchar(200) CHARACTER SET utf8 COLLATE utf8_general_ci NULL DEFAULT NULL,
  `job_group` varchar(200) CHARACTER SET utf8 COLLATE utf8_general_ci NULL DEFAULT NULL,
  `is_nonconcurrent` varchar(1) CHARACTER SET utf8 COLLATE utf8_general_ci NULL DEFAULT NULL,
  `requests_recovery` varchar(1) CHARACTER SET utf8 COLLATE utf8_general_ci NULL DEFAULT NULL,
  PRIMARY KEY (`sched_name`, `entry_id`) USING BTREE
) ENGINE = InnoDB CHARACTER SET = utf8 COLLATE = utf8_general_ci ROW_FORMAT = Dynamic;

-- ----------------------------
-- Table structure for qrtz_job_details
-- ----------------------------
DROP TABLE IF EXISTS `qrtz_job_details`;
CREATE TABLE `qrtz_job_details`  (
  `sched_name` varchar(120) CHARACTER SET utf8 COLLATE utf8_general_ci NOT NULL,
  `job_name` varchar(200) CHARACTER SET utf8 COLLATE utf8_general_ci NOT NULL,
  `job_group` varchar(200) CHARACTER SET utf8 COLLATE utf8_general_ci NOT NULL,
  `description` varchar(250) CHARACTER SET utf8 COLLATE utf8_general_ci NULL DEFAULT NULL,
  `job_class_name` varchar(250) CHARACTER SET utf8 COLLATE utf8_general_ci NOT NULL,
  `is_durable` varchar(1) CHARACTER SET utf8 COLLATE utf8_general_ci NOT NULL,
  `is_nonconcurrent` varchar(1) CHARACTER SET utf8 COLLATE utf8_general_ci NOT NULL,
  `is_update_data` varchar(1) CHARACTER SET utf8 COLLATE utf8_general_ci NOT NULL,
  `requests_recovery` varchar(1) CHARACTER SET utf8 COLLATE utf8_general_ci NOT NULL,
  `job_data` blob NULL,
  PRIMARY KEY (`sched_name`, `job_name`, `job_group`) USING BTREE
) ENGINE = InnoDB CHARACTER SET = utf8 COLLATE = utf8_general_ci ROW_FORMAT = Dynamic;

-- ----------------------------
-- Records of qrtz_job_details
-- ----------------------------
INSERT INTO `qrtz_job_details` VALUES ('MyScheduler', 'org.jeecg.modules.message.job.SendMsgJob', 'DEFAULT', NULL, 'org.jeecg.modules.message.job.SendMsgJob', '0', '0', '0', '0', 0xACED0005737200156F72672E71756172747A2E4A6F62446174614D61709FB083E8BFA9B0CB020000787200266F72672E71756172747A2E7574696C732E537472696E674B65794469727479466C61674D61708208E8C3FBC55D280200015A0013616C6C6F77735472616E7369656E74446174617872001D6F72672E71756172747A2E7574696C732E4469727479466C61674D617013E62EAD28760ACE0200025A000564697274794C00036D617074000F4C6A6176612F7574696C2F4D61703B787001737200116A6176612E7574696C2E486173684D61700507DAC1C31660D103000246000A6C6F6164466163746F724900097468726573686F6C6478703F4000000000000C77080000001000000001740009706172616D65746572707800);
INSERT INTO `qrtz_job_details` VALUES ('MyScheduler', 'org.jeecg.modules.quartz.job.SampleJob', 'DEFAULT', NULL, 'org.jeecg.modules.quartz.job.SampleJob', '0', '0', '0', '0', 0xACED0005737200156F72672E71756172747A2E4A6F62446174614D61709FB083E8BFA9B0CB020000787200266F72672E71756172747A2E7574696C732E537472696E674B65794469727479466C61674D61708208E8C3FBC55D280200015A0013616C6C6F77735472616E7369656E74446174617872001D6F72672E71756172747A2E7574696C732E4469727479466C61674D617013E62EAD28760ACE0200025A000564697274794C00036D617074000F4C6A6176612F7574696C2F4D61703B787001737200116A6176612E7574696C2E486173684D61700507DAC1C31660D103000246000A6C6F6164466163746F724900097468726573686F6C6478703F4000000000000C77080000001000000001740009706172616D65746572707800);
INSERT INTO `qrtz_job_details` VALUES ('MyScheduler', 'org.jeecg.modules.quartz.job.SampleParamJob', 'DEFAULT', NULL, 'org.jeecg.modules.quartz.job.SampleParamJob', '0', '0', '0', '0', 0xACED0005737200156F72672E71756172747A2E4A6F62446174614D61709FB083E8BFA9B0CB020000787200266F72672E71756172747A2E7574696C732E537472696E674B65794469727479466C61674D61708208E8C3FBC55D280200015A0013616C6C6F77735472616E7369656E74446174617872001D6F72672E71756172747A2E7574696C732E4469727479466C61674D617013E62EAD28760ACE0200025A000564697274794C00036D617074000F4C6A6176612F7574696C2F4D61703B787001737200116A6176612E7574696C2E486173684D61700507DAC1C31660D103000246000A6C6F6164466163746F724900097468726573686F6C6478703F4000000000000C77080000001000000001740009706172616D6574657274000573636F74747800);

-- ----------------------------
-- Table structure for qrtz_locks
-- ----------------------------
DROP TABLE IF EXISTS `qrtz_locks`;
CREATE TABLE `qrtz_locks`  (
  `sched_name` varchar(120) CHARACTER SET utf8 COLLATE utf8_general_ci NOT NULL,
  `lock_name` varchar(40) CHARACTER SET utf8 COLLATE utf8_general_ci NOT NULL,
  PRIMARY KEY (`sched_name`, `lock_name`) USING BTREE
) ENGINE = InnoDB CHARACTER SET = utf8 COLLATE = utf8_general_ci ROW_FORMAT = Dynamic;

-- ----------------------------
-- Records of qrtz_locks
-- ----------------------------
INSERT INTO `qrtz_locks` VALUES ('MyScheduler', 'STATE_ACCESS');
INSERT INTO `qrtz_locks` VALUES ('MyScheduler', 'TRIGGER_ACCESS');
INSERT INTO `qrtz_locks` VALUES ('quartzScheduler', 'TRIGGER_ACCESS');

-- ----------------------------
-- Table structure for qrtz_paused_trigger_grps
-- ----------------------------
DROP TABLE IF EXISTS `qrtz_paused_trigger_grps`;
CREATE TABLE `qrtz_paused_trigger_grps`  (
  `sched_name` varchar(120) CHARACTER SET utf8 COLLATE utf8_general_ci NOT NULL,
  `trigger_group` varchar(200) CHARACTER SET utf8 COLLATE utf8_general_ci NOT NULL,
  PRIMARY KEY (`sched_name`, `trigger_group`) USING BTREE
) ENGINE = InnoDB CHARACTER SET = utf8 COLLATE = utf8_general_ci ROW_FORMAT = Dynamic;

-- ----------------------------
-- Table structure for qrtz_scheduler_state
-- ----------------------------
DROP TABLE IF EXISTS `qrtz_scheduler_state`;
CREATE TABLE `qrtz_scheduler_state`  (
  `sched_name` varchar(120) CHARACTER SET utf8 COLLATE utf8_general_ci NOT NULL,
  `instance_name` varchar(200) CHARACTER SET utf8 COLLATE utf8_general_ci NOT NULL,
  `last_checkin_time` bigint(13) NOT NULL,
  `checkin_interval` bigint(13) NOT NULL,
  PRIMARY KEY (`sched_name`, `instance_name`) USING BTREE
) ENGINE = InnoDB CHARACTER SET = utf8 COLLATE = utf8_general_ci ROW_FORMAT = Dynamic;

-- ----------------------------
-- Records of qrtz_scheduler_state
-- ----------------------------
INSERT INTO `qrtz_scheduler_state` VALUES ('MyScheduler', 'SKY-20200315IMD1608427741035', 1608430735002, 10000);

-- ----------------------------
-- Table structure for qrtz_simple_triggers
-- ----------------------------
DROP TABLE IF EXISTS `qrtz_simple_triggers`;
CREATE TABLE `qrtz_simple_triggers`  (
  `sched_name` varchar(120) CHARACTER SET utf8 COLLATE utf8_general_ci NOT NULL,
  `trigger_name` varchar(200) CHARACTER SET utf8 COLLATE utf8_general_ci NOT NULL,
  `trigger_group` varchar(200) CHARACTER SET utf8 COLLATE utf8_general_ci NOT NULL,
  `repeat_count` bigint(7) NOT NULL,
  `repeat_interval` bigint(12) NOT NULL,
  `times_triggered` bigint(10) NOT NULL,
  PRIMARY KEY (`sched_name`, `trigger_name`, `trigger_group`) USING BTREE,
  CONSTRAINT `qrtz_simple_triggers_ibfk_1` FOREIGN KEY (`sched_name`, `trigger_name`, `trigger_group`) REFERENCES `qrtz_triggers` (`sched_name`, `trigger_name`, `trigger_group`) ON DELETE RESTRICT ON UPDATE RESTRICT
) ENGINE = InnoDB CHARACTER SET = utf8 COLLATE = utf8_general_ci COMMENT = 'InnoDB free: 504832 kB; (`SCHED_NAME` `TRIGGER_NAME` `TRIGGE' ROW_FORMAT = Dynamic;

-- ----------------------------
-- Table structure for qrtz_simprop_triggers
-- ----------------------------
DROP TABLE IF EXISTS `qrtz_simprop_triggers`;
CREATE TABLE `qrtz_simprop_triggers`  (
  `sched_name` varchar(120) CHARACTER SET utf8 COLLATE utf8_general_ci NOT NULL,
  `trigger_name` varchar(200) CHARACTER SET utf8 COLLATE utf8_general_ci NOT NULL,
  `trigger_group` varchar(200) CHARACTER SET utf8 COLLATE utf8_general_ci NOT NULL,
  `str_prop_1` varchar(512) CHARACTER SET utf8 COLLATE utf8_general_ci NULL DEFAULT NULL,
  `str_prop_2` varchar(512) CHARACTER SET utf8 COLLATE utf8_general_ci NULL DEFAULT NULL,
  `str_prop_3` varchar(512) CHARACTER SET utf8 COLLATE utf8_general_ci NULL DEFAULT NULL,
  `int_prop_1` int(11) NULL DEFAULT NULL,
  `int_prop_2` int(11) NULL DEFAULT NULL,
  `long_prop_1` bigint(20) NULL DEFAULT NULL,
  `long_prop_2` bigint(20) NULL DEFAULT NULL,
  `dec_prop_1` decimal(13, 4) NULL DEFAULT NULL,
  `dec_prop_2` decimal(13, 4) NULL DEFAULT NULL,
  `bool_prop_1` varchar(1) CHARACTER SET utf8 COLLATE utf8_general_ci NULL DEFAULT NULL,
  `bool_prop_2` varchar(1) CHARACTER SET utf8 COLLATE utf8_general_ci NULL DEFAULT NULL,
  PRIMARY KEY (`sched_name`, `trigger_name`, `trigger_group`) USING BTREE,
  CONSTRAINT `qrtz_simprop_triggers_ibfk_1` FOREIGN KEY (`sched_name`, `trigger_name`, `trigger_group`) REFERENCES `qrtz_triggers` (`sched_name`, `trigger_name`, `trigger_group`) ON DELETE RESTRICT ON UPDATE RESTRICT
) ENGINE = InnoDB CHARACTER SET = utf8 COLLATE = utf8_general_ci COMMENT = 'InnoDB free: 504832 kB; (`SCHED_NAME` `TRIGGER_NAME` `TRIGGE' ROW_FORMAT = Dynamic;

-- ----------------------------
-- Table structure for qrtz_triggers
-- ----------------------------
DROP TABLE IF EXISTS `qrtz_triggers`;
CREATE TABLE `qrtz_triggers`  (
  `sched_name` varchar(120) CHARACTER SET utf8 COLLATE utf8_general_ci NOT NULL,
  `trigger_name` varchar(200) CHARACTER SET utf8 COLLATE utf8_general_ci NOT NULL,
  `trigger_group` varchar(200) CHARACTER SET utf8 COLLATE utf8_general_ci NOT NULL,
  `job_name` varchar(200) CHARACTER SET utf8 COLLATE utf8_general_ci NOT NULL,
  `job_group` varchar(200) CHARACTER SET utf8 COLLATE utf8_general_ci NOT NULL,
  `description` varchar(250) CHARACTER SET utf8 COLLATE utf8_general_ci NULL DEFAULT NULL,
  `next_fire_time` bigint(13) NULL DEFAULT NULL,
  `prev_fire_time` bigint(13) NULL DEFAULT NULL,
  `priority` int(11) NULL DEFAULT NULL,
  `trigger_state` varchar(16) CHARACTER SET utf8 COLLATE utf8_general_ci NOT NULL,
  `trigger_type` varchar(8) CHARACTER SET utf8 COLLATE utf8_general_ci NOT NULL,
  `start_time` bigint(13) NOT NULL,
  `end_time` bigint(13) NULL DEFAULT NULL,
  `calendar_name` varchar(200) CHARACTER SET utf8 COLLATE utf8_general_ci NULL DEFAULT NULL,
  `misfire_instr` smallint(2) NULL DEFAULT NULL,
  `job_data` blob NULL,
  PRIMARY KEY (`sched_name`, `trigger_name`, `trigger_group`) USING BTREE,
  INDEX `sched_name`(`sched_name`, `job_name`, `job_group`) USING BTREE,
  CONSTRAINT `qrtz_triggers_ibfk_1` FOREIGN KEY (`sched_name`, `job_name`, `job_group`) REFERENCES `qrtz_job_details` (`sched_name`, `job_name`, `job_group`) ON DELETE RESTRICT ON UPDATE RESTRICT
) ENGINE = InnoDB CHARACTER SET = utf8 COLLATE = utf8_general_ci COMMENT = 'InnoDB free: 504832 kB; (`SCHED_NAME` `JOB_NAME` `JOB_GROUP`' ROW_FORMAT = Dynamic;

-- ----------------------------
-- Records of qrtz_triggers
-- ----------------------------
INSERT INTO `qrtz_triggers` VALUES ('MyScheduler', 'org.jeecg.modules.message.job.SendMsgJob', 'DEFAULT', 'org.jeecg.modules.message.job.SendMsgJob', 'DEFAULT', NULL, 1588405730000, 1588405680000, 5, 'PAUSED', 'CRON', 1588405284000, 0, NULL, 0, '');
INSERT INTO `qrtz_triggers` VALUES ('MyScheduler', 'org.jeecg.modules.quartz.job.SampleJob', 'DEFAULT', 'org.jeecg.modules.quartz.job.SampleJob', 'DEFAULT', NULL, 1588405730000, 1588405729000, 5, 'PAUSED', 'CRON', 1588405237000, 0, NULL, 0, '');
INSERT INTO `qrtz_triggers` VALUES ('MyScheduler', 'org.jeecg.modules.quartz.job.SampleParamJob', 'DEFAULT', 'org.jeecg.modules.quartz.job.SampleParamJob', 'DEFAULT', NULL, 1588405236000, 1588405235000, 5, 'PAUSED', 'CRON', 1588405221000, 0, NULL, 0, '');

-- ----------------------------
-- Table structure for sys_announcement
-- ----------------------------
DROP TABLE IF EXISTS `sys_announcement`;
CREATE TABLE `sys_announcement`  (
  `id` varchar(32) CHARACTER SET utf8 COLLATE utf8_general_ci NOT NULL,
  `titile` varchar(100) CHARACTER SET utf8 COLLATE utf8_general_ci NULL DEFAULT NULL COMMENT '标题',
  `msg_content` text CHARACTER SET utf8 COLLATE utf8_general_ci NULL COMMENT '内容',
  `start_time` datetime(0) NULL DEFAULT NULL COMMENT '开始时间',
  `end_time` datetime(0) NULL DEFAULT NULL COMMENT '结束时间',
  `sender` varchar(100) CHARACTER SET utf8 COLLATE utf8_general_ci NULL DEFAULT NULL COMMENT '发布人',
  `priority` varchar(255) CHARACTER SET utf8 COLLATE utf8_general_ci NULL DEFAULT NULL COMMENT '优先级（L低，M中，H高）',
  `msg_category` varchar(10) CHARACTER SET utf8 COLLATE utf8_general_ci NOT NULL DEFAULT '2' COMMENT '消息类型1:通知公告2:系统消息',
  `msg_type` varchar(10) CHARACTER SET utf8 COLLATE utf8_general_ci NULL DEFAULT NULL COMMENT '通告对象类型（USER:指定用户，ALL:全体用户）',
  `send_status` varchar(10) CHARACTER SET utf8 COLLATE utf8_general_ci NULL DEFAULT NULL COMMENT '发布状态（0未发布，1已发布，2已撤销）',
  `send_time` datetime(0) NULL DEFAULT NULL COMMENT '发布时间',
  `cancel_time` datetime(0) NULL DEFAULT NULL COMMENT '撤销时间',
  `del_flag` varchar(1) CHARACTER SET utf8 COLLATE utf8_general_ci NULL DEFAULT NULL COMMENT '删除状态（0，正常，1已删除）',
  `bus_type` varchar(20) CHARACTER SET utf8 COLLATE utf8_general_ci NULL DEFAULT NULL COMMENT '业务类型(email:邮件 bpm:流程)',
  `bus_id` varchar(50) CHARACTER SET utf8 COLLATE utf8_general_ci NULL DEFAULT NULL COMMENT '业务id',
  `open_type` varchar(20) CHARACTER SET utf8 COLLATE utf8_general_ci NULL DEFAULT NULL COMMENT '打开方式(组件：component 路由：url)',
  `open_page` varchar(255) CHARACTER SET utf8 COLLATE utf8_general_ci NULL DEFAULT NULL COMMENT '组件/路由 地址',
  `create_by` varchar(32) CHARACTER SET utf8 COLLATE utf8_general_ci NULL DEFAULT NULL COMMENT '创建人',
  `create_time` datetime(0) NULL DEFAULT NULL COMMENT '创建时间',
  `update_by` varchar(32) CHARACTER SET utf8 COLLATE utf8_general_ci NULL DEFAULT NULL COMMENT '更新人',
  `update_time` datetime(0) NULL DEFAULT NULL COMMENT '更新时间',
  `user_ids` text CHARACTER SET utf8 COLLATE utf8_general_ci NULL COMMENT '指定用户',
  `msg_abstract` text CHARACTER SET utf8 COLLATE utf8_general_ci NULL COMMENT '摘要',
  PRIMARY KEY (`id`) USING BTREE
) ENGINE = InnoDB CHARACTER SET = utf8 COLLATE = utf8_general_ci COMMENT = '系统通告表' ROW_FORMAT = Dynamic;

-- ----------------------------
-- Records of sys_announcement
-- ----------------------------
INSERT INTO `sys_announcement` VALUES ('1256486502931722242', 'JeecgBoot 2.2.0版本发布', '<h5 id=\"h5_5\" style=\"box-sizing: inherit; font-family: \'PingFang SC\', \'Helvetica Neue\', \'Microsoft YaHei UI\', \'Microsoft YaHei\', \'Noto Sans CJK SC\', Sathu, EucrosiaUPC, Arial, Helvetica, sans-serif; line-height: 1.8; margin: 22px 0px 16px; padding: 0px; font-size: 18px; border: none; color: #333333; background-color: #ffffff;\">升级不兼容</h5>\n<ul style=\"box-sizing: inherit; margin: 0px 0px 20px; padding: 0px 0px 0px 20px; color: #333333; font-family: -apple-system, BlinkMacSystemFont, \'Apple Color Emoji\', \'Segoe UI Emoji\', \'Segoe UI Symbol\', \'Segoe UI\', \'PingFang SC\', \'Hiragino Sans GB\', \'Microsoft YaHei\', \'Helvetica Neue\', Helvetica, Arial, sans-serif; font-size: 16px; background-color: #ffffff;\">\n<li style=\"box-sizing: inherit; line-height: 1.875em; margin-top: 0px;\">1、升级 ant-design-vue 到最新版本 1.5.2，会导致使用disabled的组件不可用（需要全局替换disabled 为readOnly；另外原来readOnly不允许全小写）</li>\n<li style=\"box-sizing: inherit; line-height: 1.875em;\">2、JSearchSelectTag.vue行编辑的popup传参做了修改，需要全局替换 orgFieldse 为 orgFields</li>\n<li style=\"box-sizing: inherit; line-height: 1.875em;\">3、 项目删除了sass，全部换成 less，其中涉及/deep/语法得改造</li>\n<li style=\"box-sizing: inherit; line-height: 1.875em; margin-bottom: 0px;\">4、 Online表单的填值规则用法修改了&nbsp;<a style=\"box-sizing: inherit; background-color: transparent; color: #4183c4; text-decoration-line: none;\" href=\"http://doc.jeecg.com/1630378\">文档</a></li>\n</ul>\n<h5 id=\"h5_6\" style=\"box-sizing: inherit; font-family: \'PingFang SC\', \'Helvetica Neue\', \'Microsoft YaHei UI\', \'Microsoft YaHei\', \'Noto Sans CJK SC\', Sathu, EucrosiaUPC, Arial, Helvetica, sans-serif; line-height: 1.8; margin: 22px 0px 16px; padding: 0px; font-size: 18px; border: none; color: #333333; background-color: #ffffff;\">较大改造</h5>\n<ul style=\"box-sizing: inherit; margin: 0px 0px 20px; padding: 0px 0px 0px 20px; color: #333333; font-family: -apple-system, BlinkMacSystemFont, \'Apple Color Emoji\', \'Segoe UI Emoji\', \'Segoe UI Symbol\', \'Segoe UI\', \'PingFang SC\', \'Hiragino Sans GB\', \'Microsoft YaHei\', \'Helvetica Neue\', Helvetica, Arial, sans-serif; font-size: 16px; background-color: #ffffff;\">\n<li style=\"box-sizing: inherit; line-height: 1.875em; margin-top: 0px;\">登录的时候一次性加载系统字典，进行前端缓存，减少ajax重复请求</li>\n<li style=\"box-sizing: inherit; line-height: 1.875em;\">修改定时任务quartz配置</li>\n<li style=\"box-sizing: inherit; line-height: 1.875em;\">logback-spring.xml配置不按照日期和大小生成新日志文件问题修复</li>\n<li style=\"box-sizing: inherit; line-height: 1.875em;\">vue-cli3 编译打包进行zip压缩优化</li>\n<li style=\"box-sizing: inherit; line-height: 1.875em;\">根据index.html页面window._CONFIG[\'domianURL\']，指定 axios的 baseURL（所以vue的代理没有用了）</li>\n<li style=\"box-sizing: inherit; line-height: 1.875em;\">JEditableTable重构，新增获取值时应该把临时id去掉、行编辑修改不直接更改数据源的ID</li>\n<li style=\"box-sizing: inherit; line-height: 1.875em; margin-bottom: 0px;\">Online模块重点优化升级、Online代码生成器重点优化升级</li>\n</ul>\n<h5 id=\"h5_7\" style=\"box-sizing: inherit; font-family: \'PingFang SC\', \'Helvetica Neue\', \'Microsoft YaHei UI\', \'Microsoft YaHei\', \'Noto Sans CJK SC\', Sathu, EucrosiaUPC, Arial, Helvetica, sans-serif; line-height: 1.8; margin: 22px 0px 16px; padding: 0px; font-size: 18px; border: none; color: #333333; background-color: #ffffff;\">ONLINE升级</h5>\n<ul style=\"box-sizing: inherit; margin: 0px 0px 20px; padding: 0px 0px 0px 20px; color: #333333; font-family: -apple-system, BlinkMacSystemFont, \'Apple Color Emoji\', \'Segoe UI Emoji\', \'Segoe UI Symbol\', \'Segoe UI\', \'PingFang SC\', \'Hiragino Sans GB\', \'Microsoft YaHei\', \'Helvetica Neue\', Helvetica, Arial, sans-serif; font-size: 16px; background-color: #ffffff;\">\n<li style=\"box-sizing: inherit; line-height: 1.875em; margin-top: 0px;\">Online访问权限控制实现，如果online表单配置了菜单，则用户需要授权才能访问此表单</li>\n<li style=\"box-sizing: inherit; line-height: 1.875em;\">Online表单新增组件： 省市区地域组件、开关组件、三级联动(级联下拉)组件、markdown组件</li>\n<li style=\"box-sizing: inherit; line-height: 1.875em;\">Online表单弹窗宽度，根据不同的列数显示不同的宽度，实现更好的效果</li>\n<li style=\"box-sizing: inherit; line-height: 1.875em;\">Online 树表单功能一系列优化，比如数据列新增添加下级按钮功能、添加下级不自动展开列表等问题</li>\n<li style=\"box-sizing: inherit; line-height: 1.875em;\">Online JS增强编辑器支持放大，同时JS代码变更，增加版本记忆功能，方便追踪历史</li>\n<li style=\"box-sizing: inherit; line-height: 1.875em;\">Online JS增强支持lodash工具</li>\n<li style=\"box-sizing: inherit; line-height: 1.875em;\">Online控件 默认值表达式功能&nbsp;<a style=\"box-sizing: inherit; background-color: transparent; color: #4183c4; text-decoration-line: none;\" href=\"http://doc.jeecg.com/1630378\">文档</a></li>\n<li style=\"box-sizing: inherit; line-height: 1.875em;\">Online 增加Excel导入导出转换器配置，针对各种控件的导入导出做了统一处理</li>\n<li style=\"box-sizing: inherit; line-height: 1.875em;\">Online 列表字段排序支持配置</li>\n<li style=\"box-sizing: inherit; line-height: 1.875em;\">Online同步数据库，数据库兼容性优化（mysql、oracle11g、SqlServer2017）</li>\n<li style=\"box-sizing: inherit; line-height: 1.875em;\">Online功能列表，高级查询优化，丰富控件的支持（新增：用户选择、部门选择、时间等）</li>\n<li style=\"box-sizing: inherit; line-height: 1.875em;\">Online表单配置，类型Text、date、Blob的字段长度默认设置为0</li>\n<li style=\"box-sizing: inherit; line-height: 1.875em;\">Online自定义button，支持位置自定义（支持右侧和下方）</li>\n<li style=\"box-sizing: inherit; line-height: 1.875em;\">Online表单列表，列表显示那些字段，支持用户个性化设置</li>\n<li style=\"box-sizing: inherit; line-height: 1.875em;\">Online表单删除和移除逻辑优化，防止未同步情况下删除报错</li>\n<li style=\"box-sizing: inherit; line-height: 1.875em;\">Online上传逻辑重构，针对单表、一对多行操作，都支持图片和文件上传，同时支持三种模式（minio、阿里云、本地存储）</li>\n<li style=\"box-sizing: inherit; line-height: 1.875em;\">Online上传逻辑重构， 行编辑模式，支持图片顺序修改</li>\n<li style=\"box-sizing: inherit; line-height: 1.875em;\">Online上传逻辑重构，在列表页面支持图片和文件的展示</li>\n<li style=\"box-sizing: inherit; line-height: 1.875em;\">Online表单索引同步逻辑重构，同时支持选择多个字段，组合索引设置</li>\n<li style=\"box-sizing: inherit; line-height: 1.875em;\">Online表单 excel导出实现数据权限逻辑</li>\n<li style=\"box-sizing: inherit; line-height: 1.875em;\">Online表单列表强制列不换行，自动出现超出滚定条，支持移动端自适应（单表、树和ERP等模型都已修改）</li>\n<li style=\"box-sizing: inherit; line-height: 1.875em;\">Online表单管理列表，回车查询和列表左右拖动移动自适应问题</li>\n<li style=\"box-sizing: inherit; line-height: 1.875em;\">Online表单附表序号必填</li>\n<li style=\"box-sizing: inherit; line-height: 1.875em;\">Online表名加校验不能全是数字，自动trim空格</li>\n<li style=\"box-sizing: inherit; line-height: 1.875em;\">Online 一对多tab必填校验不通过，添加友好提醒</li>\n<li style=\"box-sizing: inherit; line-height: 1.875em;\">Online表单控件默认值示例</li>\n<li style=\"box-sizing: inherit; line-height: 1.875em;\">Online一对多内嵌子表风格，高级查询不好用，过滤不了数据处理</li>\n<li style=\"box-sizing: inherit; line-height: 1.875em;\">Online表单 自定义校验规则正则，录入不成功问题处理</li>\n<li style=\"box-sizing: inherit; line-height: 1.875em;\">Online表单设置不分页，排序后又分页了问题处理</li>\n<li style=\"box-sizing: inherit; line-height: 1.875em;\">Online表单，下拉搜索组件，表字典配置加条件，下拉值出不来问题处理</li>\n<li style=\"box-sizing: inherit; line-height: 1.875em;\">Online表单，一对一子表，下拉选择、时间等组件被遮挡问题处理</li>\n<li style=\"box-sizing: inherit; line-height: 1.875em;\">Online表单树模型和一对多ERP模板支持href</li>\n<li style=\"box-sizing: inherit; line-height: 1.875em;\">Online 报表支持上下文变量表达式</li>\n<li style=\"box-sizing: inherit; line-height: 1.875em;\">Online 报表实现数据权限逻辑</li>\n<li style=\"box-sizing: inherit; line-height: 1.875em;\">Online 报表新增拖动字段顺序</li>\n<li style=\"box-sizing: inherit; line-height: 1.875em;\">Online 报表列表，sql过长截取显示</li>\n<li style=\"box-sizing: inherit; line-height: 1.875em;\">Online 报表，popup回车查询</li>\n<li style=\"box-sizing: inherit; line-height: 1.875em; margin-bottom: 0px;\">Online表单auto页面弹窗改成JModule；online表单移动自适应；</li>\n</ul>\n<h5 id=\"h5_8\" style=\"box-sizing: inherit; font-family: \'PingFang SC\', \'Helvetica Neue\', \'Microsoft YaHei UI\', \'Microsoft YaHei\', \'Noto Sans CJK SC\', Sathu, EucrosiaUPC, Arial, Helvetica, sans-serif; line-height: 1.8; margin: 22px 0px 16px; padding: 0px; font-size: 18px; border: none; color: #333333; background-color: #ffffff;\">Online代码生成器升级</h5>\n<blockquote style=\"box-sizing: inherit; position: relative; margin: 0px 0px 20px; padding: 20px; background-color: #f6f6f6; border-left: 6px solid #e6e6e6; word-break: break-word; color: #333333; font-family: -apple-system, BlinkMacSystemFont, \'Apple Color Emoji\', \'Segoe UI Emoji\', \'Segoe UI Symbol\', \'Segoe UI\', \'PingFang SC\', \'Hiragino Sans GB\', \'Microsoft YaHei\', \'Helvetica Neue\', Helvetica, Arial, sans-serif; font-size: 16px;\">\n<p style=\"box-sizing: inherit; margin: 0px; line-height: inherit;\">后期重点维护ONLINE模式的代码生成器，GUI模式逐步弃用。</p>\n</blockquote>\n<ul style=\"box-sizing: inherit; margin: 0px 0px 20px; padding: 0px 0px 0px 20px; color: #333333; font-family: -apple-system, BlinkMacSystemFont, \'Apple Color Emoji\', \'Segoe UI Emoji\', \'Segoe UI Symbol\', \'Segoe UI\', \'PingFang SC\', \'Hiragino Sans GB\', \'Microsoft YaHei\', \'Helvetica Neue\', Helvetica, Arial, sans-serif; font-size: 16px; background-color: #ffffff;\">\n<li style=\"box-sizing: inherit; line-height: 1.875em; margin-top: 0px;\">新增内嵌Table代码生成器模板</li>\n<li style=\"box-sizing: inherit; line-height: 1.875em;\">升级代码生成器依赖，支持返回生成结果&amp;支持服务器端生成代码config</li>\n<li style=\"box-sizing: inherit; line-height: 1.875em;\">代码生成器列表，列表自适应优化，支持移动效果（强制列不换行，不过有弊端，<a style=\"box-sizing: inherit; background-color: transparent; color: #4183c4; text-decoration-line: none;\" href=\"http://doc.jeecg.com/1607183\">见文档</a>）</li>\n<li style=\"box-sizing: inherit; line-height: 1.875em;\">实体生成，自动带着swagger 注解（支持单表、一对多等模型）</li>\n<li style=\"box-sizing: inherit; line-height: 1.875em;\">代码生成器，列表移动自适应样式修改</li>\n<li style=\"box-sizing: inherit; line-height: 1.875em;\">生成后的代码导入导出bug修复</li>\n<li style=\"box-sizing: inherit; line-height: 1.875em;\">online树代码生成器模板，直接删除一级分类会导致列表乱</li>\n<li style=\"box-sizing: inherit; line-height: 1.875em;\">ERP代码生成器模板升级，子表支持导入导出</li>\n<li style=\"box-sizing: inherit; line-height: 1.875em;\">ERP风格代码生成器模板问题（导入导入路径错误、swagger注解问题）</li>\n<li style=\"box-sizing: inherit; line-height: 1.875em;\">代码生成器，校验为空的话不生成，简化生成的代码</li>\n<li style=\"box-sizing: inherit; line-height: 1.875em;\">代码生成器，支持子表校验生成</li>\n<li style=\"box-sizing: inherit; line-height: 1.875em;\">树形列表代码生成器优化，添加子节点</li>\n<li style=\"box-sizing: inherit; line-height: 1.875em;\">修复bug： online字典未配置，代码生成器报错问题</li>\n<li style=\"box-sizing: inherit; line-height: 1.875em;\">生成的实体字段excel注解，针对系统标准字段，创建人、创建时间等字段不生成</li>\n<li style=\"box-sizing: inherit; line-height: 1.875em;\">生成的表单弹窗统一更换为j-modal，支持放大缩小全屏</li>\n<li style=\"box-sizing: inherit; line-height: 1.875em;\">代码生成，popup参数大小写 驼峰问题修复</li>\n<li style=\"box-sizing: inherit; line-height: 1.875em;\">生成的表单控件类型更丰富，新支持控件：markdown、省市区地域、密码、下拉搜索</li>\n<li style=\"box-sizing: inherit; line-height: 1.875em; margin-bottom: 0px;\">生成的列表查询区域，控件支持加强，新支持控件：省市区地域、下拉搜索、popup、选择用户、选择部门</li>\n</ul>\n<h5 id=\"h5_9\" style=\"box-sizing: inherit; font-family: \'PingFang SC\', \'Helvetica Neue\', \'Microsoft YaHei UI\', \'Microsoft YaHei\', \'Noto Sans CJK SC\', Sathu, EucrosiaUPC, Arial, Helvetica, sans-serif; line-height: 1.8; margin: 22px 0px 16px; padding: 0px; font-size: 18px; border: none; color: #333333; background-color: #ffffff;\">平台基础升级</h5>\n<ul style=\"box-sizing: inherit; margin: 0px 0px 20px; padding: 0px 0px 0px 20px; color: #333333; font-family: -apple-system, BlinkMacSystemFont, \'Apple Color Emoji\', \'Segoe UI Emoji\', \'Segoe UI Symbol\', \'Segoe UI\', \'PingFang SC\', \'Hiragino Sans GB\', \'Microsoft YaHei\', \'Helvetica Neue\', Helvetica, Arial, sans-serif; font-size: 16px; background-color: #ffffff;\">\n<li style=\"box-sizing: inherit; line-height: 1.875em; margin-top: 0px;\">针对auto隐藏路由菜单，实现自动授权，简化online菜单的授权</li>\n<li style=\"box-sizing: inherit; line-height: 1.875em;\">IDE中找不到sun.misc.BASE64Encoder jar包问题</li>\n<li style=\"box-sizing: inherit; line-height: 1.875em;\">删掉作废获取所有用户角色列表接口，接口有性能问题</li>\n<li style=\"box-sizing: inherit; line-height: 1.875em;\">在我的消息里点击已读以后，首页上面的通知红点并没有同步更改问题修复</li>\n<li style=\"box-sizing: inherit; line-height: 1.875em;\">用户与部门取消关联删除关联关系bug修改</li>\n<li style=\"box-sizing: inherit; line-height: 1.875em;\">部门导入未刷新redis缓存</li>\n<li style=\"box-sizing: inherit; line-height: 1.875em;\">修复SysPermissionMapper.xml 的SQL语句不兼容SQLServer的问题</li>\n<li style=\"box-sizing: inherit; line-height: 1.875em;\">在线动态数据源代码重构</li>\n<li style=\"box-sizing: inherit; line-height: 1.875em;\">【二级管理员】部门修改、删除权限时关联删除部门角色数据</li>\n<li style=\"box-sizing: inherit; line-height: 1.875em;\">【二级管理员】我的部门，选中部门只能看当前部门下的角色</li>\n<li style=\"box-sizing: inherit; line-height: 1.875em;\">我的消息支持模糊查询</li>\n<li style=\"box-sizing: inherit; line-height: 1.875em;\">常用示例-对象存储文件上传优化</li>\n<li style=\"box-sizing: inherit; line-height: 1.875em;\">用户相关功能，sql写法不兼容其他数据库问题修复</li>\n<li style=\"box-sizing: inherit; line-height: 1.875em;\">图片上传组件修改</li>\n<li style=\"box-sizing: inherit; line-height: 1.875em;\">导入功能优化，提示准确导入成功失败信息，涉及功能 用户、角色、部门、字典、定时任务等</li>\n<li style=\"box-sizing: inherit; line-height: 1.875em;\">增加生产环境禁用swagger-ui配置</li>\n<li style=\"box-sizing: inherit; line-height: 1.875em;\">第三方登录代码集成</li>\n<li style=\"box-sizing: inherit; line-height: 1.875em;\">系统公告优化</li>\n<li style=\"box-sizing: inherit; line-height: 1.875em;\">MockController 返回json数据，utf-8格式化，防止中文乱码</li>\n<li style=\"box-sizing: inherit; line-height: 1.875em;\">部门删除后删除部门角色等关联</li>\n<li style=\"box-sizing: inherit; line-height: 1.875em; margin-bottom: 0px;\">分类字典支持选择数据，添加下级分类</li>\n</ul>\n<h5 id=\"h5_10\" style=\"box-sizing: inherit; font-family: \'PingFang SC\', \'Helvetica Neue\', \'Microsoft YaHei UI\', \'Microsoft YaHei\', \'Noto Sans CJK SC\', Sathu, EucrosiaUPC, Arial, Helvetica, sans-serif; line-height: 1.8; margin: 22px 0px 16px; padding: 0px; font-size: 18px; border: none; color: #333333; background-color: #ffffff;\">UI组件升级</h5>\n<ul style=\"box-sizing: inherit; margin: 0px 0px 20px; padding: 0px 0px 0px 20px; color: #333333; font-family: -apple-system, BlinkMacSystemFont, \'Apple Color Emoji\', \'Segoe UI Emoji\', \'Segoe UI Symbol\', \'Segoe UI\', \'PingFang SC\', \'Hiragino Sans GB\', \'Microsoft YaHei\', \'Helvetica Neue\', Helvetica, Arial, sans-serif; font-size: 16px; background-color: #ffffff;\">\n<li style=\"box-sizing: inherit; line-height: 1.875em; margin-top: 0px;\">升级 ant-design-vue 为最新版本 1.5.2</li>\n<li style=\"box-sizing: inherit; line-height: 1.875em;\">登录验证码获取失败的时候，不显示空白</li>\n<li style=\"box-sizing: inherit; line-height: 1.875em;\">升级 ant-design-vue，JModal切换全屏按钮因ant升级错位问题修复</li>\n<li style=\"box-sizing: inherit; line-height: 1.875em;\">简化 j-modal 的相关代码</li>\n<li style=\"box-sizing: inherit; line-height: 1.875em;\">封装常用组件示例；JInput新增当 type 变化的时候重新计算值</li>\n<li style=\"box-sizing: inherit; line-height: 1.875em;\">markdown集成</li>\n<li style=\"box-sizing: inherit; line-height: 1.875em;\">富文本支持minio上传</li>\n<li style=\"box-sizing: inherit; line-height: 1.875em;\">选择用户组件列表样式错位；Ellipsis.vue 优化</li>\n<li style=\"box-sizing: inherit; line-height: 1.875em;\">JModal移动端全屏效果</li>\n<li style=\"box-sizing: inherit; line-height: 1.875em;\">高级查询只有在 in 模式下才能多选</li>\n<li style=\"box-sizing: inherit; line-height: 1.875em;\">自定义选择用户组件JSelectMultiUser的宽度和截取显示长度</li>\n<li style=\"box-sizing: inherit; line-height: 1.875em;\">行编辑 JEditableTable移动自适应效果；</li>\n<li style=\"box-sizing: inherit; line-height: 1.875em;\">JEditableTable重构 行编辑新增合计功能</li>\n<li style=\"box-sizing: inherit; line-height: 1.875em;\">JEditableTable重构 行编辑Popup请求数量过多（加缓存机制）</li>\n<li style=\"box-sizing: inherit; line-height: 1.875em;\">JEditableTable重构,行编辑InputNumber扩展支持输入小数和负数</li>\n<li style=\"box-sizing: inherit; line-height: 1.875em;\">JEditableTable.vue disable模式禁用添加删除按钮</li>\n<li style=\"box-sizing: inherit; line-height: 1.875em;\">JEditableTable行编辑， popup返回值，时间赋值有问题</li>\n<li style=\"box-sizing: inherit; line-height: 1.875em;\">JEditableTable行编辑，日期控件显示错位问题</li>\n<li style=\"box-sizing: inherit; line-height: 1.875em;\">高级查询移动自适应效果；</li>\n<li style=\"box-sizing: inherit; line-height: 1.875em;\">高级查询保存的同时也要保存匹配方式（支持and or）</li>\n<li style=\"box-sizing: inherit; line-height: 1.875em;\">高级查询混入统一修改</li>\n<li style=\"box-sizing: inherit; line-height: 1.875em;\">高级查询选择用户组件时，点开用户弹框不选择用户，直接关掉用户弹框，再次点击弹框时，无法点开问题</li>\n<li style=\"box-sizing: inherit; line-height: 1.875em;\">高级查询组件支持，新支持组件，选择人、选择部门、popup、时间等</li>\n<li style=\"box-sizing: inherit; line-height: 1.875em;\">JPopup支持多选</li>\n<li style=\"box-sizing: inherit; line-height: 1.875em;\">JPopup返回值null问题</li>\n<li style=\"box-sizing: inherit; line-height: 1.875em;\">JPopup列表数据不刷新问题</li>\n<li style=\"box-sizing: inherit; line-height: 1.875em;\">JSearchSelectTag.vue匹配不上数字值问题</li>\n<li style=\"box-sizing: inherit; line-height: 1.875em;\">JSelectUserByDep 根据部门选择人组件bug</li>\n<li style=\"box-sizing: inherit; line-height: 1.875em;\">JTreeDict.vue 分类字典组件 清空不了问题</li>\n<li style=\"box-sizing: inherit; line-height: 1.875em;\">常用示例，新增搜索下拉 JSearchSelectTag.vue例子</li>\n<li style=\"box-sizing: inherit; line-height: 1.875em;\">常用示例，新增如何关闭当前页面例子</li>\n<li style=\"box-sizing: inherit; line-height: 1.875em;\">常用示例，省市区三级联动的例子</li>\n<li style=\"box-sizing: inherit; line-height: 1.875em;\">常用示例，增加字典下拉多选组件示例</li>\n<li style=\"box-sizing: inherit; line-height: 1.875em; margin-bottom: 0px;\">示例demo，关于图片的做统一优化</li>\n</ul>\n<h5 id=\"h5_11\" style=\"box-sizing: inherit; font-family: \'PingFang SC\', \'Helvetica Neue\', \'Microsoft YaHei UI\', \'Microsoft YaHei\', \'Noto Sans CJK SC\', Sathu, EucrosiaUPC, Arial, Helvetica, sans-serif; line-height: 1.8; margin: 22px 0px 16px; padding: 0px; font-size: 18px; border: none; color: #333333; background-color: #ffffff;\">Issues处理</h5>\n<ul style=\"box-sizing: inherit; margin: 0px 0px 20px; padding: 0px 0px 0px 20px; color: #333333; font-family: -apple-system, BlinkMacSystemFont, \'Apple Color Emoji\', \'Segoe UI Emoji\', \'Segoe UI Symbol\', \'Segoe UI\', \'PingFang SC\', \'Hiragino Sans GB\', \'Microsoft YaHei\', \'Helvetica Neue\', Helvetica, Arial, sans-serif; font-size: 16px; background-color: #ffffff;\">\n<li style=\"box-sizing: inherit; line-height: 1.875em; margin-top: 0px;\">online form表单项能否支持配置有级联关系的内容&nbsp;<a style=\"box-sizing: inherit; background-color: transparent; color: #4183c4; text-decoration-line: none;\" title=\"#948\" href=\"https://github.com/zhangdaiscott/jeecg-boot/issues/948\">#948</a></li>\n<li style=\"box-sizing: inherit; line-height: 1.875em;\">全局拦截异常错误的提醒文字&nbsp;<a style=\"box-sizing: inherit; background-color: transparent; color: #4183c4; text-decoration-line: none;\" title=\"#768\" href=\"https://github.com/zhangdaiscott/jeecg-boot/issues/768\">#768</a></li>\n<li style=\"box-sizing: inherit; line-height: 1.875em;\">建议：城市级联选择组件&nbsp;<a style=\"box-sizing: inherit; background-color: transparent; color: #4183c4; text-decoration-line: none;\" title=\"#905\" href=\"https://github.com/zhangdaiscott/jeecg-boot/issues/905\">#905</a></li>\n<li style=\"box-sizing: inherit; line-height: 1.875em;\">表单配置中检验字段配置href，报表中该配置字段无法看到链接&nbsp;<a style=\"box-sizing: inherit; background-color: transparent; color: #4183c4; text-decoration-line: none;\" title=\"#961\" href=\"https://github.com/zhangdaiscott/jeecg-boot/issues/961\">#961</a></li>\n<li style=\"box-sizing: inherit; line-height: 1.875em;\">SysUserMapper.xml查询脚本数据兼容问题&nbsp;<a style=\"box-sizing: inherit; background-color: transparent; color: #4183c4; text-decoration-line: none;\" title=\"#962\" href=\"https://github.com/zhangdaiscott/jeecg-boot/issues/962\">#962</a></li>\n<li style=\"box-sizing: inherit; line-height: 1.875em;\">在线表单 提示 ButtonExpHandler is not defined&nbsp;<a style=\"box-sizing: inherit; background-color: transparent; color: #4183c4; text-decoration-line: none;\" title=\"#957\" href=\"https://github.com/zhangdaiscott/jeecg-boot/issues/957\">#957</a></li>\n<li style=\"box-sizing: inherit; line-height: 1.875em;\">online表单中添加自定义按钮无法显示&nbsp;<a style=\"box-sizing: inherit; background-color: transparent; color: #4183c4; text-decoration-line: none;\" title=\"#973\" href=\"https://github.com/zhangdaiscott/jeecg-boot/issues/973\">#973</a></li>\n<li style=\"box-sizing: inherit; line-height: 1.875em;\">online报表不支持按照登录用户过滤数据&nbsp;<a style=\"box-sizing: inherit; background-color: transparent; color: #4183c4; text-decoration-line: none;\" title=\"#934\" href=\"https://github.com/zhangdaiscott/jeecg-boot/issues/934\">#934</a></li>\n<li style=\"box-sizing: inherit; line-height: 1.875em;\">点击新增或者编辑按钮弹框宽度的设置问题&nbsp;<a style=\"box-sizing: inherit; background-color: transparent; color: #4183c4; text-decoration-line: none;\" title=\"#974\" href=\"https://github.com/zhangdaiscott/jeecg-boot/issues/974\">#974</a></li>\n<li style=\"box-sizing: inherit; line-height: 1.875em;\">online报表配置中使用系统参数，报错&nbsp;<a style=\"box-sizing: inherit; background-color: transparent; color: #4183c4; text-decoration-line: none;\" title=\"I1AWNM\" href=\"https://gitee.com/jeecg/jeecg-boot/issues/I1AWNM\">I1AWNM</a></li>\n<li style=\"box-sizing: inherit; line-height: 1.875em;\">online增强SQL变量取数为null,#{sys.sys_date} 还有#{sys.sys_time}&nbsp;<a style=\"box-sizing: inherit; background-color: transparent; color: #4183c4; text-decoration-line: none;\" title=\"#999\" href=\"https://github.com/zhangdaiscott/jeecg-boot/issues/999\">#999</a></li>\n<li style=\"box-sizing: inherit; line-height: 1.875em;\">一个主表，多个付表。1对多。保存后，某些从表行项目内容保存成功，单重新打开数据表现丢失。&nbsp;<a style=\"box-sizing: inherit; background-color: transparent; color: #4183c4; text-decoration-line: none;\" title=\"#997\" href=\"https://github.com/zhangdaiscott/jeecg-boot/issues/997\">#997</a></li>\n<li style=\"box-sizing: inherit; line-height: 1.875em;\">/online/cgform/api/exportXls/{code}接口问题&nbsp;<a style=\"box-sizing: inherit; background-color: transparent; color: #4183c4; text-decoration-line: none;\" title=\"#1012\" href=\"https://github.com/zhangdaiscott/jeecg-boot/issues/1012\">#1012</a></li>\n<li style=\"box-sizing: inherit; line-height: 1.875em;\">打成jar包，访问不到代码生成器模板&nbsp;<a style=\"box-sizing: inherit; background-color: transparent; color: #4183c4; text-decoration-line: none;\" title=\"#1010\" href=\"https://github.com/zhangdaiscott/jeecg-boot/issues/1010\">#1010</a></li>\n<li style=\"box-sizing: inherit; line-height: 1.875em;\">online表单开发，打包后模板找不到&nbsp;<a style=\"box-sizing: inherit; background-color: transparent; color: #4183c4; text-decoration-line: none;\" title=\"#865\" href=\"https://github.com/zhangdaiscott/jeecg-boot/issues/865\">#865</a></li>\n<li style=\"box-sizing: inherit; line-height: 1.875em;\">已生成的代码，子表最下下行添加合计行底部固定问题&nbsp;<a style=\"box-sizing: inherit; background-color: transparent; color: #4183c4; text-decoration-line: none;\" title=\"#936\" href=\"https://github.com/zhangdaiscott/jeecg-boot/issues/936\">#936</a></li>\n<li style=\"box-sizing: inherit; line-height: 1.875em;\">下拉搜索框在编辑时下拉name无法带过来&nbsp;<a style=\"box-sizing: inherit; background-color: transparent; color: #4183c4; text-decoration-line: none;\" title=\"#971\" href=\"https://github.com/zhangdaiscott/jeecg-boot/issues/971\">#971</a></li>\n<li style=\"box-sizing: inherit; line-height: 1.875em;\">建议autoPoi升级，优化数据返回List Map格式下的复合表头导出excel的体验&nbsp;<a style=\"box-sizing: inherit; background-color: transparent; color: #4183c4; text-decoration-line: none;\" title=\"#873\" href=\"https://github.com/zhangdaiscott/jeecg-boot/issues/873\">#873</a></li>\n<li style=\"box-sizing: inherit; line-height: 1.875em;\">配置 Href 跳转，并没有显示为超链接&nbsp;<a style=\"box-sizing: inherit; background-color: transparent; color: #4183c4; text-decoration-line: none;\" title=\"#1020\" href=\"https://github.com/zhangdaiscott/jeecg-boot/issues/1020\">#1020</a></li>\n<li style=\"box-sizing: inherit; line-height: 1.875em;\">首次打开一对多表单，JEditableTable的addDefaultRowNum属性不生效&nbsp;<a style=\"box-sizing: inherit; background-color: transparent; color: #4183c4; text-decoration-line: none;\" title=\"#1003\" href=\"https://github.com/zhangdaiscott/jeecg-boot/issues/1003\">#1003</a></li>\n<li style=\"box-sizing: inherit; line-height: 1.875em;\">autopoi 双表头问题&nbsp;<a style=\"box-sizing: inherit; background-color: transparent; color: #4183c4; text-decoration-line: none;\" title=\"#862\" href=\"https://github.com/zhangdaiscott/jeecg-boot/issues/862\">#862</a></li>\n<li style=\"box-sizing: inherit; line-height: 1.875em;\">应该是权限管理bug&nbsp;<a style=\"box-sizing: inherit; background-color: transparent; color: #4183c4; text-decoration-line: none;\" title=\"#110\" href=\"https://github.com/zhangdaiscott/jeecg-boot/issues/110\">#110</a></li>\n<li style=\"box-sizing: inherit; line-height: 1.875em;\">在线 的online报表报错&nbsp;<a style=\"box-sizing: inherit; background-color: transparent; color: #4183c4; text-decoration-line: none;\" title=\"#1029\" href=\"https://github.com/zhangdaiscott/jeecg-boot/issues/1029\">#1029</a></li>\n<li style=\"box-sizing: inherit; line-height: 1.875em;\">online代码生成器树形表单父节点字段名称问题&nbsp;<a style=\"box-sizing: inherit; background-color: transparent; color: #4183c4; text-decoration-line: none;\" title=\"issues/I1ABGV \" href=\"https://gitee.com/jeecg/jeecg-boot/issues/I1ABGV\">issues/I1ABGV</a></li>\n<li style=\"box-sizing: inherit; line-height: 1.875em;\">点击j-popup,里面有数据，如果选择同名的数据，文本框为空&nbsp;<a style=\"box-sizing: inherit; background-color: transparent; color: #4183c4; text-decoration-line: none;\" title=\"#1044\" href=\"https://github.com/zhangdaiscott/jeecg-boot/issues/1044\">#1044</a></li>\n<li style=\"box-sizing: inherit; line-height: 1.875em;\">关于table列宽可拖动问题&nbsp;<a style=\"box-sizing: inherit; background-color: transparent; color: #4183c4; text-decoration-line: none;\" title=\"#1054\" href=\"https://github.com/zhangdaiscott/jeecg-boot/issues/1054\">#1054</a></li>\n<li style=\"box-sizing: inherit; line-height: 1.875em;\">单表数据导出多表头 auto 的Excel注解 groupName属性<a style=\"box-sizing: inherit; background-color: transparent; color: #4183c4; text-decoration-line: none;\" title=\" #1053\" href=\"https://github.com/zhangdaiscott/jeecg-boot/issues/1053\">&nbsp;#1053</a></li>\n<li style=\"box-sizing: inherit; line-height: 1.875em;\">在线报表和在线online的问题&nbsp;<a style=\"box-sizing: inherit; background-color: transparent; color: #4183c4; text-decoration-line: none;\" title=\"#1030\" href=\"https://github.com/zhangdaiscott/jeecg-boot/issues/1030\">#1030</a></li>\n<li style=\"box-sizing: inherit; line-height: 1.875em;\">J-pop组件&nbsp;<a style=\"box-sizing: inherit; background-color: transparent; color: #4183c4; text-decoration-line: none;\" title=\"#1043\" href=\"https://github.com/zhangdaiscott/jeecg-boot/issues/1043\">#1043</a></li>\n<li style=\"box-sizing: inherit; line-height: 1.875em;\">2.1.4 日志管理---没有记录查询接口参数&nbsp;<a style=\"box-sizing: inherit; background-color: transparent; color: #4183c4; text-decoration-line: none;\" title=\"#1070\" href=\"https://github.com/zhangdaiscott/jeecg-boot/issues/1070\">#1070</a></li>\n<li style=\"box-sizing: inherit; line-height: 1.875em;\">服务器日志超过设置的MaxFileSize时&nbsp;<a style=\"box-sizing: inherit; background-color: transparent; color: #4183c4; text-decoration-line: none;\" title=\"#1130\" href=\"https://github.com/zhangdaiscott/jeecg-boot/issues/1130\">#1130</a></li>\n<li style=\"box-sizing: inherit; line-height: 1.875em;\">online 表单中，在 附表中存在上传图片组件，点击上传图片并提交，显示提交失败&nbsp;<a style=\"box-sizing: inherit; background-color: transparent; color: #4183c4; text-decoration-line: none;\" title=\"#1074\" href=\"https://github.com/zhangdaiscott/jeecg-boot/issues/1074\">#1074</a></li>\n<li style=\"box-sizing: inherit; line-height: 1.875em;\">online表单js增强修改从表控件值问题&nbsp;<a style=\"box-sizing: inherit; background-color: transparent; color: #4183c4; text-decoration-line: none;\" title=\"#1051\" href=\"https://github.com/zhangdaiscott/jeecg-boot/issues/1051\">#1051</a></li>\n<li style=\"box-sizing: inherit; line-height: 1.875em;\">重复代理问题&nbsp;<a style=\"box-sizing: inherit; background-color: transparent; color: #4183c4; text-decoration-line: none;\" title=\"#994\" href=\"https://github.com/zhangdaiscott/jeecg-boot/issues/994\">#994</a></li>\n<li style=\"box-sizing: inherit; line-height: 1.875em;\">系统使用的日志包有问题&nbsp;<a style=\"box-sizing: inherit; background-color: transparent; color: #4183c4; text-decoration-line: none;\" title=\"#887\" href=\"https://github.com/zhangdaiscott/jeecg-boot/issues/887\">#887</a></li>\n<li style=\"box-sizing: inherit; line-height: 1.875em;\">使用sqlserver数据库,用户管理查询出错&nbsp;<a style=\"box-sizing: inherit; background-color: transparent; color: #4183c4; text-decoration-line: none;\" title=\"#1140\" href=\"https://github.com/zhangdaiscott/jeecg-boot/issues/1140\">#1140</a></li>\n<li style=\"box-sizing: inherit; line-height: 1.875em;\">主表和从表 一对一关系表单 TypeError: Cannot read property \'getAll\' of undefined&nbsp;<a style=\"box-sizing: inherit; background-color: transparent; color: #4183c4; text-decoration-line: none;\" title=\"#1129\" href=\"https://github.com/zhangdaiscott/jeecg-boot/issues/1129\">#1129</a></li>\n<li style=\"box-sizing: inherit; line-height: 1.875em;\">ERP表单附表数据编辑后消失&nbsp;<a style=\"box-sizing: inherit; background-color: transparent; color: #4183c4; text-decoration-line: none;\" title=\"issues/I1DN3B\" href=\"https://gitee.com/jeecg/jeecg-boot/issues/I1DN3B\">issues/I1DN3B</a></li>\n<li style=\"box-sizing: inherit; line-height: 1.875em;\">多表的erp模式生成的子表，表单没有导入导出功能&nbsp;<a style=\"box-sizing: inherit; background-color: transparent; color: #4183c4; text-decoration-line: none;\" title=\"issues/I1BB2U\" href=\"https://gitee.com/jeecg/jeecg-boot/issues/I1BB2U\">issues/I1BB2U</a></li>\n<li style=\"box-sizing: inherit; line-height: 1.875em;\">用edge打开首页，整个页面动不了，控制台console打出很多错误&nbsp;<a style=\"box-sizing: inherit; background-color: transparent; color: #4183c4; text-decoration-line: none;\" title=\"issues/I189B5\" href=\"https://gitee.com/jeecg/jeecg-boot/issues/I189B5\">issues/I189B5</a></li>\n<li style=\"box-sizing: inherit; line-height: 1.875em;\">官方的快速开发平台主子表对IE11不兼容&nbsp;<a style=\"box-sizing: inherit; background-color: transparent; color: #4183c4; text-decoration-line: none;\" title=\"issues/I17LEE\" href=\"https://gitee.com/jeecg/jeecg-boot/issues/I17LEE\">issues/I17LEE</a></li>\n<li style=\"box-sizing: inherit; line-height: 1.875em;\">360兼容模式 修改为你说的js之后；单表的数据兼容可以；主子表的不加载；错误如下&nbsp;<a style=\"box-sizing: inherit; background-color: transparent; color: #4183c4; text-decoration-line: none;\" title=\"issues/I17H8L\" href=\"https://gitee.com/jeecg/jeecg-boot/issues/I17H8L\">issues/I17H8L</a></li>\n<li style=\"box-sizing: inherit; line-height: 1.875em; margin-bottom: 0px;\">Online表单开发，点击&ldquo;新增&rdquo;按钮，是否树：选择是，页面控制台报错&nbsp;<a style=\"box-sizing: inherit; background-color: transparent; color: #4183c4; text-decoration-line: none;\" title=\"issues/I1BHXG\" href=\"https://gitee.com/jeecg/jeecg-boot/issues/I1BHXG\">issues/I1BHXG</a></li>\n</ul>', '2020-05-01 15:30:56', '2020-05-30 15:31:00', 'admin', 'H', '1', 'ALL', '1', '2020-05-02 15:31:44', NULL, '0', NULL, NULL, NULL, NULL, 'admin', '2020-05-02 15:31:41', 'admin', '2020-05-02 15:31:44', NULL, '重磅版本发布');
INSERT INTO `sys_announcement` VALUES ('1256486817286418434', '放假通知', '<p>放假通知</p>', '2020-05-02 15:32:38', '2020-05-30 15:32:40', 'admin', 'M', '1', 'USER', '1', '2020-05-02 15:32:59', NULL, '0', NULL, NULL, NULL, NULL, 'admin', '2020-05-02 15:32:56', 'admin', '2020-05-02 15:32:59', 'e9ca23d68d884d4ebb19d07889727dae,a75d45a015c44384a04449ee80dc3503,', '放假通知');
INSERT INTO `sys_announcement` VALUES ('1256529336858685441', '1', '<p>22</p>', '2020-05-02 18:21:41', '2020-05-30 18:21:44', 'admin', 'M', '1', 'ALL', '2', '2020-05-02 18:21:57', '2020-05-02 18:22:07', '0', NULL, NULL, NULL, NULL, 'admin', '2020-05-02 18:21:54', 'admin', '2020-05-02 18:22:07', NULL, '22');
INSERT INTO `sys_announcement` VALUES ('1b714f8ebc3cc33f8b4f906103b6a18d', '5467567', NULL, NULL, NULL, 'admin', NULL, '2', NULL, '1', '2019-03-30 12:40:38', NULL, '1', NULL, NULL, NULL, NULL, 'admin', '2019-02-26 17:23:26', 'admin', '2020-05-02 15:30:42', NULL, NULL);
INSERT INTO `sys_announcement` VALUES ('3d11237ccdf62450d20bb8abdb331178', '111222', NULL, NULL, NULL, NULL, NULL, '2', NULL, '0', NULL, NULL, '1', NULL, NULL, NULL, NULL, 'admin', '2019-03-29 17:19:47', 'admin', '2019-03-29 17:19:50', NULL, NULL);
INSERT INTO `sys_announcement` VALUES ('7ef04e95f8de030b1d5f7a9144090dc6', '111', NULL, '2019-02-06 17:28:10', '2019-03-08 17:28:11', NULL, NULL, '2', NULL, '0', NULL, NULL, '1', NULL, NULL, NULL, NULL, 'admin', '2019-02-26 17:28:17', 'admin', '2019-03-26 19:59:49', NULL, NULL);
INSERT INTO `sys_announcement` VALUES ('93a9060a1c20e4bf98b3f768a02c2ff9', '111', '111', '2019-02-06 17:20:17', '2019-02-21 17:20:20', 'admin', 'M', '2', 'ALL', '1', '2019-02-26 17:24:29', NULL, '1', NULL, NULL, NULL, NULL, 'admin', '2019-02-26 17:16:26', 'admin', '2020-05-02 15:30:42', NULL, NULL);
INSERT INTO `sys_announcement` VALUES ('de1dc57f31037079e1e55c8347fe6ef7', '222', '2222', '2019-02-06 17:28:26', '2019-02-23 17:28:28', 'admin', 'M', '2', 'ALL', '1', '2019-03-29 17:19:56', NULL, '1', NULL, NULL, NULL, NULL, 'admin', '2019-02-26 17:28:36', 'admin', '2019-02-26 17:28:40', NULL, NULL);
INSERT INTO `sys_announcement` VALUES ('e52f3eb6215f139cb2224c52517af3bd', '334', '334', NULL, NULL, NULL, NULL, '2', NULL, '0', NULL, NULL, '1', NULL, NULL, NULL, NULL, 'admin', '2019-03-30 12:40:28', 'admin', '2019-03-30 12:40:32', NULL, NULL);

-- ----------------------------
-- Table structure for sys_announcement_send
-- ----------------------------
DROP TABLE IF EXISTS `sys_announcement_send`;
CREATE TABLE `sys_announcement_send`  (
  `id` varchar(32) CHARACTER SET utf8 COLLATE utf8_general_ci NULL DEFAULT NULL,
  `annt_id` varchar(32) CHARACTER SET utf8 COLLATE utf8_general_ci NULL DEFAULT NULL COMMENT '通告ID',
  `user_id` varchar(32) CHARACTER SET utf8 COLLATE utf8_general_ci NULL DEFAULT NULL COMMENT '用户id',
  `read_flag` varchar(10) CHARACTER SET utf8 COLLATE utf8_general_ci NULL DEFAULT NULL COMMENT '阅读状态（0未读，1已读）',
  `read_time` datetime(0) NULL DEFAULT NULL COMMENT '阅读时间',
  `create_by` varchar(32) CHARACTER SET utf8 COLLATE utf8_general_ci NULL DEFAULT NULL COMMENT '创建人',
  `create_time` datetime(0) NULL DEFAULT NULL COMMENT '创建时间',
  `update_by` varchar(32) CHARACTER SET utf8 COLLATE utf8_general_ci NULL DEFAULT NULL COMMENT '更新人',
  `update_time` datetime(0) NULL DEFAULT NULL COMMENT '更新时间'
) ENGINE = InnoDB CHARACTER SET = utf8 COLLATE = utf8_general_ci COMMENT = '用户通告阅读标记表' ROW_FORMAT = Dynamic;

-- ----------------------------
-- Records of sys_announcement_send
-- ----------------------------
INSERT INTO `sys_announcement_send` VALUES ('646c0c405ec643d4dc4160db2446f8ff', '93a9060a1c20e4bf98b3f768a02c2ff9', 'e9ca23d68d884d4ebb19d07889727dae', '1', '2019-11-21 16:30:01', 'admin', '2019-05-17 11:50:56', 'admin', '2019-11-21 16:30:01');
INSERT INTO `sys_announcement_send` VALUES ('1197434450981543938', '93a9060a1c20e4bf98b3f768a02c2ff9', 'a75d45a015c44384a04449ee80dc3503', '0', NULL, 'jeecg', '2019-11-21 16:39:55', NULL, NULL);
INSERT INTO `sys_announcement_send` VALUES ('1256486817319972866', '1256486817286418434', 'e9ca23d68d884d4ebb19d07889727dae', '1', '2020-05-02 15:33:05', 'admin', '2020-05-02 15:32:56', 'admin', '2020-05-02 15:33:05');
INSERT INTO `sys_announcement_send` VALUES ('1256486817349332993', '1256486817286418434', 'a75d45a015c44384a04449ee80dc3503', '0', '2020-05-02 15:32:56', 'admin', '2020-05-02 15:32:56', NULL, NULL);
INSERT INTO `sys_announcement_send` VALUES ('1256527099214278657', '1256486502931722242', 'e9ca23d68d884d4ebb19d07889727dae', '1', '2020-05-02 18:22:00', 'admin', '2020-05-02 18:12:59', 'admin', '2020-05-02 18:22:00');

-- ----------------------------
-- Table structure for sys_catalog
-- ----------------------------
DROP TABLE IF EXISTS `sys_catalog`;
CREATE TABLE `sys_catalog`  (
  `id` varchar(50) CHARACTER SET utf8 COLLATE utf8_general_ci NOT NULL COMMENT '编号',
  `name` varchar(200) CHARACTER SET utf8 COLLATE utf8_general_ci NOT NULL COMMENT '名称',
  `parent_id` varchar(50) CHARACTER SET utf8 COLLATE utf8_general_ci NULL DEFAULT NULL COMMENT '上级编号',
  `type` varchar(50) CHARACTER SET utf8 COLLATE utf8_general_ci NULL DEFAULT NULL COMMENT '类别',
  `lft` int(11) NULL DEFAULT NULL COMMENT '左值',
  `rgh` int(11) NULL DEFAULT NULL COMMENT '右值',
  `create_by` varchar(50) CHARACTER SET utf8 COLLATE utf8_general_ci NULL DEFAULT NULL COMMENT '创建人',
  `create_time` datetime(0) NULL DEFAULT NULL COMMENT '创建日期',
  `update_by` varchar(50) CHARACTER SET utf8 COLLATE utf8_general_ci NULL DEFAULT NULL COMMENT '更新人',
  `update_time` datetime(0) NULL DEFAULT NULL COMMENT '更新日期',
  `sys_org_code` varchar(64) CHARACTER SET utf8 COLLATE utf8_general_ci NULL DEFAULT NULL COMMENT '所属部门',
  PRIMARY KEY (`id`) USING BTREE
) ENGINE = InnoDB CHARACTER SET = utf8 COLLATE = utf8_general_ci COMMENT = '目录' ROW_FORMAT = Dynamic;

-- ----------------------------
-- Records of sys_catalog
-- ----------------------------
INSERT INTO `sys_catalog` VALUES ('5f895f136c43fdbc60534e8d', '服装鞋帽', '0', '1', 1, 14, 'admin', '2020-10-16 16:51:32', NULL, NULL, 'A01');
INSERT INTO `sys_catalog` VALUES ('5f895f1c6c43fdbc60534e8e', '阿迪达斯', '5f895f136c43fdbc60534e8d', '1', 2, 3, 'admin', '2020-10-16 16:51:40', NULL, NULL, 'A01');
INSERT INTO `sys_catalog` VALUES ('5f895f236c43fdbc60534e8f', '耐克', '5f895f136c43fdbc60534e8d', '1', 4, 7, 'admin', '2020-10-16 16:51:47', NULL, NULL, 'A01');
INSERT INTO `sys_catalog` VALUES ('5f895f2c6c43fdbc60534e90', '361度', '5f895f136c43fdbc60534e8d', '1', 8, 9, 'admin', '2020-10-16 16:51:56', NULL, NULL, 'A01');
INSERT INTO `sys_catalog` VALUES ('5f895f346c43fdbc60534e91', '李宁', '5f895f136c43fdbc60534e8d', '1', 10, 11, 'admin', '2020-10-16 16:52:05', NULL, NULL, 'A01');
INSERT INTO `sys_catalog` VALUES ('5f895f716c43acd03543e152', '富贵鸟', '5f895f136c43fdbc60534e8d', '1', 12, 13, 'admin', '2020-10-16 16:53:06', NULL, NULL, 'A01');
INSERT INTO `sys_catalog` VALUES ('5f8e7d6f6c4332399a6d883e', '345', '5f895f236c43fdbc60534e8f', '1', 5, 6, 'admin', '2020-10-20 14:02:24', NULL, NULL, 'A01');
INSERT INTO `sys_catalog` VALUES ('5f9131036c4327b69cdbc14e', '六合一', '0', '2', 5, 10, 'admin', '2020-10-22 15:13:07', NULL, NULL, 'A01');
INSERT INTO `sys_catalog` VALUES ('5f91310a6c4327b69cdbc14f', '驾驶人', '5f9131036c4327b69cdbc14e', '2', 6, 9, 'admin', '2020-10-22 15:13:15', NULL, NULL, 'A01');
INSERT INTO `sys_catalog` VALUES ('5f9131166c4327b69cdbc150', '北京', '5f91310a6c4327b69cdbc14f', '2', 7, 8, 'admin', '2020-10-22 15:13:26', NULL, NULL, 'A01');
INSERT INTO `sys_catalog` VALUES ('5f9232c26c4366dd8e655574', '核心系统', '0', 'BiView', 1, 4, 'admin', '2020-10-23 09:32:51', NULL, NULL, 'A01');
INSERT INTO `sys_catalog` VALUES ('5f9232c86c4366dd8e655575', '信贷系统', '0', 'BiView', 5, 6, 'admin', '2020-10-23 09:32:57', NULL, NULL, 'A01');
INSERT INTO `sys_catalog` VALUES ('5f9232d26c4366dd8e655576', '理财系统', '0', 'BiView', 7, 8, 'admin', '2020-10-23 09:33:06', NULL, NULL, 'A01');
INSERT INTO `sys_catalog` VALUES ('5f9241c36c43c3396c32f6f9', '存款', '5f9232c26c4366dd8e655574', 'BiView', 2, 3, 'admin', '2020-10-23 10:36:52', NULL, NULL, 'A01');
INSERT INTO `sys_catalog` VALUES ('5f963f2e6c43c2cc0b97e85d', '系统演示', '0', 'BiScreen', 1, 2, 'admin', '2020-10-26 11:14:55', 'admin', '2020-11-21 22:49:55', 'A01');
INSERT INTO `sys_catalog` VALUES ('5f9690176c432612f43c86a4', '故障统计', '0', 'IdxTask', 1, 6, 'admin', '2020-10-26 17:00:08', NULL, NULL, 'A01');
INSERT INTO `sys_catalog` VALUES ('5f96901f6c432612f43c86a5', '考勤统计', '0', 'IdxTask', 7, 8, 'admin', '2020-10-26 17:00:15', NULL, NULL, 'A01');
INSERT INTO `sys_catalog` VALUES ('5f96902b6c432612f43c86a6', '机房设备', '5f9690176c432612f43c86a4', 'IdxTask', 2, 3, 'admin', '2020-10-26 17:00:27', NULL, NULL, 'A01');
INSERT INTO `sys_catalog` VALUES ('5f9690336c432612f43c86a7', '诱导屏设备', '5f9690176c432612f43c86a4', 'IdxTask', 4, 5, 'admin', '2020-10-26 17:00:36', NULL, NULL, 'A01');
INSERT INTO `sys_catalog` VALUES ('5f9911a86c43186d3c99c88b', '核心', '0', 'IdxBase', 1, 2, 'admin', '2020-10-28 14:37:28', NULL, NULL, 'A01');
INSERT INTO `sys_catalog` VALUES ('5f9911ad6c43186d3c99c88c', '信贷', '0', 'IdxBase', 3, 4, 'admin', '2020-10-28 14:37:33', NULL, NULL, 'A01');
INSERT INTO `sys_catalog` VALUES ('5f9911b26c43186d3c99c88d', '国际业务', '0', 'IdxBase', 5, 8, 'admin', '2020-10-28 14:37:39', 'admin', '2020-10-28 14:37:46', 'A01');
INSERT INTO `sys_catalog` VALUES ('5f9911c36c43186d3c99c88e', '理财', '5f9911b26c43186d3c99c88d', 'IdxBase', 6, 7, 'admin', '2020-10-28 14:37:39', 'admin', '2020-10-28 14:37:46', 'A01');
INSERT INTO `sys_catalog` VALUES ('5fb90d847bf5d62875d7206f', '样例数据', '0', 'BiView', 9, 10, 'admin', '2020-11-21 20:52:20', NULL, NULL, 'A01');
INSERT INTO `sys_catalog` VALUES ('5fc266257bf5cff64e831615', '开发测试', '0', 'DataModel', 1, 2, 'admin', '2020-11-28 23:00:53', NULL, NULL, 'A01');

-- ----------------------------
-- Table structure for sys_check_rule
-- ----------------------------
DROP TABLE IF EXISTS `sys_check_rule`;
CREATE TABLE `sys_check_rule`  (
  `id` varchar(32) CHARACTER SET utf8 COLLATE utf8_general_ci NOT NULL COMMENT '主键id',
  `rule_name` varchar(100) CHARACTER SET utf8mb4 COLLATE utf8mb4_general_ci NULL DEFAULT NULL COMMENT '规则名称',
  `rule_code` varchar(100) CHARACTER SET utf8mb4 COLLATE utf8mb4_general_ci NULL DEFAULT NULL COMMENT '规则Code',
  `rule_json` varchar(1024) CHARACTER SET utf8mb4 COLLATE utf8mb4_general_ci NULL DEFAULT NULL COMMENT '规则JSON',
  `rule_description` varchar(200) CHARACTER SET utf8mb4 COLLATE utf8mb4_general_ci NULL DEFAULT NULL COMMENT '规则描述',
  `update_by` varchar(32) CHARACTER SET utf8 COLLATE utf8_general_ci NULL DEFAULT NULL COMMENT '更新人',
  `update_time` datetime(0) NULL DEFAULT NULL COMMENT '更新时间',
  `create_by` varchar(32) CHARACTER SET utf8 COLLATE utf8_general_ci NULL DEFAULT NULL COMMENT '创建人',
  `create_time` datetime(0) NULL DEFAULT NULL COMMENT '创建时间',
  PRIMARY KEY (`id`) USING BTREE,
  UNIQUE INDEX `uni_sys_check_rule_code`(`rule_code`) USING BTREE
) ENGINE = InnoDB CHARACTER SET = utf8mb4 COLLATE = utf8mb4_general_ci ROW_FORMAT = Dynamic;

-- ----------------------------
-- Records of sys_check_rule
-- ----------------------------
INSERT INTO `sys_check_rule` VALUES ('1224980593992388610', '通用编码规则', 'common', '[{\"digits\":\"1\",\"pattern\":\"^[a-z|A-Z]$\",\"message\":\"第一位只能是字母\"},{\"digits\":\"*\",\"pattern\":\"^[0-9|a-z|A-Z|_]{0,}$\",\"message\":\"只能填写数字、大小写字母、下划线\"},{\"digits\":\"*\",\"pattern\":\"^.{3,}$\",\"message\":\"最少输入3位数\"},{\"digits\":\"*\",\"pattern\":\"^.{3,12}$\",\"message\":\"最多输入12位数\"}]', '规则：1、首位只能是字母；2、只能填写数字、大小写字母、下划线；3、最少3位数，最多12位数。', 'admin', '2020-02-07 11:25:48', 'admin', '2020-02-05 16:58:27');
INSERT INTO `sys_check_rule` VALUES ('1225001845524004866', '负责的功能测试', 'test', '[{\"digits\":\"*\",\"pattern\":\"^.{3,12}$\",\"message\":\"只能输入3-12位字符\"},{\"digits\":\"3\",\"pattern\":\"^\\\\d{3}$\",\"message\":\"前3位必须是数字\"},{\"digits\":\"*\",\"pattern\":\"^[^pP]*$\",\"message\":\"不能输入P\"},{\"digits\":\"4\",\"pattern\":\"^@{4}$\",\"message\":\"第4-7位必须都为 @\"},{\"digits\":\"2\",\"pattern\":\"^#=$\",\"message\":\"第8-9位必须是 #=\"},{\"digits\":\"1\",\"pattern\":\"^O$\",\"message\":\"第10位必须为大写的O\"},{\"digits\":\"*\",\"pattern\":\"^.*。$\",\"message\":\"必须以。结尾\"}]', '包含长度校验、特殊字符校验等', 'admin', '2020-02-07 11:57:31', 'admin', '2020-02-05 18:22:54');

-- ----------------------------
-- Table structure for sys_data_log
-- ----------------------------
DROP TABLE IF EXISTS `sys_data_log`;
CREATE TABLE `sys_data_log`  (
  `id` varchar(32) CHARACTER SET utf8 COLLATE utf8_general_ci NOT NULL COMMENT 'id',
  `create_by` varchar(32) CHARACTER SET utf8 COLLATE utf8_general_ci NULL DEFAULT NULL COMMENT '创建人登录名称',
  `create_time` datetime(0) NULL DEFAULT NULL COMMENT '创建日期',
  `update_by` varchar(32) CHARACTER SET utf8 COLLATE utf8_general_ci NULL DEFAULT NULL COMMENT '更新人登录名称',
  `update_time` datetime(0) NULL DEFAULT NULL COMMENT '更新日期',
  `data_table` varchar(32) CHARACTER SET utf8 COLLATE utf8_general_ci NULL DEFAULT NULL COMMENT '表名',
  `data_id` varchar(32) CHARACTER SET utf8 COLLATE utf8_general_ci NULL DEFAULT NULL COMMENT '数据ID',
  `data_content` text CHARACTER SET utf8 COLLATE utf8_general_ci NULL COMMENT '数据内容',
  `data_version` int(11) NULL DEFAULT NULL COMMENT '版本号',
  PRIMARY KEY (`id`) USING BTREE,
  INDEX `sindex`(`data_table`, `data_id`) USING BTREE
) ENGINE = InnoDB CHARACTER SET = utf8 COLLATE = utf8_general_ci ROW_FORMAT = Dynamic;

-- ----------------------------
-- Records of sys_data_log
-- ----------------------------
INSERT INTO `sys_data_log` VALUES ('402880f05ab0d198015ab12274bf0006', 'admin', '2017-03-09 11:35:09', NULL, NULL, 'jeecg_demo', '4028ef81550c1a7901550c1cd6e70001', '{\"mobilePhone\":\"\",\"officePhone\":\"\",\"email\":\"\",\"createDate\":\"Jun 23, 2016 12:00:00 PM\",\"sex\":\"1\",\"depId\":\"402880e447e99cf10147e9a03b320003\",\"userName\":\"9001\",\"status\":\"1\",\"content\":\"111\",\"id\":\"4028ef81550c1a7901550c1cd6e70001\"}', 3);
INSERT INTO `sys_data_log` VALUES ('402880f05ab6d12b015ab700bead0009', 'admin', '2017-03-10 14:56:03', NULL, NULL, 'jeecg_demo', '402880f05ab6d12b015ab700be8d0008', '{\"mobilePhone\":\"\",\"officePhone\":\"\",\"email\":\"\",\"createDate\":\"Mar 10, 2017 2:56:03 PM\",\"sex\":\"0\",\"depId\":\"402880e447e99cf10147e9a03b320003\",\"userName\":\"111\",\"status\":\"0\",\"id\":\"402880f05ab6d12b015ab700be8d0008\"}', 1);
INSERT INTO `sys_data_log` VALUES ('402880f05ab6d12b015ab705a23f000d', 'admin', '2017-03-10 15:01:24', NULL, NULL, 'jeecg_demo', '402880f05ab6d12b015ab705a233000c', '{\"mobilePhone\":\"\",\"officePhone\":\"11\",\"email\":\"\",\"createDate\":\"Mar 10, 2017 3:01:24 PM\",\"sex\":\"0\",\"depId\":\"402880e447e99cf10147e9a03b320003\",\"userName\":\"11\",\"status\":\"0\",\"id\":\"402880f05ab6d12b015ab705a233000c\"}', 1);
INSERT INTO `sys_data_log` VALUES ('402880f05ab6d12b015ab712a6420013', 'admin', '2017-03-10 15:15:37', NULL, NULL, 'jeecg_demo', '402880f05ab6d12b015ab712a6360012', '{\"mobilePhone\":\"\",\"officePhone\":\"\",\"email\":\"\",\"createDate\":\"Mar 10, 2017 3:15:37 PM\",\"sex\":\"0\",\"depId\":\"402880e447e99cf10147e9a03b320003\",\"userName\":\"小王\",\"status\":\"0\",\"id\":\"402880f05ab6d12b015ab712a6360012\"}', 1);
INSERT INTO `sys_data_log` VALUES ('402880f05ab6d12b015ab712d0510015', 'admin', '2017-03-10 15:15:47', NULL, NULL, 'jeecg_demo', '402880f05ab6d12b015ab712a6360012', '{\"mobilePhone\":\"18611788525\",\"officePhone\":\"\",\"email\":\"\",\"createDate\":\"Mar 10, 2017 3:15:37 AM\",\"sex\":\"0\",\"depId\":\"402880e447e99cf10147e9a03b320003\",\"userName\":\"小王\",\"status\":\"0\",\"id\":\"402880f05ab6d12b015ab712a6360012\"}', 2);
INSERT INTO `sys_data_log` VALUES ('402880f05ab6d12b015ab71308240018', 'admin', '2017-03-10 15:16:02', NULL, NULL, 'jeecg_demo', '8a8ab0b246dc81120146dc81860f016f', '{\"mobilePhone\":\"13111111111\",\"officePhone\":\"66666666\",\"email\":\"demo@jeecg.com\",\"age\":12,\"salary\":10.00,\"birthday\":\"Feb 14, 2014 12:00:00 AM\",\"sex\":\"1\",\"depId\":\"402880e447e99cf10147e9a03b320003\",\"userName\":\"小明\",\"status\":\"\",\"content\":\"\",\"id\":\"8a8ab0b246dc81120146dc81860f016f\"}', 1);
INSERT INTO `sys_data_log` VALUES ('402880f05ab6d12b015ab72806c3001b', 'admin', '2017-03-10 15:38:58', NULL, NULL, 'jeecg_demo', '8a8ab0b246dc81120146dc81860f016f', '{\"mobilePhone\":\"18611788888\",\"officePhone\":\"66666666\",\"email\":\"demo@jeecg.com\",\"age\":12,\"salary\":10.00,\"birthday\":\"Feb 14, 2014 12:00:00 AM\",\"sex\":\"1\",\"depId\":\"402880e447e99cf10147e9a03b320003\",\"userName\":\"小明\",\"status\":\"\",\"content\":\"\",\"id\":\"8a8ab0b246dc81120146dc81860f016f\"}', 2);
INSERT INTO `sys_data_log` VALUES ('4028ef815318148a0153181567690001', 'admin', '2016-02-25 18:59:29', NULL, NULL, 'jeecg_demo', '4028ef815318148a0153181566270000', '{\"mobilePhone\":\"13423423423\",\"officePhone\":\"1\",\"email\":\"\",\"age\":1,\"salary\":1,\"birthday\":\"Feb 25, 2016 12:00:00 AM\",\"createDate\":\"Feb 25, 2016 6:59:24 PM\",\"depId\":\"402880e447e9a9570147e9b6a3be0005\",\"userName\":\"1\",\"status\":\"0\",\"id\":\"4028ef815318148a0153181566270000\"}', 1);
INSERT INTO `sys_data_log` VALUES ('4028ef815318148a01531815ec5c0003', 'admin', '2016-02-25 19:00:03', NULL, NULL, 'jeecg_demo', '4028ef815318148a0153181566270000', '{\"mobilePhone\":\"13426498659\",\"officePhone\":\"1\",\"email\":\"\",\"age\":1,\"salary\":1.00,\"birthday\":\"Feb 25, 2016 12:00:00 AM\",\"createDate\":\"Feb 25, 2016 6:59:24 AM\",\"depId\":\"402880e447e9a9570147e9b6a3be0005\",\"userName\":\"1\",\"status\":\"0\",\"id\":\"4028ef815318148a0153181566270000\"}', 2);
INSERT INTO `sys_data_log` VALUES ('4028ef8153c028db0153c0502e6b0003', 'admin', '2016-03-29 10:59:53', NULL, NULL, 'jeecg_demo', '4028ef8153c028db0153c0502d420002', '{\"mobilePhone\":\"18455477548\",\"officePhone\":\"123\",\"email\":\"\",\"createDate\":\"Mar 29, 2016 10:59:53 AM\",\"depId\":\"402880e447e99cf10147e9a03b320003\",\"userName\":\"123\",\"status\":\"0\",\"id\":\"4028ef8153c028db0153c0502d420002\"}', 1);
INSERT INTO `sys_data_log` VALUES ('4028ef8153c028db0153c0509aa40006', 'admin', '2016-03-29 11:00:21', NULL, NULL, 'jeecg_demo', '4028ef8153c028db0153c0509a3e0005', '{\"mobilePhone\":\"13565486458\",\"officePhone\":\"\",\"email\":\"\",\"createDate\":\"Mar 29, 2016 11:00:21 AM\",\"depId\":\"402880e447e99cf10147e9a03b320003\",\"userName\":\"22\",\"status\":\"0\",\"id\":\"4028ef8153c028db0153c0509a3e0005\"}', 1);
INSERT INTO `sys_data_log` VALUES ('4028ef8153c028db0153c051c4a70008', 'admin', '2016-03-29 11:01:37', NULL, NULL, 'jeecg_demo', '4028ef8153c028db0153c0509a3e0005', '{\"mobilePhone\":\"13565486458\",\"officePhone\":\"\",\"email\":\"\",\"createDate\":\"Mar 29, 2016 11:00:21 AM\",\"depId\":\"402880e447e99cf10147e9a03b320003\",\"userName\":\"22\",\"status\":\"0\",\"id\":\"4028ef8153c028db0153c0509a3e0005\"}', 2);
INSERT INTO `sys_data_log` VALUES ('4028ef8153c028db0153c051d4b5000a', 'admin', '2016-03-29 11:01:41', NULL, NULL, 'jeecg_demo', '4028ef8153c028db0153c0502d420002', '{\"mobilePhone\":\"13565486458\",\"officePhone\":\"123\",\"email\":\"\",\"createDate\":\"Mar 29, 2016 10:59:53 AM\",\"depId\":\"402880e447e99cf10147e9a03b320003\",\"userName\":\"123\",\"status\":\"0\",\"id\":\"4028ef8153c028db0153c0502d420002\"}', 2);
INSERT INTO `sys_data_log` VALUES ('4028ef8153c028db0153c07033d8000d', 'admin', '2016-03-29 11:34:52', NULL, NULL, 'jeecg_demo', '4028ef8153c028db0153c0502d420002', '{\"mobilePhone\":\"13565486458\",\"officePhone\":\"123\",\"email\":\"\",\"age\":23,\"createDate\":\"Mar 29, 2016 10:59:53 AM\",\"depId\":\"402880e447e99cf10147e9a03b320003\",\"userName\":\"123\",\"status\":\"0\",\"id\":\"4028ef8153c028db0153c0502d420002\"}', 3);
INSERT INTO `sys_data_log` VALUES ('4028ef8153c028db0153c070492e000f', 'admin', '2016-03-29 11:34:57', NULL, NULL, 'jeecg_demo', '4028ef8153c028db0153c0509a3e0005', '{\"mobilePhone\":\"13565486458\",\"officePhone\":\"\",\"email\":\"\",\"age\":22,\"createDate\":\"Mar 29, 2016 11:00:21 AM\",\"depId\":\"402880e447e99cf10147e9a03b320003\",\"userName\":\"22\",\"status\":\"0\",\"id\":\"4028ef8153c028db0153c0509a3e0005\"}', 3);
INSERT INTO `sys_data_log` VALUES ('4028ef81550c1a7901550c1cd7850002', 'admin', '2016-06-01 21:17:44', NULL, NULL, 'jeecg_demo', '4028ef81550c1a7901550c1cd6e70001', '{\"mobilePhone\":\"\",\"officePhone\":\"\",\"email\":\"\",\"createDate\":\"Jun 1, 2016 9:17:44 PM\",\"sex\":\"1\",\"depId\":\"402880e447e99cf10147e9a03b320003\",\"userName\":\"121221\",\"status\":\"0\",\"id\":\"4028ef81550c1a7901550c1cd6e70001\"}', 1);
INSERT INTO `sys_data_log` VALUES ('4028ef81568c31ec01568c3307080004', 'admin', '2016-08-15 11:16:09', NULL, NULL, 'jeecg_demo', '4028ef81550c1a7901550c1cd6e70001', '{\"mobilePhone\":\"\",\"officePhone\":\"\",\"email\":\"\",\"createDate\":\"Jun 23, 2016 12:00:00 PM\",\"sex\":\"1\",\"depId\":\"402880e447e99cf10147e9a03b320003\",\"userName\":\"9001\",\"status\":\"1\",\"content\":\"111\",\"id\":\"4028ef81550c1a7901550c1cd6e70001\"}', 2);

-- ----------------------------
-- Table structure for sys_data_source
-- ----------------------------
DROP TABLE IF EXISTS `sys_data_source`;
CREATE TABLE `sys_data_source`  (
  `id` varchar(36) CHARACTER SET utf8mb4 COLLATE utf8mb4_general_ci NOT NULL,
  `name` varchar(100) CHARACTER SET utf8mb4 COLLATE utf8mb4_general_ci NULL DEFAULT NULL COMMENT '数据源名称',
  `remark` varchar(200) CHARACTER SET utf8mb4 COLLATE utf8mb4_general_ci NULL DEFAULT NULL COMMENT '备注',
  `catalog_id` varchar(255) CHARACTER SET utf8mb4 COLLATE utf8mb4_general_ci NULL DEFAULT NULL COMMENT '分类目录',
  `db_type` varchar(10) CHARACTER SET utf8mb4 COLLATE utf8mb4_general_ci NULL DEFAULT NULL COMMENT '数据库类型',
  `db_driver` varchar(100) CHARACTER SET utf8mb4 COLLATE utf8mb4_general_ci NULL DEFAULT NULL COMMENT '驱动类',
  `db_url` varchar(500) CHARACTER SET utf8mb4 COLLATE utf8mb4_general_ci NULL DEFAULT NULL COMMENT '数据源地址',
  `db_name` varchar(100) CHARACTER SET utf8mb4 COLLATE utf8mb4_general_ci NULL DEFAULT NULL COMMENT '数据库名称',
  `db_username` varchar(100) CHARACTER SET utf8mb4 COLLATE utf8mb4_general_ci NULL DEFAULT NULL COMMENT '用户名',
  `db_password` varchar(100) CHARACTER SET utf8mb4 COLLATE utf8mb4_general_ci NULL DEFAULT NULL COMMENT '密码',
  `create_by` varchar(50) CHARACTER SET utf8mb4 COLLATE utf8mb4_general_ci NULL DEFAULT NULL COMMENT '创建人',
  `create_time` datetime(0) NULL DEFAULT NULL COMMENT '创建日期',
  `update_by` varchar(50) CHARACTER SET utf8mb4 COLLATE utf8mb4_general_ci NULL DEFAULT NULL COMMENT '更新人',
  `update_time` datetime(0) NULL DEFAULT NULL COMMENT '更新日期',
  `sys_org_code` varchar(64) CHARACTER SET utf8mb4 COLLATE utf8mb4_general_ci NULL DEFAULT NULL COMMENT '所属部门',
  PRIMARY KEY (`id`) USING BTREE
) ENGINE = InnoDB CHARACTER SET = utf8mb4 COLLATE = utf8mb4_general_ci ROW_FORMAT = Dynamic;

-- ----------------------------
-- Records of sys_data_source
-- ----------------------------
INSERT INTO `sys_data_source` VALUES ('1209779538310004737', 'MySQL5.7', '本地数据库MySQL5.7', '5f9131036c4327b69cdbc14e', '1', 'com.mysql.jdbc.Driver', 'jdbc:mysql://127.0.0.1:3306/cc-admin?characterEncoding=UTF-8&useUnicode=true&useSSL=false', 'cc-admin', 'root', 'root', 'admin', '2019-12-25 18:14:53', 'admin', '2020-11-21 10:12:37', 'A01');
INSERT INTO `sys_data_source` VALUES ('1319099856026820609', '345', '345', '5f9131166c4327b69cdbc150', '1', '345', '345', '345', 'admin', '123456', 'admin', '2020-10-22 10:14:48', 'admin', '2020-10-22 15:48:42', 'A01');
INSERT INTO `sys_data_source` VALUES ('1319474474403192833', '789', '789789', '5f9131166c4327b69cdbc150', '1', '789', '789', '789', 'admin', '123456', 'admin', '2020-10-23 11:03:24', NULL, NULL, 'A01');

-- ----------------------------
-- Table structure for sys_depart
-- ----------------------------
DROP TABLE IF EXISTS `sys_depart`;
CREATE TABLE `sys_depart`  (
  `id` varchar(32) CHARACTER SET utf8 COLLATE utf8_general_ci NOT NULL COMMENT 'ID',
  `parent_id` varchar(32) CHARACTER SET utf8 COLLATE utf8_general_ci NULL DEFAULT NULL COMMENT '父机构ID',
  `depart_name` varchar(100) CHARACTER SET utf8 COLLATE utf8_general_ci NOT NULL COMMENT '机构/部门名称',
  `depart_name_en` varchar(500) CHARACTER SET utf8 COLLATE utf8_general_ci NULL DEFAULT NULL COMMENT '英文名',
  `depart_name_abbr` varchar(500) CHARACTER SET utf8 COLLATE utf8_general_ci NULL DEFAULT NULL COMMENT '缩写',
  `depart_order` int(11) NULL DEFAULT 0 COMMENT '排序',
  `description` varchar(500) CHARACTER SET utf8 COLLATE utf8_general_ci NULL DEFAULT NULL COMMENT '描述',
  `org_category` varchar(10) CHARACTER SET utf8 COLLATE utf8_general_ci NOT NULL DEFAULT '1' COMMENT '机构类别 1组织机构，2岗位',
  `org_type` varchar(10) CHARACTER SET utf8 COLLATE utf8_general_ci NULL DEFAULT NULL COMMENT '机构类型 1一级部门 2子部门',
  `org_code` varchar(64) CHARACTER SET utf8 COLLATE utf8_general_ci NOT NULL COMMENT '机构编码',
  `mobile` varchar(32) CHARACTER SET utf8 COLLATE utf8_general_ci NULL DEFAULT NULL COMMENT '手机号',
  `fax` varchar(32) CHARACTER SET utf8 COLLATE utf8_general_ci NULL DEFAULT NULL COMMENT '传真',
  `address` varchar(100) CHARACTER SET utf8 COLLATE utf8_general_ci NULL DEFAULT NULL COMMENT '地址',
  `memo` varchar(500) CHARACTER SET utf8 COLLATE utf8_general_ci NULL DEFAULT NULL COMMENT '备注',
  `status` varchar(1) CHARACTER SET utf8 COLLATE utf8_general_ci NULL DEFAULT NULL COMMENT '状态（1启用，0不启用）',
  `del_flag` varchar(1) CHARACTER SET utf8 COLLATE utf8_general_ci NULL DEFAULT NULL COMMENT '删除状态（0，正常，1已删除）',
  `create_by` varchar(32) CHARACTER SET utf8 COLLATE utf8_general_ci NULL DEFAULT NULL COMMENT '创建人',
  `create_time` datetime(0) NULL DEFAULT NULL COMMENT '创建日期',
  `update_by` varchar(32) CHARACTER SET utf8 COLLATE utf8_general_ci NULL DEFAULT NULL COMMENT '更新人',
  `update_time` datetime(0) NULL DEFAULT NULL COMMENT '更新日期',
  PRIMARY KEY (`id`) USING BTREE,
  UNIQUE INDEX `uniq_depart_org_code`(`org_code`) USING BTREE,
  INDEX `index_depart_parent_id`(`parent_id`) USING BTREE,
  INDEX `index_depart_depart_order`(`depart_order`) USING BTREE,
  INDEX `index_depart_org_code`(`org_code`) USING BTREE
) ENGINE = InnoDB CHARACTER SET = utf8 COLLATE = utf8_general_ci COMMENT = '组织机构表' ROW_FORMAT = Dynamic;

-- ----------------------------
-- Records of sys_depart
-- ----------------------------
INSERT INTO `sys_depart` VALUES ('4f1765520d6346f9bd9c79e2479e5b12', 'c6d7cb4deeac411cb3384b1b31278596', '市场部', NULL, NULL, 0, NULL, '1', '2', 'A01A03', NULL, NULL, NULL, NULL, NULL, '0', 'admin', '2019-02-20 17:15:34', 'admin', '2019-02-26 16:36:18');
INSERT INTO `sys_depart` VALUES ('5159cde220114246b045e574adceafe9', '6d35e179cd814e3299bd588ea7daed3f', '研发部', NULL, NULL, 0, NULL, '1', '2', 'A02A02', NULL, NULL, NULL, NULL, NULL, '0', 'admin', '2019-02-26 16:44:38', 'admin', '2019-03-07 09:36:53');
INSERT INTO `sys_depart` VALUES ('57197590443c44f083d42ae24ef26a2c', 'c6d7cb4deeac411cb3384b1b31278596', '研发部', NULL, NULL, 0, NULL, '1', '2', 'A01A05', NULL, NULL, NULL, NULL, NULL, '0', 'admin', '2019-02-21 16:14:41', 'admin', '2019-03-27 19:05:49');
INSERT INTO `sys_depart` VALUES ('63775228b7b041a99825f79760590b7d', '57197590443c44f083d42ae24ef26a2c', '研发经理', NULL, NULL, 0, NULL, '3', '3', 'A01A05A01', NULL, NULL, NULL, NULL, NULL, '0', 'admin', '2020-05-02 15:29:09', NULL, NULL);
INSERT INTO `sys_depart` VALUES ('67fc001af12a4f9b8458005d3f19934a', 'c6d7cb4deeac411cb3384b1b31278596', '财务部', NULL, NULL, 0, NULL, '1', '2', 'A01A04', NULL, NULL, NULL, NULL, NULL, '0', 'admin', '2019-02-21 16:14:35', 'admin', '2019-02-25 12:49:41');
INSERT INTO `sys_depart` VALUES ('6d35e179cd814e3299bd588ea7daed3f', '', '北京卓尔互动', NULL, NULL, 0, NULL, '1', '1', 'A02', NULL, NULL, NULL, NULL, NULL, '0', 'admin', '2019-02-26 16:36:39', 'admin', '2020-05-02 18:21:22');
INSERT INTO `sys_depart` VALUES ('743ba9dbdc114af8953a11022ef3096a', 'f28c6f53abd841ac87ead43afc483433', '财务部', NULL, NULL, 0, NULL, '1', '2', 'A03A01', NULL, NULL, NULL, NULL, NULL, '0', 'admin', '2019-03-22 16:45:43', NULL, NULL);
INSERT INTO `sys_depart` VALUES ('a7d7e77e06c84325a40932163adcdaa6', '6d35e179cd814e3299bd588ea7daed3f', '财务部', NULL, NULL, 0, NULL, '1', '2', 'A02A01', NULL, NULL, NULL, NULL, NULL, '0', 'admin', '2019-02-26 16:36:47', 'admin', '2019-02-26 16:37:25');
INSERT INTO `sys_depart` VALUES ('c6d7cb4deeac411cb3384b1b31278596', '', '北京国炬软件', NULL, NULL, 0, NULL, '1', '1', 'A01', NULL, NULL, NULL, NULL, NULL, '0', 'admin', '2019-02-11 14:21:51', 'admin', '2020-05-02 18:21:27');

-- ----------------------------
-- Table structure for sys_depart_permission
-- ----------------------------
DROP TABLE IF EXISTS `sys_depart_permission`;
CREATE TABLE `sys_depart_permission`  (
  `id` varchar(32) CHARACTER SET utf8 COLLATE utf8_general_ci NOT NULL,
  `depart_id` varchar(32) CHARACTER SET utf8 COLLATE utf8_general_ci NULL DEFAULT NULL COMMENT '部门id',
  `permission_id` varchar(32) CHARACTER SET utf8 COLLATE utf8_general_ci NULL DEFAULT NULL COMMENT '权限id',
  `data_rule_ids` varchar(1000) CHARACTER SET utf8 COLLATE utf8_general_ci NULL DEFAULT NULL COMMENT '数据规则id',
  PRIMARY KEY (`id`) USING BTREE
) ENGINE = InnoDB CHARACTER SET = utf8 COLLATE = utf8_general_ci COMMENT = '部门权限表' ROW_FORMAT = Dynamic;

-- ----------------------------
-- Table structure for sys_depart_role
-- ----------------------------
DROP TABLE IF EXISTS `sys_depart_role`;
CREATE TABLE `sys_depart_role`  (
  `id` varchar(32) CHARACTER SET utf8 COLLATE utf8_general_ci NOT NULL,
  `depart_id` varchar(32) CHARACTER SET utf8 COLLATE utf8_general_ci NULL DEFAULT NULL COMMENT '部门id',
  `role_name` varchar(200) CHARACTER SET utf8 COLLATE utf8_general_ci NULL DEFAULT NULL COMMENT '部门角色名称',
  `role_code` varchar(100) CHARACTER SET utf8 COLLATE utf8_general_ci NULL DEFAULT NULL COMMENT '部门角色编码',
  `description` varchar(255) CHARACTER SET utf8 COLLATE utf8_general_ci NULL DEFAULT NULL COMMENT '描述',
  `create_by` varchar(32) CHARACTER SET utf8 COLLATE utf8_general_ci NULL DEFAULT NULL COMMENT '创建人',
  `create_time` datetime(0) NULL DEFAULT NULL COMMENT '创建时间',
  `update_by` varchar(32) CHARACTER SET utf8 COLLATE utf8_general_ci NULL DEFAULT NULL COMMENT '更新人',
  `update_time` datetime(0) NULL DEFAULT NULL COMMENT '更新时间',
  PRIMARY KEY (`id`) USING BTREE
) ENGINE = InnoDB CHARACTER SET = utf8 COLLATE = utf8_general_ci COMMENT = '部门角色表' ROW_FORMAT = Dynamic;

-- ----------------------------
-- Table structure for sys_depart_role_permission
-- ----------------------------
DROP TABLE IF EXISTS `sys_depart_role_permission`;
CREATE TABLE `sys_depart_role_permission`  (
  `id` varchar(32) CHARACTER SET utf8 COLLATE utf8_general_ci NOT NULL,
  `depart_id` varchar(32) CHARACTER SET utf8 COLLATE utf8_general_ci NULL DEFAULT NULL COMMENT '部门id',
  `role_id` varchar(32) CHARACTER SET utf8 COLLATE utf8_general_ci NULL DEFAULT NULL COMMENT '角色id',
  `permission_id` varchar(32) CHARACTER SET utf8 COLLATE utf8_general_ci NULL DEFAULT NULL COMMENT '权限id',
  `data_rule_ids` varchar(1000) CHARACTER SET utf8 COLLATE utf8_general_ci NULL DEFAULT NULL,
  PRIMARY KEY (`id`) USING BTREE,
  INDEX `index_group_role_per_id`(`role_id`, `permission_id`) USING BTREE,
  INDEX `index_group_role_id`(`role_id`) USING BTREE,
  INDEX `index_group_per_id`(`permission_id`) USING BTREE
) ENGINE = InnoDB CHARACTER SET = utf8 COLLATE = utf8_general_ci COMMENT = '部门角色权限表' ROW_FORMAT = Dynamic;

-- ----------------------------
-- Table structure for sys_depart_role_user
-- ----------------------------
DROP TABLE IF EXISTS `sys_depart_role_user`;
CREATE TABLE `sys_depart_role_user`  (
  `id` varchar(32) CHARACTER SET utf8 COLLATE utf8_general_ci NOT NULL COMMENT '主键id',
  `user_id` varchar(32) CHARACTER SET utf8 COLLATE utf8_general_ci NULL DEFAULT NULL COMMENT '用户id',
  `drole_id` varchar(32) CHARACTER SET utf8 COLLATE utf8_general_ci NULL DEFAULT NULL COMMENT '角色id',
  PRIMARY KEY (`id`) USING BTREE
) ENGINE = InnoDB CHARACTER SET = utf8 COLLATE = utf8_general_ci COMMENT = '部门角色用户表' ROW_FORMAT = Dynamic;

-- ----------------------------
-- Table structure for sys_dict
-- ----------------------------
DROP TABLE IF EXISTS `sys_dict`;
CREATE TABLE `sys_dict`  (
  `id` varchar(32) CHARACTER SET utf8 COLLATE utf8_general_ci NOT NULL,
  `dict_name` varchar(100) CHARACTER SET utf8 COLLATE utf8_general_ci NULL DEFAULT NULL COMMENT '字典名称',
  `dict_code` varchar(100) CHARACTER SET utf8 COLLATE utf8_general_ci NULL DEFAULT NULL COMMENT '字典编码',
  `description` varchar(255) CHARACTER SET utf8 COLLATE utf8_general_ci NULL DEFAULT NULL COMMENT '描述',
  `del_flag` int(1) NULL DEFAULT NULL COMMENT '删除状态',
  `create_by` varchar(32) CHARACTER SET utf8 COLLATE utf8_general_ci NULL DEFAULT NULL COMMENT '创建人',
  `create_time` datetime(0) NULL DEFAULT NULL COMMENT '创建时间',
  `update_by` varchar(32) CHARACTER SET utf8 COLLATE utf8_general_ci NULL DEFAULT NULL COMMENT '更新人',
  `update_time` datetime(0) NULL DEFAULT NULL COMMENT '更新时间',
  `type` int(1) UNSIGNED ZEROFILL NULL DEFAULT 0 COMMENT '字典类型0为string,1为number',
  PRIMARY KEY (`id`) USING BTREE,
  UNIQUE INDEX `indextable_dict_code`(`dict_code`) USING BTREE
) ENGINE = InnoDB CHARACTER SET = utf8 COLLATE = utf8_general_ci ROW_FORMAT = Dynamic;

-- ----------------------------
-- Records of sys_dict
-- ----------------------------
INSERT INTO `sys_dict` VALUES ('0b5d19e1fce4b2e6647e6b4a17760c14', '通告类型', 'msg_category', '消息类型1:通知公告2:系统消息', 0, 'admin', '2019-04-22 18:01:35', NULL, NULL, 0);
INSERT INTO `sys_dict` VALUES ('1174509082208395266', '职务职级', 'position_rank', '职务表职级字典', 0, 'admin', '2019-09-19 10:22:41', NULL, NULL, 0);
INSERT INTO `sys_dict` VALUES ('1174511106530525185', '机构类型', 'org_category', '机构类型 1公司，2部门 3岗位', 0, 'admin', '2019-09-19 10:30:43', NULL, NULL, 0);
INSERT INTO `sys_dict` VALUES ('1178295274528845826', '表单权限策略', 'form_perms_type', '', 0, 'admin', '2019-09-29 21:07:39', 'admin', '2019-09-29 21:08:26', NULL);
INSERT INTO `sys_dict` VALUES ('1199517671259906049', '紧急程度', 'urgent_level', '日程计划紧急程度', 0, 'admin', '2019-11-27 10:37:53', NULL, NULL, 0);
INSERT INTO `sys_dict` VALUES ('1199518099888414722', '日程计划类型', 'eoa_plan_type', '', 0, 'admin', '2019-11-27 10:39:36', NULL, NULL, 0);
INSERT INTO `sys_dict` VALUES ('1199520177767587841', '分类栏目类型', 'eoa_cms_menu_type', '', 0, 'admin', '2019-11-27 10:47:51', 'admin', '2019-11-27 10:49:35', 0);
INSERT INTO `sys_dict` VALUES ('1199525215290306561', '日程计划状态', 'eoa_plan_status', '', 0, 'admin', '2019-11-27 11:07:52', 'admin', '2019-11-27 11:10:11', 0);
INSERT INTO `sys_dict` VALUES ('1209733563293962241', '数据库类型', 'database_type', '', 0, 'admin', '2019-12-25 15:12:12', NULL, NULL, 0);
INSERT INTO `sys_dict` VALUES ('1232913193820581889', 'Online表单业务分类', 'ol_form_biz_type', '', 0, 'admin', '2020-02-27 14:19:46', 'admin', '2020-02-27 14:20:23', 0);
INSERT INTO `sys_dict` VALUES ('1250687930947620866', '定时任务状态', 'quartz_status', '', 0, 'admin', '2020-04-16 15:30:14', '', NULL, NULL);
INSERT INTO `sys_dict` VALUES ('1320638906235756545', '任务类型', 'idx_task_type', '', 0, 'admin', '2020-10-26 16:10:26', '', NULL, 0);
INSERT INTO `sys_dict` VALUES ('1320639181990273026', '周期频次', 'idx_task_period', '', 0, 'admin', '2020-10-26 16:11:32', '', NULL, 0);
INSERT INTO `sys_dict` VALUES ('1320646409757532161', '任务状态', 'task_status', '', 0, 'admin', '2020-10-26 16:40:15', '', NULL, 0);
INSERT INTO `sys_dict` VALUES ('1325734080418889729', '计划年度', 'plan_year', NULL, 0, 'admin', '2020-11-09 17:36:50', NULL, NULL, 0);
INSERT INTO `sys_dict` VALUES ('1325734180595646465', '计划类型', 'plan_type', NULL, 0, 'admin', '2020-11-09 17:37:14', NULL, NULL, 0);
INSERT INTO `sys_dict` VALUES ('1325734258391597057', '计划状态', 'plan_status', NULL, 0, 'admin', '2020-11-09 17:37:33', NULL, NULL, 0);
INSERT INTO `sys_dict` VALUES ('1325735176126283778', '明细类型', 'detail_type', NULL, 0, 'admin', '2020-11-09 17:41:12', NULL, NULL, 0);
INSERT INTO `sys_dict` VALUES ('1332488311746379778', '数据来源', 'source', NULL, 0, 'admin', '2020-11-28 08:55:45', NULL, NULL, 0);
INSERT INTO `sys_dict` VALUES ('1332488735186534402', '数据类型', 'data_type', NULL, 0, 'admin', '2020-11-28 08:57:26', NULL, NULL, 0);
INSERT INTO `sys_dict` VALUES ('1332488971405541377', '对象', 'obj', NULL, 0, 'admin', '2020-11-28 08:58:22', 'admin', '2020-11-28 09:05:48', 0);
INSERT INTO `sys_dict` VALUES ('1332489342794383361', '对象属性', 'obj_prop', NULL, 0, 'admin', '2020-11-28 08:59:50', NULL, NULL, 0);
INSERT INTO `sys_dict` VALUES ('1332489510818201602', '数据粒度', 'data_level', NULL, 0, 'admin', '2020-11-28 09:00:30', NULL, NULL, 0);
INSERT INTO `sys_dict` VALUES ('236e8a4baff0db8c62c00dd95632834f', '同步工作流引擎', 'activiti_sync', '同步工作流引擎', 0, 'admin', '2019-05-15 15:27:33', NULL, NULL, 0);
INSERT INTO `sys_dict` VALUES ('2e02df51611a4b9632828ab7e5338f00', '权限策略', 'perms_type', '权限策略', 0, 'admin', '2019-04-26 18:26:55', NULL, NULL, 0);
INSERT INTO `sys_dict` VALUES ('2f0320997ade5dd147c90130f7218c3e', '推送类别', 'msg_type', '', 0, 'admin', '2019-03-17 21:21:32', 'admin', '2019-03-26 19:57:45', 0);
INSERT INTO `sys_dict` VALUES ('3486f32803bb953e7155dab3513dc68b', '删除状态', 'del_flag', NULL, 0, 'admin', '2019-01-18 21:46:26', 'admin', '2019-03-30 11:17:11', 0);
INSERT INTO `sys_dict` VALUES ('3d9a351be3436fbefb1307d4cfb49bf2', '性别', 'sex', NULL, 0, NULL, '2019-01-04 14:56:32', 'admin', '2019-03-30 11:28:27', 1);
INSERT INTO `sys_dict` VALUES ('4274efc2292239b6f000b153f50823ff', '全局权限策略', 'global_perms_type', '全局权限策略', 0, 'admin', '2019-05-10 17:54:05', NULL, NULL, 0);
INSERT INTO `sys_dict` VALUES ('4c03fca6bf1f0299c381213961566349', 'Online图表展示模板', 'online_graph_display_template', 'Online图表展示模板', 0, 'admin', '2019-04-12 17:28:50', NULL, NULL, 0);
INSERT INTO `sys_dict` VALUES ('4c753b5293304e7a445fd2741b46529d', '字典状态', 'dict_item_status', NULL, 0, 'admin', '2020-06-18 23:18:42', 'admin', '2019-03-30 19:33:52', 1);
INSERT INTO `sys_dict` VALUES ('4d7fec1a7799a436d26d02325eff295e', '优先级', 'priority', '优先级', 0, 'admin', '2019-03-16 17:03:34', 'admin', '2019-04-16 17:39:23', 0);
INSERT INTO `sys_dict` VALUES ('4e4602b3e3686f0911384e188dc7efb4', '条件规则', 'rule_conditions', '', 0, 'admin', '2019-04-01 10:15:03', 'admin', '2019-04-01 10:30:47', 0);
INSERT INTO `sys_dict` VALUES ('4f69be5f507accea8d5df5f11346181a', '发送消息类型', 'msgType', NULL, 0, 'admin', '2019-04-11 14:27:09', NULL, NULL, 0);
INSERT INTO `sys_dict` VALUES ('68168534ff5065a152bfab275c2136f8', '有效无效状态', 'valid_status', '有效无效状态', 0, 'admin', '2020-09-26 19:21:14', 'admin', '2019-04-26 19:21:23', 0);
INSERT INTO `sys_dict` VALUES ('6b78e3f59faec1a4750acff08030a79b', '用户类型', 'user_type', NULL, 0, NULL, '2019-01-04 14:59:01', 'admin', '2019-03-18 23:28:18', 0);
INSERT INTO `sys_dict` VALUES ('72cce0989df68887546746d8f09811aa', 'Online表单类型', 'cgform_table_type', '', 0, 'admin', '2019-01-27 10:13:02', 'admin', '2019-03-30 11:37:36', 0);
INSERT INTO `sys_dict` VALUES ('78bda155fe380b1b3f175f1e88c284c6', '流程状态', 'bpm_status', '流程状态', 0, 'admin', '2019-05-09 16:31:52', NULL, NULL, 0);
INSERT INTO `sys_dict` VALUES ('83bfb33147013cc81640d5fd9eda030c', '日志类型', 'log_type', NULL, 0, 'admin', '2019-03-18 23:22:19', NULL, NULL, 1);
INSERT INTO `sys_dict` VALUES ('845da5006c97754728bf48b6a10f79cc', '状态', 'status', NULL, 0, 'admin', '2019-03-18 21:45:25', 'admin', '2019-03-18 21:58:25', 0);
INSERT INTO `sys_dict` VALUES ('880a895c98afeca9d9ac39f29e67c13e', '操作类型', 'operate_type', '操作类型', 0, 'admin', '2019-07-22 10:54:29', NULL, NULL, 0);
INSERT INTO `sys_dict` VALUES ('8dfe32e2d29ea9430a988b3b558bf233', '发布状态', 'send_status', '发布状态', 0, 'admin', '2019-04-16 17:40:42', NULL, NULL, 0);
INSERT INTO `sys_dict` VALUES ('a7adbcd86c37f7dbc9b66945c82ef9e6', '1是0否', 'yn', '', 0, 'admin', '2019-05-22 19:29:29', NULL, NULL, 0);
INSERT INTO `sys_dict` VALUES ('a9d9942bd0eccb6e89de92d130ec4c4a', '消息发送状态', 'msgSendStatus', NULL, 0, 'admin', '2019-04-12 18:18:17', NULL, NULL, 0);
INSERT INTO `sys_dict` VALUES ('ac2f7c0c5c5775fcea7e2387bcb22f01', '菜单类型', 'menu_type', NULL, 0, 'admin', '2019-12-18 23:24:32', 'admin', '2019-04-01 15:27:06', 1);
INSERT INTO `sys_dict` VALUES ('ad7c65ba97c20a6805d5dcdf13cdaf36', 'onlineT类型', 'ceshi_online', NULL, 0, 'admin', '2019-03-22 16:31:49', 'admin', '2019-03-22 16:34:16', 0);
INSERT INTO `sys_dict` VALUES ('bd1b8bc28e65d6feefefb6f3c79f42fd', 'Online图表数据类型', 'online_graph_data_type', 'Online图表数据类型', 0, 'admin', '2019-04-12 17:24:24', 'admin', '2019-04-12 17:24:57', 0);
INSERT INTO `sys_dict` VALUES ('c36169beb12de8a71c8683ee7c28a503', '部门状态', 'depart_status', NULL, 0, 'admin', '2019-03-18 21:59:51', NULL, NULL, 0);
INSERT INTO `sys_dict` VALUES ('c5a14c75172783d72cbee6ee7f5df5d1', 'Online图表类型', 'online_graph_type', 'Online图表类型', 0, 'admin', '2019-04-12 17:04:06', NULL, NULL, 0);
INSERT INTO `sys_dict` VALUES ('d6e1152968b02d69ff358c75b48a6ee1', '流程类型', 'bpm_process_type', NULL, 1, 'admin', '2021-02-22 19:26:54', 'admin', '2019-03-30 18:14:44', 0);
INSERT INTO `sys_dict` VALUES ('fc6cd58fde2e8481db10d3a1e68ce70c', '用户状态', 'user_status', NULL, 0, 'admin', '2019-03-18 21:57:25', 'admin', '2019-03-18 23:11:58', 1);

-- ----------------------------
-- Table structure for sys_dict_item
-- ----------------------------
DROP TABLE IF EXISTS `sys_dict_item`;
CREATE TABLE `sys_dict_item`  (
  `id` varchar(32) CHARACTER SET utf8 COLLATE utf8_general_ci NOT NULL,
  `dict_id` varchar(32) CHARACTER SET utf8 COLLATE utf8_general_ci NULL DEFAULT NULL COMMENT '字典id',
  `item_text` varchar(100) CHARACTER SET utf8 COLLATE utf8_general_ci NULL DEFAULT NULL COMMENT '字典项文本',
  `item_value` varchar(100) CHARACTER SET utf8 COLLATE utf8_general_ci NULL DEFAULT NULL COMMENT '字典项值',
  `description` varchar(255) CHARACTER SET utf8 COLLATE utf8_general_ci NULL DEFAULT NULL COMMENT '描述',
  `sort_order` int(10) NULL DEFAULT NULL COMMENT '排序',
  `status` int(11) NULL DEFAULT NULL COMMENT '状态（1启用 0不启用）',
  `create_by` varchar(32) CHARACTER SET utf8 COLLATE utf8_general_ci NULL DEFAULT NULL,
  `create_time` datetime(0) NULL DEFAULT NULL,
  `update_by` varchar(32) CHARACTER SET utf8 COLLATE utf8_general_ci NULL DEFAULT NULL,
  `update_time` datetime(0) NULL DEFAULT NULL,
  PRIMARY KEY (`id`) USING BTREE,
  INDEX `index_table_dict_id`(`dict_id`) USING BTREE,
  INDEX `index_table_sort_order`(`sort_order`) USING BTREE,
  INDEX `index_table_dict_status`(`status`) USING BTREE
) ENGINE = InnoDB CHARACTER SET = utf8 COLLATE = utf8_general_ci ROW_FORMAT = Dynamic;

-- ----------------------------
-- Records of sys_dict_item
-- ----------------------------
INSERT INTO `sys_dict_item` VALUES ('0072d115e07c875d76c9b022e2179128', '4d7fec1a7799a436d26d02325eff295e', '低', 'L', '低', 3, 1, 'admin', '2019-04-16 17:04:59', NULL, NULL);
INSERT INTO `sys_dict_item` VALUES ('05a2e732ce7b00aa52141ecc3e330b4e', '3486f32803bb953e7155dab3513dc68b', '已删除', '1', NULL, NULL, 1, 'admin', '2025-10-18 21:46:56', 'admin', '2019-03-28 22:23:20');
INSERT INTO `sys_dict_item` VALUES ('096c2e758d823def3855f6376bc736fb', 'bd1b8bc28e65d6feefefb6f3c79f42fd', 'SQL', 'sql', NULL, 1, 1, 'admin', '2019-04-12 17:26:26', NULL, NULL);
INSERT INTO `sys_dict_item` VALUES ('0c9532916f5cd722017b46bc4d953e41', '2f0320997ade5dd147c90130f7218c3e', '指定用户', 'USER', NULL, NULL, 1, 'admin', '2019-03-17 21:22:19', 'admin', '2019-03-17 21:22:28');
INSERT INTO `sys_dict_item` VALUES ('0ca4beba9efc4f9dd54af0911a946d5c', '72cce0989df68887546746d8f09811aa', '附表', '3', NULL, 3, 1, 'admin', '2019-03-27 10:13:43', NULL, NULL);
INSERT INTO `sys_dict_item` VALUES ('1030a2652608f5eac3b49d70458b8532', '2e02df51611a4b9632828ab7e5338f00', '禁用', '2', '禁用', 2, 1, 'admin', '2021-03-26 18:27:28', 'admin', '2019-04-26 18:39:11');
INSERT INTO `sys_dict_item` VALUES ('1174509082208395266', '1174511106530525185', '岗位', '3', '岗位', 1, 1, 'admin', '2019-09-19 10:31:16', '', NULL);
INSERT INTO `sys_dict_item` VALUES ('1174509601047994369', '1174509082208395266', '员级', '1', '', 1, 1, 'admin', '2019-09-19 10:24:45', 'admin', '2019-09-23 11:46:39');
INSERT INTO `sys_dict_item` VALUES ('1174509667297026049', '1174509082208395266', '助级', '2', '', 2, 1, 'admin', '2019-09-19 10:25:01', 'admin', '2019-09-23 11:46:47');
INSERT INTO `sys_dict_item` VALUES ('1174509713568587777', '1174509082208395266', '中级', '3', '', 3, 1, 'admin', '2019-09-19 10:25:12', 'admin', '2019-09-23 11:46:56');
INSERT INTO `sys_dict_item` VALUES ('1174509788361416705', '1174509082208395266', '副高级', '4', '', 4, 1, 'admin', '2019-09-19 10:25:30', 'admin', '2019-09-23 11:47:06');
INSERT INTO `sys_dict_item` VALUES ('1174509835803189250', '1174509082208395266', '正高级', '5', '', 5, 1, 'admin', '2019-09-19 10:25:41', 'admin', '2019-09-23 11:47:12');
INSERT INTO `sys_dict_item` VALUES ('1174511197735665665', '1174511106530525185', '公司', '1', '公司', 1, 1, 'admin', '2019-09-19 10:31:05', NULL, NULL);
INSERT INTO `sys_dict_item` VALUES ('1174511244036587521', '1174511106530525185', '部门', '2', '部门', 1, 1, 'admin', '2019-09-19 10:31:16', NULL, NULL);
INSERT INTO `sys_dict_item` VALUES ('1178295553450061826', '1178295274528845826', '可编辑(未授权禁用)', '2', '', 2, 1, 'admin', '2019-09-29 21:08:46', 'admin', '2019-09-29 21:09:18');
INSERT INTO `sys_dict_item` VALUES ('1178295639554928641', '1178295274528845826', '可见(未授权不可见)', '1', '', 1, 1, 'admin', '2019-09-29 21:09:06', 'admin', '2019-09-29 21:09:24');
INSERT INTO `sys_dict_item` VALUES ('1199517884758368257', '1199517671259906049', '一般', '1', '', 1, 1, 'admin', '2019-11-27 10:38:44', NULL, NULL);
INSERT INTO `sys_dict_item` VALUES ('1199517914017832962', '1199517671259906049', '重要', '2', '', 1, 1, 'admin', '2019-11-27 10:38:51', NULL, NULL);
INSERT INTO `sys_dict_item` VALUES ('1199517941339529217', '1199517671259906049', '紧急', '3', '', 1, 1, 'admin', '2019-11-27 10:38:58', NULL, NULL);
INSERT INTO `sys_dict_item` VALUES ('1199518186144276482', '1199518099888414722', '日常记录', '1', '', 1, 1, 'admin', '2019-11-27 10:39:56', NULL, NULL);
INSERT INTO `sys_dict_item` VALUES ('1199518214858481666', '1199518099888414722', '本周工作', '2', '', 1, 1, 'admin', '2019-11-27 10:40:03', NULL, NULL);
INSERT INTO `sys_dict_item` VALUES ('1199518235943247874', '1199518099888414722', '下周计划', '3', '', 1, 1, 'admin', '2019-11-27 10:40:08', NULL, NULL);
INSERT INTO `sys_dict_item` VALUES ('1199520817285701634', '1199520177767587841', '列表', '1', '', 1, 1, 'admin', '2019-11-27 10:50:24', NULL, NULL);
INSERT INTO `sys_dict_item` VALUES ('1199520835035996161', '1199520177767587841', '链接', '2', '', 1, 1, 'admin', '2019-11-27 10:50:28', NULL, NULL);
INSERT INTO `sys_dict_item` VALUES ('1199525468672405505', '1199525215290306561', '未开始', '0', '', 1, 1, 'admin', '2019-11-27 11:08:52', NULL, NULL);
INSERT INTO `sys_dict_item` VALUES ('1199525490575060993', '1199525215290306561', '进行中', '1', '', 1, 1, 'admin', '2019-11-27 11:08:58', NULL, NULL);
INSERT INTO `sys_dict_item` VALUES ('1199525506429530114', '1199525215290306561', '已完成', '2', '', 1, 1, 'admin', '2019-11-27 11:09:02', 'admin', '2019-11-27 11:10:02');
INSERT INTO `sys_dict_item` VALUES ('1199607547704647681', '4f69be5f507accea8d5df5f11346181a', '系统', '4', '', 1, 1, 'admin', '2019-11-27 16:35:02', 'admin', '2019-11-27 19:37:46');
INSERT INTO `sys_dict_item` VALUES ('1209733775114702850', '1209733563293962241', 'MySQL', '1', '', 1, 1, 'admin', '2019-12-25 15:13:02', NULL, NULL);
INSERT INTO `sys_dict_item` VALUES ('1209733839933476865', '1209733563293962241', 'Oracle', '2', '', 1, 1, 'admin', '2019-12-25 15:13:18', NULL, NULL);
INSERT INTO `sys_dict_item` VALUES ('1209733903020003330', '1209733563293962241', 'SQLServer', '3', '', 1, 1, 'admin', '2019-12-25 15:13:33', NULL, NULL);
INSERT INTO `sys_dict_item` VALUES ('1232913424813486081', '1232913193820581889', '官方示例', 'demo', '', 1, 1, 'admin', '2020-02-27 14:20:42', 'admin', '2020-02-27 14:21:37');
INSERT INTO `sys_dict_item` VALUES ('1232913493717512194', '1232913193820581889', '流程表单', 'bpm', '', 2, 1, 'admin', '2020-02-27 14:20:58', 'admin', '2020-02-27 14:22:20');
INSERT INTO `sys_dict_item` VALUES ('1232913605382467585', '1232913193820581889', '测试表单', 'temp', '', 4, 1, 'admin', '2020-02-27 14:21:25', 'admin', '2020-02-27 14:22:16');
INSERT INTO `sys_dict_item` VALUES ('1232914232372195330', '1232913193820581889', '导入表单', 'bdfl_include', '', 5, 1, 'admin', '2020-02-27 14:23:54', NULL, NULL);
INSERT INTO `sys_dict_item` VALUES ('1234371726545010689', '4e4602b3e3686f0911384e188dc7efb4', '左模糊', 'LEFT_LIKE', '左模糊', 7, 1, 'admin', '2020-03-02 14:55:27', NULL, NULL);
INSERT INTO `sys_dict_item` VALUES ('1234371809495760898', '4e4602b3e3686f0911384e188dc7efb4', '右模糊', 'RIGHT_LIKE', '右模糊', 7, 1, 'admin', '2020-03-02 14:55:47', NULL, NULL);
INSERT INTO `sys_dict_item` VALUES ('1250688147579228161', '1250687930947620866', '正常', '0', '', 1, 1, 'admin', '2020-04-16 15:31:05', '', NULL);
INSERT INTO `sys_dict_item` VALUES ('1250688201064992770', '1250687930947620866', '停止', '-1', '', 1, 1, 'admin', '2020-04-16 15:31:18', '', NULL);
INSERT INTO `sys_dict_item` VALUES ('1320638975550824450', '1320638906235756545', '一次性', 'once', '', 1, 1, 'admin', '2020-10-26 16:10:43', '', NULL);
INSERT INTO `sys_dict_item` VALUES ('1320639039375548418', '1320638906235756545', '周期性', 'period', '', 1, 1, 'admin', '2020-10-26 16:10:58', '', NULL);
INSERT INTO `sys_dict_item` VALUES ('1320639256124596226', '1320639181990273026', '分钟', 'minute', '', 1, 1, 'admin', '2020-10-26 16:11:50', '', NULL);
INSERT INTO `sys_dict_item` VALUES ('1320639309027352578', '1320639181990273026', '小时', 'hour', '', 1, 1, 'admin', '2020-10-26 16:12:02', '', NULL);
INSERT INTO `sys_dict_item` VALUES ('1320639352757166082', '1320639181990273026', '天', 'day', '', 1, 1, 'admin', '2020-10-26 16:12:13', '', NULL);
INSERT INTO `sys_dict_item` VALUES ('1320639409808089089', '1320639181990273026', '周', 'week', '', 1, 1, 'admin', '2020-10-26 16:12:26', '', NULL);
INSERT INTO `sys_dict_item` VALUES ('1320639459904856066', '1320639181990273026', '月', 'month', '', 1, 1, 'admin', '2020-10-26 16:12:38', '', NULL);
INSERT INTO `sys_dict_item` VALUES ('1320639632676626433', '1320639181990273026', '季', 'quarter', '', 1, 1, 'admin', '2020-10-26 16:13:19', '', NULL);
INSERT INTO `sys_dict_item` VALUES ('1320639739979505666', '1320639181990273026', '半年', 'half_year', '', 1, 1, 'admin', '2020-10-26 16:13:45', '', NULL);
INSERT INTO `sys_dict_item` VALUES ('1320639812230586369', '1320639181990273026', '年', 'year', '', 1, 1, 'admin', '2020-10-26 16:14:02', '', NULL);
INSERT INTO `sys_dict_item` VALUES ('1320646469199208449', '1320646409757532161', '运行中', 'running', '', 1, 1, 'admin', '2020-10-26 16:40:29', '', NULL);
INSERT INTO `sys_dict_item` VALUES ('1320646520239693826', '1320646409757532161', '已停止', 'stop', '', 1, 1, 'admin', '2020-10-26 16:40:42', '', NULL);
INSERT INTO `sys_dict_item` VALUES ('1325734435219259393', '1325734258391597057', '未启动', '1', NULL, 100, 1, 'admin', '2020-11-09 17:38:15', 'admin', '2020-11-09 17:38:56');
INSERT INTO `sys_dict_item` VALUES ('1325734483508281346', '1325734258391597057', '执行中', '2', NULL, 100, 1, 'admin', '2020-11-09 17:38:26', NULL, NULL);
INSERT INTO `sys_dict_item` VALUES ('1325734536939520002', '1325734258391597057', '完成', '3', NULL, 100, 1, 'admin', '2020-11-09 17:38:39', NULL, NULL);
INSERT INTO `sys_dict_item` VALUES ('1325734667805999106', '1325734180595646465', '年度计划', '1', NULL, 100, 1, 'admin', '2020-11-09 17:39:10', NULL, NULL);
INSERT INTO `sys_dict_item` VALUES ('1325734704199974913', '1325734180595646465', '新增计划', '2', NULL, 100, 1, 'admin', '2020-11-09 17:39:19', NULL, NULL);
INSERT INTO `sys_dict_item` VALUES ('1325734770704859137', '1325734080418889729', '2020年', '2020', NULL, 100, 1, 'admin', '2020-11-09 17:39:35', NULL, NULL);
INSERT INTO `sys_dict_item` VALUES ('1325734804309622786', '1325734080418889729', '2021年', '2021', NULL, 100, 1, 'admin', '2020-11-09 17:39:43', NULL, NULL);
INSERT INTO `sys_dict_item` VALUES ('1325734839554359297', '1325734080418889729', '2022年', '2022', NULL, 100, 1, 'admin', '2020-11-09 17:39:51', NULL, NULL);
INSERT INTO `sys_dict_item` VALUES ('1325735233806352385', '1325735176126283778', '核心系统', '1', NULL, 100, 1, 'admin', '2020-11-09 17:41:25', NULL, NULL);
INSERT INTO `sys_dict_item` VALUES ('1325735265129414658', '1325735176126283778', '信贷系统', '2', NULL, 100, 1, 'admin', '2020-11-09 17:41:33', NULL, NULL);
INSERT INTO `sys_dict_item` VALUES ('1332488598510944257', '1332488311746379778', '核心系统', 'core', NULL, 100, 1, 'admin', '2020-11-28 08:56:53', NULL, NULL);
INSERT INTO `sys_dict_item` VALUES ('1332488852484440065', '1332488735186534402', 'varchar', 'varchar', NULL, 100, 1, 'admin', '2020-11-28 08:57:54', NULL, NULL);
INSERT INTO `sys_dict_item` VALUES ('1332489015806443522', '1332488971405541377', '机构', 'dept', NULL, 100, 1, 'admin', '2020-11-28 08:58:32', NULL, NULL);
INSERT INTO `sys_dict_item` VALUES ('1332489068260409345', '1332488971405541377', '日期', 'date', NULL, 100, 1, 'admin', '2020-11-28 08:58:45', NULL, NULL);
INSERT INTO `sys_dict_item` VALUES ('1332489410389786626', '1332489342794383361', 'YYYY-MM-DD', 'YYYY-MM-DD', NULL, 100, 1, 'admin', '2020-11-28 09:00:07', NULL, NULL);
INSERT INTO `sys_dict_item` VALUES ('147c48ff4b51545032a9119d13f3222a', 'd6e1152968b02d69ff358c75b48a6ee1', '测试流程', 'test', NULL, 1, 1, 'admin', '2019-03-22 19:27:05', NULL, NULL);
INSERT INTO `sys_dict_item` VALUES ('1543fe7e5e26fb97cdafe4981bedc0c8', '4c03fca6bf1f0299c381213961566349', '单排布局', 'single', NULL, 2, 1, 'admin', '2022-07-12 17:43:39', 'admin', '2019-04-12 17:43:57');
INSERT INTO `sys_dict_item` VALUES ('1ce390c52453891f93514c1bd2795d44', 'ad7c65ba97c20a6805d5dcdf13cdaf36', '000', '00', NULL, 1, 1, 'admin', '2019-03-22 16:34:34', NULL, NULL);
INSERT INTO `sys_dict_item` VALUES ('1db531bcff19649fa82a644c8a939dc4', '4c03fca6bf1f0299c381213961566349', '组合布局', 'combination', '', 4, 1, 'admin', '2019-05-11 16:07:08', NULL, NULL);
INSERT INTO `sys_dict_item` VALUES ('222705e11ef0264d4214affff1fb4ff9', '4f69be5f507accea8d5df5f11346181a', '短信', '1', '', 1, 1, 'admin', '2023-02-28 10:50:36', 'admin', '2019-04-28 10:58:11');
INSERT INTO `sys_dict_item` VALUES ('23a5bb76004ed0e39414e928c4cde155', '4e4602b3e3686f0911384e188dc7efb4', '不等于', '!=', '不等于', 3, 1, 'admin', '2019-04-01 16:46:15', 'admin', '2019-04-01 17:48:40');
INSERT INTO `sys_dict_item` VALUES ('25847e9cb661a7c711f9998452dc09e6', '4e4602b3e3686f0911384e188dc7efb4', '小于等于', '<=', '小于等于', 6, 1, 'admin', '2019-04-01 16:44:34', 'admin', '2019-04-01 17:49:10');
INSERT INTO `sys_dict_item` VALUES ('2d51376643f220afdeb6d216a8ac2c01', '68168534ff5065a152bfab275c2136f8', '有效', '1', '有效', 2, 1, 'admin', '2019-04-26 19:22:01', NULL, NULL);
INSERT INTO `sys_dict_item` VALUES ('308c8aadf0c37ecdde188b97ca9833f5', '8dfe32e2d29ea9430a988b3b558bf233', '已发布', '1', '已发布', 2, 1, 'admin', '2019-04-16 17:41:24', NULL, NULL);
INSERT INTO `sys_dict_item` VALUES ('333e6b2196e01ef9a5f76d74e86a6e33', '8dfe32e2d29ea9430a988b3b558bf233', '未发布', '0', '未发布', 1, 1, 'admin', '2019-04-16 17:41:12', NULL, NULL);
INSERT INTO `sys_dict_item` VALUES ('337ea1e401bda7233f6258c284ce4f50', 'bd1b8bc28e65d6feefefb6f3c79f42fd', 'JSON', 'json', NULL, 1, 1, 'admin', '2019-04-12 17:26:33', NULL, NULL);
INSERT INTO `sys_dict_item` VALUES ('33bc9d9f753cf7dc40e70461e50fdc54', 'a9d9942bd0eccb6e89de92d130ec4c4a', '发送失败', '2', NULL, 3, 1, 'admin', '2019-04-12 18:20:02', NULL, NULL);
INSERT INTO `sys_dict_item` VALUES ('3fbc03d6c994ae06d083751248037c0e', '78bda155fe380b1b3f175f1e88c284c6', '已完成', '3', '已完成', 3, 1, 'admin', '2019-05-09 16:33:25', NULL, NULL);
INSERT INTO `sys_dict_item` VALUES ('41d7aaa40c9b61756ffb1f28da5ead8e', '0b5d19e1fce4b2e6647e6b4a17760c14', '通知公告', '1', NULL, 1, 1, 'admin', '2019-04-22 18:01:57', NULL, NULL);
INSERT INTO `sys_dict_item` VALUES ('41fa1e9571505d643aea87aeb83d4d76', '4e4602b3e3686f0911384e188dc7efb4', '等于', '=', '等于', 4, 1, 'admin', '2019-04-01 16:45:24', 'admin', '2019-04-01 17:49:00');
INSERT INTO `sys_dict_item` VALUES ('43d2295b8610adce9510ff196a49c6e9', '845da5006c97754728bf48b6a10f79cc', '正常', '1', NULL, NULL, 1, 'admin', '2019-03-18 21:45:51', NULL, NULL);
INSERT INTO `sys_dict_item` VALUES ('4f05fb5376f4c61502c5105f52e4dd2b', '83bfb33147013cc81640d5fd9eda030c', '操作日志', '2', NULL, NULL, 1, 'admin', '2019-03-18 23:22:49', NULL, NULL);
INSERT INTO `sys_dict_item` VALUES ('50223341bfb5ba30bf6319789d8d17fe', 'd6e1152968b02d69ff358c75b48a6ee1', '业务办理', 'business', NULL, 3, 1, 'admin', '2023-04-22 19:28:05', 'admin', '2019-03-22 23:24:39');
INSERT INTO `sys_dict_item` VALUES ('51222413e5906cdaf160bb5c86fb827c', 'a7adbcd86c37f7dbc9b66945c82ef9e6', '是', '1', '', 1, 1, 'admin', '2019-05-22 19:29:45', NULL, NULL);
INSERT INTO `sys_dict_item` VALUES ('538fca35afe004972c5f3947c039e766', '2e02df51611a4b9632828ab7e5338f00', '显示', '1', '显示', 1, 1, 'admin', '2025-03-26 18:27:13', 'admin', '2019-04-26 18:39:07');
INSERT INTO `sys_dict_item` VALUES ('5584c21993bde231bbde2b966f2633ac', '4e4602b3e3686f0911384e188dc7efb4', '自定义SQL表达式', 'USE_SQL_RULES', '自定义SQL表达式', 9, 1, 'admin', '2019-04-01 10:45:24', 'admin', '2019-04-01 17:49:27');
INSERT INTO `sys_dict_item` VALUES ('58b73b344305c99b9d8db0fc056bbc0a', '72cce0989df68887546746d8f09811aa', '主表', '2', NULL, 2, 1, 'admin', '2019-03-27 10:13:36', NULL, NULL);
INSERT INTO `sys_dict_item` VALUES ('5b65a88f076b32e8e69d19bbaadb52d5', '2f0320997ade5dd147c90130f7218c3e', '全体用户', 'ALL', NULL, NULL, 1, 'admin', '2020-10-17 21:22:43', 'admin', '2019-03-28 22:17:09');
INSERT INTO `sys_dict_item` VALUES ('5d833f69296f691843ccdd0c91212b6b', '880a895c98afeca9d9ac39f29e67c13e', '修改', '3', '', 3, 1, 'admin', '2019-07-22 10:55:07', 'admin', '2019-07-22 10:55:41');
INSERT INTO `sys_dict_item` VALUES ('5d84a8634c8fdfe96275385075b105c9', '3d9a351be3436fbefb1307d4cfb49bf2', '女', '2', NULL, 2, 1, NULL, '2019-01-04 14:56:56', NULL, '2019-01-04 17:38:12');
INSERT INTO `sys_dict_item` VALUES ('66c952ae2c3701a993e7db58f3baf55e', '4e4602b3e3686f0911384e188dc7efb4', '大于', '>', '大于', 1, 1, 'admin', '2019-04-01 10:45:46', 'admin', '2019-04-01 17:48:29');
INSERT INTO `sys_dict_item` VALUES ('6937c5dde8f92e9a00d4e2ded9198694', 'ad7c65ba97c20a6805d5dcdf13cdaf36', 'easyui', '3', NULL, 1, 1, 'admin', '2019-03-22 16:32:15', NULL, NULL);
INSERT INTO `sys_dict_item` VALUES ('69cacf64e244100289ddd4aa9fa3b915', 'a9d9942bd0eccb6e89de92d130ec4c4a', '未发送', '0', NULL, 1, 1, 'admin', '2019-04-12 18:19:23', NULL, NULL);
INSERT INTO `sys_dict_item` VALUES ('6a7a9e1403a7943aba69e54ebeff9762', '4f69be5f507accea8d5df5f11346181a', '邮件', '2', '', 2, 1, 'admin', '2031-02-28 10:50:44', 'admin', '2019-04-28 10:59:03');
INSERT INTO `sys_dict_item` VALUES ('6c682d78ddf1715baf79a1d52d2aa8c2', '72cce0989df68887546746d8f09811aa', '单表', '1', NULL, 1, 1, 'admin', '2019-03-27 10:13:29', NULL, NULL);
INSERT INTO `sys_dict_item` VALUES ('6d404fd2d82311fbc87722cd302a28bc', '4e4602b3e3686f0911384e188dc7efb4', '模糊', 'LIKE', '模糊', 7, 1, 'admin', '2019-04-01 16:46:02', 'admin', '2019-04-01 17:49:20');
INSERT INTO `sys_dict_item` VALUES ('6d4e26e78e1a09699182e08516c49fc4', '4d7fec1a7799a436d26d02325eff295e', '高', 'H', '高', 1, 1, 'admin', '2019-04-16 17:04:24', NULL, NULL);
INSERT INTO `sys_dict_item` VALUES ('700e9f030654f3f90e9ba76ab0713551', '6b78e3f59faec1a4750acff08030a79b', '333', '333', NULL, NULL, 1, 'admin', '2019-02-21 19:59:47', NULL, NULL);
INSERT INTO `sys_dict_item` VALUES ('7050c1522702bac3be40e3b7d2e1dfd8', 'c5a14c75172783d72cbee6ee7f5df5d1', '柱状图', 'bar', NULL, 1, 1, 'admin', '2019-04-12 17:05:17', NULL, NULL);
INSERT INTO `sys_dict_item` VALUES ('71b924faa93805c5c1579f12e001c809', 'd6e1152968b02d69ff358c75b48a6ee1', 'OA办公', 'oa', NULL, 2, 1, 'admin', '2021-03-22 19:27:17', 'admin', '2019-03-22 23:24:36');
INSERT INTO `sys_dict_item` VALUES ('75b260d7db45a39fc7f21badeabdb0ed', 'c36169beb12de8a71c8683ee7c28a503', '不启用', '0', NULL, NULL, 1, 'admin', '2019-03-18 23:29:41', 'admin', '2019-03-18 23:29:54');
INSERT INTO `sys_dict_item` VALUES ('7688469db4a3eba61e6e35578dc7c2e5', 'c36169beb12de8a71c8683ee7c28a503', '启用', '1', NULL, NULL, 1, 'admin', '2019-03-18 23:29:28', NULL, NULL);
INSERT INTO `sys_dict_item` VALUES ('78ea6cadac457967a4b1c4eb7aaa418c', 'fc6cd58fde2e8481db10d3a1e68ce70c', '正常', '1', NULL, NULL, 1, 'admin', '2019-03-18 23:30:28', NULL, NULL);
INSERT INTO `sys_dict_item` VALUES ('7ccf7b80c70ee002eceb3116854b75cb', 'ac2f7c0c5c5775fcea7e2387bcb22f01', '按钮权限', '2', NULL, NULL, 1, 'admin', '2019-03-18 23:25:40', NULL, NULL);
INSERT INTO `sys_dict_item` VALUES ('81fb2bb0e838dc68b43f96cc309f8257', 'fc6cd58fde2e8481db10d3a1e68ce70c', '冻结', '2', NULL, NULL, 1, 'admin', '2019-03-18 23:30:37', NULL, NULL);
INSERT INTO `sys_dict_item` VALUES ('83250269359855501ec4e9c0b7e21596', '4274efc2292239b6f000b153f50823ff', '可见/可访问(授权后可见/可访问)', '1', '', 1, 1, 'admin', '2019-05-10 17:54:51', NULL, NULL);
INSERT INTO `sys_dict_item` VALUES ('84778d7e928bc843ad4756db1322301f', '4e4602b3e3686f0911384e188dc7efb4', '大于等于', '>=', '大于等于', 5, 1, 'admin', '2019-04-01 10:46:02', 'admin', '2019-04-01 17:49:05');
INSERT INTO `sys_dict_item` VALUES ('848d4da35ebd93782029c57b103e5b36', 'c5a14c75172783d72cbee6ee7f5df5d1', '饼图', 'pie', NULL, 3, 1, 'admin', '2019-04-12 17:05:49', NULL, NULL);
INSERT INTO `sys_dict_item` VALUES ('84dfc178dd61b95a72900fcdd624c471', '78bda155fe380b1b3f175f1e88c284c6', '处理中', '2', '处理中', 2, 1, 'admin', '2019-05-09 16:33:01', NULL, NULL);
INSERT INTO `sys_dict_item` VALUES ('86f19c7e0a73a0bae451021ac05b99dd', 'ac2f7c0c5c5775fcea7e2387bcb22f01', '子菜单', '1', NULL, NULL, 1, 'admin', '2019-03-18 23:25:27', NULL, NULL);
INSERT INTO `sys_dict_item` VALUES ('8bccb963e1cd9e8d42482c54cc609ca2', '4f69be5f507accea8d5df5f11346181a', '微信', '3', NULL, 3, 1, 'admin', '2021-05-11 14:29:12', 'admin', '2019-04-11 14:29:31');
INSERT INTO `sys_dict_item` VALUES ('8c618902365ca681ebbbe1e28f11a548', '4c753b5293304e7a445fd2741b46529d', '启用', '1', '', 0, 1, 'admin', '2020-07-18 23:19:27', 'admin', '2019-05-17 14:51:18');
INSERT INTO `sys_dict_item` VALUES ('8cdf08045056671efd10677b8456c999', '4274efc2292239b6f000b153f50823ff', '可编辑(未授权时禁用)', '2', '', 2, 1, 'admin', '2019-05-10 17:55:38', NULL, NULL);
INSERT INTO `sys_dict_item` VALUES ('8ff48e657a7c5090d4f2a59b37d1b878', '4d7fec1a7799a436d26d02325eff295e', '中', 'M', '中', 2, 1, 'admin', '2019-04-16 17:04:40', NULL, NULL);
INSERT INTO `sys_dict_item` VALUES ('948923658baa330319e59b2213cda97c', '880a895c98afeca9d9ac39f29e67c13e', '添加', '2', '', 2, 1, 'admin', '2019-07-22 10:54:59', 'admin', '2019-07-22 10:55:36');
INSERT INTO `sys_dict_item` VALUES ('9a96c4a4e4c5c9b4e4d0cbf6eb3243cc', '4c753b5293304e7a445fd2741b46529d', '不启用', '0', NULL, 1, 1, 'admin', '2019-03-18 23:19:53', NULL, NULL);
INSERT INTO `sys_dict_item` VALUES ('a1e7d1ca507cff4a480c8caba7c1339e', '880a895c98afeca9d9ac39f29e67c13e', '导出', '6', '', 6, 1, 'admin', '2019-07-22 12:06:50', NULL, NULL);
INSERT INTO `sys_dict_item` VALUES ('a2be752dd4ec980afaec1efd1fb589af', '8dfe32e2d29ea9430a988b3b558bf233', '已撤销', '2', '已撤销', 3, 1, 'admin', '2019-04-16 17:41:39', NULL, NULL);
INSERT INTO `sys_dict_item` VALUES ('aa0d8a8042a18715a17f0a888d360aa4', 'ac2f7c0c5c5775fcea7e2387bcb22f01', '一级菜单', '0', NULL, NULL, 1, 'admin', '2019-03-18 23:24:52', NULL, NULL);
INSERT INTO `sys_dict_item` VALUES ('adcf2a1fe93bb99a84833043f475fe0b', '4e4602b3e3686f0911384e188dc7efb4', '包含', 'IN', '包含', 8, 1, 'admin', '2019-04-01 16:45:47', 'admin', '2019-04-01 17:49:24');
INSERT INTO `sys_dict_item` VALUES ('b029a41a851465332ee4ee69dcf0a4c2', '0b5d19e1fce4b2e6647e6b4a17760c14', '系统消息', '2', NULL, 1, 1, 'admin', '2019-02-22 18:02:08', 'admin', '2019-04-22 18:02:13');
INSERT INTO `sys_dict_item` VALUES ('b2a8b4bb2c8e66c2c4b1bb086337f393', '3486f32803bb953e7155dab3513dc68b', '正常', '0', NULL, NULL, 1, 'admin', '2022-10-18 21:46:48', 'admin', '2019-03-28 22:22:20');
INSERT INTO `sys_dict_item` VALUES ('b57f98b88363188daf38d42f25991956', '6b78e3f59faec1a4750acff08030a79b', '22', '222', NULL, NULL, 0, 'admin', '2019-02-21 19:59:43', 'admin', '2019-03-11 21:23:27');
INSERT INTO `sys_dict_item` VALUES ('b5f3bd5f66bb9a83fecd89228c0d93d1', '68168534ff5065a152bfab275c2136f8', '无效', '0', '无效', 1, 1, 'admin', '2019-04-26 19:21:49', NULL, NULL);
INSERT INTO `sys_dict_item` VALUES ('b9fbe2a3602d4a27b45c100ac5328484', '78bda155fe380b1b3f175f1e88c284c6', '待提交', '1', '待提交', 1, 1, 'admin', '2019-05-09 16:32:35', NULL, NULL);
INSERT INTO `sys_dict_item` VALUES ('ba27737829c6e0e582e334832703d75e', '236e8a4baff0db8c62c00dd95632834f', '同步', '1', '同步', 1, 1, 'admin', '2019-05-15 15:28:15', NULL, NULL);
INSERT INTO `sys_dict_item` VALUES ('bcec04526b04307e24a005d6dcd27fd6', '880a895c98afeca9d9ac39f29e67c13e', '导入', '5', '', 5, 1, 'admin', '2019-07-22 12:06:41', NULL, NULL);
INSERT INTO `sys_dict_item` VALUES ('c53da022b9912e0aed691bbec3c78473', '880a895c98afeca9d9ac39f29e67c13e', '查询', '1', '', 1, 1, 'admin', '2019-07-22 10:54:51', NULL, NULL);
INSERT INTO `sys_dict_item` VALUES ('c5700a71ad08994d18ad1dacc37a71a9', 'a7adbcd86c37f7dbc9b66945c82ef9e6', '否', '0', '', 1, 1, 'admin', '2019-05-22 19:29:55', NULL, NULL);
INSERT INTO `sys_dict_item` VALUES ('cbfcc5b88fc3a90975df23ffc8cbe29c', 'c5a14c75172783d72cbee6ee7f5df5d1', '曲线图', 'line', NULL, 2, 1, 'admin', '2019-05-12 17:05:30', 'admin', '2019-04-12 17:06:06');
INSERT INTO `sys_dict_item` VALUES ('d217592908ea3e00ff986ce97f24fb98', 'c5a14c75172783d72cbee6ee7f5df5d1', '数据列表', 'table', NULL, 4, 1, 'admin', '2019-04-12 17:05:56', NULL, NULL);
INSERT INTO `sys_dict_item` VALUES ('df168368dcef46cade2aadd80100d8aa', '3d9a351be3436fbefb1307d4cfb49bf2', '男', '1', NULL, 1, 1, NULL, '2027-08-04 14:56:49', 'admin', '2019-03-23 22:44:44');
INSERT INTO `sys_dict_item` VALUES ('e6329e3a66a003819e2eb830b0ca2ea0', '4e4602b3e3686f0911384e188dc7efb4', '小于', '<', '小于', 2, 1, 'admin', '2019-04-01 16:44:15', 'admin', '2019-04-01 17:48:34');
INSERT INTO `sys_dict_item` VALUES ('e94eb7af89f1dbfa0d823580a7a6e66a', '236e8a4baff0db8c62c00dd95632834f', '不同步', '0', '不同步', 2, 1, 'admin', '2019-05-15 15:28:28', NULL, NULL);
INSERT INTO `sys_dict_item` VALUES ('f0162f4cc572c9273f3e26b2b4d8c082', 'ad7c65ba97c20a6805d5dcdf13cdaf36', 'booostrap', '1', NULL, 1, 1, 'admin', '2021-08-22 16:32:04', 'admin', '2019-03-22 16:33:57');
INSERT INTO `sys_dict_item` VALUES ('f16c5706f3ae05c57a53850c64ce7c45', 'a9d9942bd0eccb6e89de92d130ec4c4a', '发送成功', '1', NULL, 2, 1, 'admin', '2019-04-12 18:19:43', NULL, NULL);
INSERT INTO `sys_dict_item` VALUES ('f2a7920421f3335afdf6ad2b342f6b5d', '845da5006c97754728bf48b6a10f79cc', '冻结', '2', NULL, NULL, 1, 'admin', '2019-03-18 21:46:02', NULL, NULL);
INSERT INTO `sys_dict_item` VALUES ('f37f90c496ec9841c4c326b065e00bb2', '83bfb33147013cc81640d5fd9eda030c', '登录日志', '1', NULL, NULL, 1, 'admin', '2019-03-18 23:22:37', NULL, NULL);
INSERT INTO `sys_dict_item` VALUES ('f753aff60ff3931c0ecb4812d8b5e643', '4c03fca6bf1f0299c381213961566349', '双排布局', 'double', NULL, 3, 1, 'admin', '2019-04-12 17:43:51', NULL, NULL);
INSERT INTO `sys_dict_item` VALUES ('f80a8f6838215753b05e1a5ba3346d22', '880a895c98afeca9d9ac39f29e67c13e', '删除', '4', '', 4, 1, 'admin', '2019-07-22 10:55:14', 'admin', '2019-07-22 10:55:30');
INSERT INTO `sys_dict_item` VALUES ('fcec03570f68a175e1964808dc3f1c91', '4c03fca6bf1f0299c381213961566349', 'Tab风格', 'tab', NULL, 1, 1, 'admin', '2019-04-12 17:43:31', NULL, NULL);
INSERT INTO `sys_dict_item` VALUES ('fe50b23ae5e68434def76f67cef35d2d', '78bda155fe380b1b3f175f1e88c284c6', '已作废', '4', '已作废', 4, 1, 'admin', '2021-09-09 16:33:43', 'admin', '2019-05-09 16:34:40');

-- ----------------------------
-- Table structure for sys_fill_rule
-- ----------------------------
DROP TABLE IF EXISTS `sys_fill_rule`;
CREATE TABLE `sys_fill_rule`  (
  `id` varchar(32) CHARACTER SET utf8 COLLATE utf8_general_ci NOT NULL COMMENT '主键ID',
  `rule_name` varchar(100) CHARACTER SET utf8mb4 COLLATE utf8mb4_general_ci NULL DEFAULT NULL COMMENT '规则名称',
  `rule_code` varchar(100) CHARACTER SET utf8mb4 COLLATE utf8mb4_general_ci NULL DEFAULT NULL COMMENT '规则Code',
  `rule_class` varchar(100) CHARACTER SET utf8mb4 COLLATE utf8mb4_general_ci NULL DEFAULT NULL COMMENT '规则实现类',
  `rule_params` varchar(200) CHARACTER SET utf8mb4 COLLATE utf8mb4_general_ci NULL DEFAULT NULL COMMENT '规则参数',
  `update_by` varchar(32) CHARACTER SET utf8 COLLATE utf8_general_ci NULL DEFAULT NULL COMMENT '修改人',
  `update_time` datetime(0) NULL DEFAULT NULL COMMENT '修改时间',
  `create_by` varchar(32) CHARACTER SET utf8 COLLATE utf8_general_ci NULL DEFAULT NULL COMMENT '创建人',
  `create_time` datetime(0) NULL DEFAULT NULL COMMENT '创建时间',
  PRIMARY KEY (`id`) USING BTREE,
  UNIQUE INDEX `uni_sys_fill_rule_code`(`rule_code`) USING BTREE
) ENGINE = InnoDB CHARACTER SET = utf8mb4 COLLATE = utf8mb4_general_ci ROW_FORMAT = Dynamic;

-- ----------------------------
-- Records of sys_fill_rule
-- ----------------------------
INSERT INTO `sys_fill_rule` VALUES ('1202551334738382850', '机构编码生成', 'org_num_role', 'org.jeecg.modules.system.rule.OrgCodeRule', '{\"parentId\":\"c6d7cb4deeac411cb3384b1b31278596\"}', 'admin', '2019-12-09 10:37:06', 'admin', '2019-12-05 19:32:35');
INSERT INTO `sys_fill_rule` VALUES ('1202787623203065858', '分类字典编码生成', 'category_code_rule', 'org.jeecg.modules.system.rule.CategoryCodeRule', '{\"pid\":\"\"}', 'admin', '2019-12-09 10:36:54', 'admin', '2019-12-06 11:11:31');

-- ----------------------------
-- Table structure for sys_generate
-- ----------------------------
DROP TABLE IF EXISTS `sys_generate`;
CREATE TABLE `sys_generate`  (
  `id` varchar(50) CHARACTER SET gbk COLLATE gbk_chinese_ci NOT NULL COMMENT '编号',
  `name` varchar(200) CHARACTER SET gbk COLLATE gbk_chinese_ci NULL DEFAULT NULL COMMENT '表名',
  `description` varchar(200) CHARACTER SET gbk COLLATE gbk_chinese_ci NULL DEFAULT NULL COMMENT '表描述',
  `is_sync` varchar(1) CHARACTER SET utf8 COLLATE utf8_general_ci NOT NULL DEFAULT 'N' COMMENT '同步数据库状态',
  `form_type` varchar(50) CHARACTER SET gbk COLLATE gbk_chinese_ci NULL DEFAULT NULL COMMENT '表单风格',
  `table_type` varchar(50) CHARACTER SET gbk COLLATE gbk_chinese_ci NOT NULL COMMENT '表类型:single单表、main主表、slave附表、catalog分类',
  `form_style` varchar(50) CHARACTER SET gbk COLLATE gbk_chinese_ci NULL DEFAULT NULL COMMENT '显示样式',
  `is_simple_query` varchar(1) CHARACTER SET gbk COLLATE gbk_chinese_ci NULL DEFAULT NULL COMMENT '是否简单查询',
  `is_page` varchar(5) CHARACTER SET utf8 COLLATE utf8_general_ci NOT NULL COMMENT '是否分页',
  `is_tree` varchar(5) CHARACTER SET utf8 COLLATE utf8_general_ci NOT NULL COMMENT '是否是树',
  `tree_pid` varchar(50) CHARACTER SET gbk COLLATE gbk_chinese_ci NULL DEFAULT NULL COMMENT '树PID',
  `tree_name_field` varchar(50) CHARACTER SET gbk COLLATE gbk_chinese_ci NULL DEFAULT NULL COMMENT '树名称字段',
  `id_sequence` varchar(200) CHARACTER SET utf8 COLLATE utf8_general_ci NULL DEFAULT NULL COMMENT '主键生成序列',
  `id_type` varchar(100) CHARACTER SET utf8 COLLATE utf8_general_ci NULL DEFAULT NULL COMMENT '主键类型 timestamp时间戳序列 uid UID input 手工输入',
  `relation_type` varchar(50) CHARACTER SET gbk COLLATE gbk_chinese_ci NULL DEFAULT NULL COMMENT '映射关系 oneToMany一对多  oneToOne一对一',
  `main_table` varchar(200) CHARACTER SET gbk COLLATE gbk_chinese_ci NULL DEFAULT NULL COMMENT '主表',
  `slave_table` varchar(200) CHARACTER SET gbk COLLATE gbk_chinese_ci NULL DEFAULT NULL COMMENT '从表',
  `sub_table_str` varchar(1000) CHARACTER SET utf8 COLLATE utf8_general_ci NULL DEFAULT NULL COMMENT '子表',
  `tab_order_num` int(11) NULL DEFAULT NULL COMMENT '附表排序序号',
  `content` text CHARACTER SET gbk COLLATE gbk_chinese_ci NULL COMMENT '内容',
  `create_by` varchar(20) CHARACTER SET gbk COLLATE gbk_chinese_ci NULL DEFAULT NULL COMMENT '创建人',
  `create_time` datetime(0) NULL DEFAULT NULL COMMENT '创建日期',
  `update_by` varchar(20) CHARACTER SET gbk COLLATE gbk_chinese_ci NULL DEFAULT NULL COMMENT '更新人',
  `update_time` datetime(0) NULL DEFAULT NULL COMMENT '更新日期',
  `sys_org_code` varchar(64) CHARACTER SET utf8 COLLATE utf8_general_ci NULL DEFAULT NULL COMMENT '所属部门',
  PRIMARY KEY (`id`) USING BTREE
) ENGINE = InnoDB CHARACTER SET = gbk COLLATE = gbk_chinese_ci COMMENT = '代码生成' ROW_FORMAT = Dynamic;

-- ----------------------------
-- Records of sys_generate
-- ----------------------------
INSERT INTO `sys_generate` VALUES ('5fa90ede6c43ef35461ff65b', 'demo_book', '图书', '1', '12', 'single', 'default', '1', '1', '0', 'pid', 'name', NULL, 'timestamp', 'oneToMany', '', '', NULL, 1, '{\"columnCheckList\":[{\"colLink\":\"\",\"dicCode\":\"\",\"dicTable\":\"\",\"dicText\":\"\",\"dynamicDic\":\"0\",\"id\":\"book_id\",\"mustInput\":\"0\",\"name\":\"图书编号\",\"rule\":\"\",\"sysDicCode\":\"\",\"sysDicName\":\"\"},{\"colLink\":\"\",\"dicCode\":\"\",\"dicTable\":\"\",\"dicText\":\"\",\"dynamicDic\":\"0\",\"id\":\"book_name\",\"mustInput\":\"1\",\"name\":\"图书名称\",\"rule\":\"\",\"sysDicCode\":\"\",\"sysDicName\":\"\"},{\"colLink\":\"\",\"dicCode\":\"\",\"dicTable\":\"\",\"dicText\":\"\",\"dynamicDic\":\"0\",\"id\":\"file_name\",\"mustInput\":\"0\",\"name\":\"文件名称\",\"rule\":\"\",\"sysDicCode\":\"\",\"sysDicName\":\"\"},{\"colLink\":\"\",\"dicCode\":\"\",\"dicTable\":\"\",\"dicText\":\"\",\"dynamicDic\":\"0\",\"id\":\"sort_id\",\"mustInput\":\"0\",\"name\":\"目录编号\",\"rule\":\"\",\"sysDicCode\":\"\",\"sysDicName\":\"\"},{\"colLink\":\"\",\"dicCode\":\"\",\"dicTable\":\"\",\"dicText\":\"\",\"dynamicDic\":\"0\",\"id\":\"order_no\",\"mustInput\":\"0\",\"name\":\"排序号\",\"rule\":\"\",\"sysDicCode\":\"\",\"sysDicName\":\"\"}],\"columnSchemaList\":[{\"columnSql\":\"book_id int(10) comment \'图书编号\', \",\"dataType\":\"int\",\"id\":\"book_id\",\"isPk\":\"1\",\"length\":10,\"name\":\"图书编号\",\"nullAble\":\"YES\",\"position\":1,\"scale\":0},{\"columnSql\":\"book_name varchar(200) comment \'图书名称\', \",\"dataType\":\"varchar\",\"id\":\"book_name\",\"isPk\":\"0\",\"length\":200,\"name\":\"图书名称\",\"nullAble\":\"YES\",\"position\":2,\"scale\":0},{\"columnSql\":\"file_name varchar(200) comment \'文件名称\', \",\"dataType\":\"varchar\",\"id\":\"file_name\",\"isPk\":\"0\",\"length\":200,\"name\":\"文件名称\",\"nullAble\":\"YES\",\"position\":3,\"scale\":0},{\"columnSql\":\"sort_id int(10) comment \'目录编号\', \",\"dataType\":\"int\",\"id\":\"sort_id\",\"isPk\":\"0\",\"length\":10,\"name\":\"目录编号\",\"nullAble\":\"YES\",\"position\":4,\"scale\":0},{\"columnSql\":\"order_no int(10) comment \'排序号\', \",\"dataType\":\"int\",\"id\":\"order_no\",\"isPk\":\"0\",\"length\":10,\"name\":\"排序号\",\"nullAble\":\"YES\",\"position\":5,\"scale\":0}],\"generateForm\":{\"className\":\"DemoBook\",\"id\":\"5fa90ede6c43ef35461ff65b\",\"jsPath\":\"demo/book\",\"moduleName\":\"图书\",\"packageName\":\"demo\"},\"pageColumnList\":[{\"cmpLength\":10,\"cmpType\":\"number\",\"disForm\":\"0\",\"disList\":\"0\",\"id\":\"book_id\",\"isQuery\":\"0\",\"isReadonly\":\"1\",\"isSimple\":\"0\",\"mainColumn\":\"\",\"mainTable\":\"\",\"name\":\"图书编号\",\"orderBy\":\"0\",\"queryDefault\":\"\",\"queryType\":\"0\"},{\"cmpLength\":200,\"cmpType\":\"text\",\"disForm\":\"1\",\"disList\":\"1\",\"id\":\"book_name\",\"isQuery\":\"0\",\"isReadonly\":\"0\",\"isSimple\":\"1\",\"mainColumn\":\"\",\"mainTable\":\"\",\"name\":\"图书名称\",\"orderBy\":\"0\",\"queryDefault\":\"\",\"queryType\":\"0\"},{\"cmpLength\":200,\"cmpType\":\"text\",\"disForm\":\"1\",\"disList\":\"1\",\"id\":\"file_name\",\"isQuery\":\"0\",\"isReadonly\":\"0\",\"isSimple\":\"1\",\"mainColumn\":\"\",\"mainTable\":\"\",\"name\":\"文件名称\",\"orderBy\":\"0\",\"queryDefault\":\"\",\"queryType\":\"0\"},{\"cmpLength\":10,\"cmpType\":\"number\",\"disForm\":\"1\",\"disList\":\"1\",\"id\":\"sort_id\",\"isQuery\":\"0\",\"isReadonly\":\"0\",\"isSimple\":\"1\",\"mainColumn\":\"\",\"mainTable\":\"\",\"name\":\"目录编号\",\"orderBy\":\"0\",\"queryDefault\":\"\",\"queryType\":\"0\"},{\"cmpLength\":10,\"cmpType\":\"number\",\"disForm\":\"1\",\"disList\":\"1\",\"id\":\"order_no\",\"isQuery\":\"0\",\"isReadonly\":\"0\",\"isSimple\":\"0\",\"mainColumn\":\"\",\"mainTable\":\"\",\"name\":\"排序号\",\"orderBy\":\"0\",\"queryDefault\":\"\",\"queryType\":\"0\"}],\"relateDataList\":[{\"id\":\"book_id\",\"mainColumn\":\"\",\"mainTable\":\"\",\"name\":\"图书编号\",\"slaveColumn\":\"\",\"slaveTable\":\"\"},{\"id\":\"book_name\",\"mainColumn\":\"\",\"mainTable\":\"\",\"name\":\"图书名称\",\"slaveColumn\":\"\",\"slaveTable\":\"\"},{\"id\":\"file_name\",\"mainColumn\":\"\",\"mainTable\":\"\",\"name\":\"文件名称\",\"slaveColumn\":\"\",\"slaveTable\":\"\"},{\"id\":\"sort_id\",\"mainColumn\":\"\",\"mainTable\":\"\",\"name\":\"目录编号\",\"slaveColumn\":\"\",\"slaveTable\":\"\"},{\"id\":\"order_no\",\"mainColumn\":\"\",\"mainTable\":\"\",\"name\":\"排序号\",\"slaveColumn\":\"\",\"slaveTable\":\"\"}]}', 'admin', '2020-11-09 17:41:51', 'admin', '2020-11-09 17:55:30', 'A01');
INSERT INTO `sys_generate` VALUES ('5fa90ee26c43ef35461ff65c', 'demo_plan', '审计计划', '1', '12', 'main', 'default', '1', '1', '0', 'pid', 'name', NULL, 'timestamp', 'oneToMany', '', '', NULL, 1, '{\"columnCheckList\":[{\"colLink\":\"\",\"dicCode\":\"\",\"dicTable\":\"\",\"dicText\":\"\",\"dynamicDic\":\"0\",\"id\":\"id\",\"mustInput\":\"0\",\"name\":\"计划编号\",\"rule\":\"\",\"sysDicCode\":\"\",\"sysDicName\":\"\"},{\"colLink\":\"\",\"dicCode\":\"\",\"dicTable\":\"\",\"dicText\":\"\",\"dynamicDic\":\"0\",\"id\":\"name\",\"mustInput\":\"0\",\"name\":\"计划名称\",\"rule\":\"\",\"sysDicCode\":\"\",\"sysDicName\":\"\"},{\"colLink\":\"\",\"dicCode\":\"\",\"dicTable\":\"\",\"dicText\":\"\",\"dynamicDic\":\"0\",\"id\":\"create_org\",\"mustInput\":\"0\",\"name\":\"创建机构\",\"rule\":\"\",\"sysDicCode\":\"\",\"sysDicName\":\"\"},{\"colLink\":\"\",\"dicCode\":\"\",\"dicTable\":\"\",\"dicText\":\"\",\"dynamicDic\":\"0\",\"id\":\"plan_year\",\"mustInput\":\"0\",\"name\":\"计划年度\",\"rule\":\"\",\"sysDicCode\":\"plan_year\",\"sysDicName\":\"计划年度\"},{\"colLink\":\"\",\"dicCode\":\"\",\"dicTable\":\"\",\"dicText\":\"\",\"dynamicDic\":\"0\",\"id\":\"plan_type\",\"mustInput\":\"0\",\"name\":\"计划类型\",\"rule\":\"\",\"sysDicCode\":\"plan_type\",\"sysDicName\":\"计划类型\"},{\"colLink\":\"\",\"dicCode\":\"\",\"dicTable\":\"\",\"dicText\":\"\",\"dynamicDic\":\"0\",\"id\":\"plans_tatus\",\"mustInput\":\"0\",\"name\":\"计划状态\",\"rule\":\"\",\"sysDicCode\":\"plan_status\",\"sysDicName\":\"计划状态\"},{\"colLink\":\"\",\"dicCode\":\"\",\"dicTable\":\"\",\"dicText\":\"\",\"dynamicDic\":\"0\",\"id\":\"create_time\",\"mustInput\":\"0\",\"name\":\"创建时间\",\"rule\":\"\",\"sysDicCode\":\"\",\"sysDicName\":\"\"},{\"colLink\":\"\",\"dicCode\":\"\",\"dicTable\":\"\",\"dicText\":\"\",\"dynamicDic\":\"0\",\"id\":\"update_time\",\"mustInput\":\"0\",\"name\":\"修改时间\",\"rule\":\"\",\"sysDicCode\":\"\",\"sysDicName\":\"\"},{\"colLink\":\"\",\"dicCode\":\"\",\"dicTable\":\"\",\"dicText\":\"\",\"dynamicDic\":\"0\",\"id\":\"create_by\",\"mustInput\":\"0\",\"name\":\"编制人\",\"rule\":\"\",\"sysDicCode\":\"\",\"sysDicName\":\"\"},{\"colLink\":\"\",\"dicCode\":\"\",\"dicTable\":\"\",\"dicText\":\"\",\"dynamicDic\":\"0\",\"id\":\"update_by\",\"mustInput\":\"0\",\"name\":\"修改人\",\"rule\":\"\",\"sysDicCode\":\"\",\"sysDicName\":\"\"}],\"columnSchemaList\":[{\"columnSql\":\"id varchar(50) comment \'计划编号\', \",\"dataType\":\"varchar\",\"id\":\"id\",\"isPk\":\"1\",\"length\":50,\"name\":\"计划编号\",\"nullAble\":\"YES\",\"position\":1,\"scale\":0},{\"columnSql\":\"name varchar(200) comment \'计划名称\', \",\"dataType\":\"varchar\",\"id\":\"name\",\"isPk\":\"0\",\"length\":200,\"name\":\"计划名称\",\"nullAble\":\"YES\",\"position\":2,\"scale\":0},{\"columnSql\":\"create_org varchar(50) comment \'创建机构\', \",\"dataType\":\"varchar\",\"id\":\"create_org\",\"isPk\":\"0\",\"length\":50,\"name\":\"创建机构\",\"nullAble\":\"YES\",\"position\":3,\"scale\":0},{\"columnSql\":\"plan_year varchar(50) comment \'计划年度\', \",\"dataType\":\"varchar\",\"id\":\"plan_year\",\"isPk\":\"0\",\"length\":50,\"name\":\"计划年度\",\"nullAble\":\"YES\",\"position\":4,\"scale\":0},{\"columnSql\":\"plan_type varchar(50) comment \'计划类型\', \",\"dataType\":\"varchar\",\"id\":\"plan_type\",\"isPk\":\"0\",\"length\":50,\"name\":\"计划类型\",\"nullAble\":\"YES\",\"position\":5,\"scale\":0},{\"columnSql\":\"plans_tatus varchar(50) comment \'计划状态\', \",\"dataType\":\"varchar\",\"id\":\"plans_tatus\",\"isPk\":\"0\",\"length\":50,\"name\":\"计划状态\",\"nullAble\":\"YES\",\"position\":6,\"scale\":0},{\"columnSql\":\"create_time datetime(0) comment \'创建时间\', \",\"dataType\":\"datetime\",\"id\":\"create_time\",\"isPk\":\"0\",\"length\":0,\"name\":\"创建时间\",\"nullAble\":\"YES\",\"position\":7,\"scale\":0},{\"columnSql\":\"update_time datetime(0) comment \'修改时间\', \",\"dataType\":\"datetime\",\"id\":\"update_time\",\"isPk\":\"0\",\"length\":0,\"name\":\"修改时间\",\"nullAble\":\"YES\",\"position\":8,\"scale\":0},{\"columnSql\":\"create_by varchar(50) comment \'编制人\', \",\"dataType\":\"varchar\",\"id\":\"create_by\",\"isPk\":\"0\",\"length\":50,\"name\":\"编制人\",\"nullAble\":\"YES\",\"position\":9,\"scale\":0},{\"columnSql\":\"update_by varchar(50) comment \'修改人\', \",\"dataType\":\"varchar\",\"id\":\"update_by\",\"isPk\":\"0\",\"length\":50,\"name\":\"修改人\",\"nullAble\":\"YES\",\"position\":10,\"scale\":0}],\"generateForm\":{\"className\":\"DemoPlan\",\"id\":\"5fa90ee26c43ef35461ff65c\",\"jsPath\":\"demo/plan\",\"moduleName\":\"审计计划\",\"packageName\":\"demo\"},\"pageColumnList\":[{\"cmpLength\":50,\"cmpType\":\"text\",\"disForm\":\"0\",\"disList\":\"0\",\"id\":\"id\",\"isQuery\":\"0\",\"isReadonly\":\"1\",\"isSimple\":\"0\",\"mainColumn\":\"\",\"mainTable\":\"\",\"name\":\"计划编号\",\"orderBy\":\"0\",\"queryDefault\":\"\",\"queryType\":\"0\"},{\"cmpLength\":200,\"cmpType\":\"text\",\"disForm\":\"1\",\"disList\":\"1\",\"id\":\"name\",\"isQuery\":\"0\",\"isReadonly\":\"0\",\"isSimple\":\"1\",\"mainColumn\":\"\",\"mainTable\":\"\",\"name\":\"计划名称\",\"orderBy\":\"0\",\"queryDefault\":\"\",\"queryType\":\"0\"},{\"cmpLength\":50,\"cmpType\":\"text\",\"disForm\":\"1\",\"disList\":\"1\",\"id\":\"create_org\",\"isQuery\":\"0\",\"isReadonly\":\"0\",\"isSimple\":\"0\",\"mainColumn\":\"\",\"mainTable\":\"\",\"name\":\"创建机构\",\"orderBy\":\"0\",\"queryDefault\":\"\",\"queryType\":\"0\"},{\"cmpLength\":50,\"cmpType\":\"select\",\"disForm\":\"1\",\"disList\":\"1\",\"id\":\"plan_year\",\"isQuery\":\"0\",\"isReadonly\":\"0\",\"isSimple\":\"0\",\"mainColumn\":\"\",\"mainTable\":\"\",\"name\":\"计划年度\",\"orderBy\":\"0\",\"queryDefault\":\"\",\"queryType\":\"0\"},{\"cmpLength\":50,\"cmpType\":\"select\",\"disForm\":\"1\",\"disList\":\"1\",\"id\":\"plan_type\",\"isQuery\":\"0\",\"isReadonly\":\"0\",\"isSimple\":\"0\",\"mainColumn\":\"\",\"mainTable\":\"\",\"name\":\"计划类型\",\"orderBy\":\"0\",\"queryDefault\":\"\",\"queryType\":\"0\"},{\"cmpLength\":50,\"cmpType\":\"select\",\"disForm\":\"1\",\"disList\":\"1\",\"id\":\"plans_tatus\",\"isQuery\":\"0\",\"isReadonly\":\"0\",\"isSimple\":\"0\",\"mainColumn\":\"\",\"mainTable\":\"\",\"name\":\"计划状态\",\"orderBy\":\"0\",\"queryDefault\":\"\",\"queryType\":\"0\"},{\"cmpLength\":255,\"cmpType\":\"datetime\",\"disForm\":\"0\",\"disList\":\"0\",\"id\":\"create_time\",\"isQuery\":\"0\",\"isReadonly\":\"1\",\"isSimple\":\"0\",\"mainColumn\":\"\",\"mainTable\":\"\",\"name\":\"创建时间\",\"orderBy\":\"0\",\"queryDefault\":\"\",\"queryType\":\"0\"},{\"cmpLength\":255,\"cmpType\":\"datetime\",\"disForm\":\"0\",\"disList\":\"0\",\"id\":\"update_time\",\"isQuery\":\"0\",\"isReadonly\":\"1\",\"isSimple\":\"0\",\"mainColumn\":\"\",\"mainTable\":\"\",\"name\":\"修改时间\",\"orderBy\":\"0\",\"queryDefault\":\"\",\"queryType\":\"0\"},{\"cmpLength\":50,\"cmpType\":\"text\",\"disForm\":\"0\",\"disList\":\"0\",\"id\":\"create_by\",\"isQuery\":\"0\",\"isReadonly\":\"1\",\"isSimple\":\"0\",\"mainColumn\":\"\",\"mainTable\":\"\",\"name\":\"编制人\",\"orderBy\":\"0\",\"queryDefault\":\"\",\"queryType\":\"0\"},{\"cmpLength\":50,\"cmpType\":\"text\",\"disForm\":\"0\",\"disList\":\"0\",\"id\":\"update_by\",\"isQuery\":\"0\",\"isReadonly\":\"1\",\"isSimple\":\"0\",\"mainColumn\":\"\",\"mainTable\":\"\",\"name\":\"修改人\",\"orderBy\":\"0\",\"queryDefault\":\"\",\"queryType\":\"0\"}],\"relateDataList\":[{\"id\":\"id\",\"mainColumn\":\"\",\"mainTable\":\"\",\"name\":\"计划编号\",\"slaveColumn\":\"plan_id\",\"slaveTable\":\"5fa90ee56c43ef35461ff65d\"},{\"id\":\"name\",\"mainColumn\":\"\",\"mainTable\":\"\",\"name\":\"计划名称\",\"slaveColumn\":\"\",\"slaveTable\":\"\"},{\"id\":\"create_org\",\"mainColumn\":\"\",\"mainTable\":\"\",\"name\":\"创建机构\",\"slaveColumn\":\"\",\"slaveTable\":\"\"},{\"id\":\"plan_year\",\"mainColumn\":\"\",\"mainTable\":\"\",\"name\":\"计划年度\",\"slaveColumn\":\"\",\"slaveTable\":\"\"},{\"id\":\"plan_type\",\"mainColumn\":\"\",\"mainTable\":\"\",\"name\":\"计划类型\",\"slaveColumn\":\"\",\"slaveTable\":\"\"},{\"id\":\"plans_tatus\",\"mainColumn\":\"\",\"mainTable\":\"\",\"name\":\"计划状态\",\"slaveColumn\":\"\",\"slaveTable\":\"\"},{\"id\":\"create_time\",\"mainColumn\":\"\",\"mainTable\":\"\",\"name\":\"创建时间\",\"slaveColumn\":\"\",\"slaveTable\":\"\"},{\"id\":\"update_time\",\"mainColumn\":\"\",\"mainTable\":\"\",\"name\":\"修改时间\",\"slaveColumn\":\"\",\"slaveTable\":\"\"},{\"id\":\"create_by\",\"mainColumn\":\"\",\"mainTable\":\"\",\"name\":\"编制人\",\"slaveColumn\":\"\",\"slaveTable\":\"\"},{\"id\":\"update_by\",\"mainColumn\":\"\",\"mainTable\":\"\",\"name\":\"修改人\",\"slaveColumn\":\"\",\"slaveTable\":\"\"}]}', 'admin', '2020-11-09 17:41:55', 'admin', '2020-11-09 17:44:42', 'A01');
INSERT INTO `sys_generate` VALUES ('5fa90ee56c43ef35461ff65d', 'demo_plan_detail', '计划明细', '1', '12', 'slave', 'default', '1', '1', '0', 'pid', 'name', NULL, 'timestamp', 'oneToMany', '', '', NULL, 1, '{\"columnCheckList\":[{\"colLink\":\"\",\"dicCode\":\"\",\"dicTable\":\"\",\"dicText\":\"\",\"dynamicDic\":\"0\",\"id\":\"id\",\"mustInput\":\"0\",\"name\":\"明细编号\",\"rule\":\"\",\"sysDicCode\":\"\",\"sysDicName\":\"\"},{\"colLink\":\"\",\"dicCode\":\"\",\"dicTable\":\"\",\"dicText\":\"\",\"dynamicDic\":\"0\",\"id\":\"name\",\"mustInput\":\"1\",\"name\":\"明细名称\",\"rule\":\"\",\"sysDicCode\":\"\",\"sysDicName\":\"\"},{\"colLink\":\"\",\"dicCode\":\"\",\"dicTable\":\"\",\"dicText\":\"\",\"dynamicDic\":\"0\",\"id\":\"remark\",\"mustInput\":\"0\",\"name\":\"备注\",\"rule\":\"\",\"sysDicCode\":\"\",\"sysDicName\":\"\"},{\"colLink\":\"\",\"dicCode\":\"\",\"dicTable\":\"\",\"dicText\":\"\",\"dynamicDic\":\"0\",\"id\":\"plan_id\",\"mustInput\":\"1\",\"name\":\"计划编号\",\"rule\":\"\",\"sysDicCode\":\"\",\"sysDicName\":\"\"},{\"colLink\":\"\",\"dicCode\":\"\",\"dicTable\":\"\",\"dicText\":\"\",\"dynamicDic\":\"0\",\"id\":\"detail_type\",\"mustInput\":\"1\",\"name\":\"明细类型\",\"rule\":\"\",\"sysDicCode\":\"detail_type\",\"sysDicName\":\"明细类型\"},{\"colLink\":\"\",\"dicCode\":\"\",\"dicTable\":\"\",\"dicText\":\"\",\"dynamicDic\":\"0\",\"id\":\"execute_month\",\"mustInput\":\"1\",\"name\":\"实施月份\",\"rule\":\"\",\"sysDicCode\":\"\",\"sysDicName\":\"\"},{\"colLink\":\"\",\"dicCode\":\"\",\"dicTable\":\"\",\"dicText\":\"\",\"dynamicDic\":\"0\",\"id\":\"execute_state\",\"mustInput\":\"1\",\"name\":\"执行状态\",\"rule\":\"\",\"sysDicCode\":\"\",\"sysDicName\":\"\"},{\"colLink\":\"\",\"dicCode\":\"\",\"dicTable\":\"\",\"dicText\":\"\",\"dynamicDic\":\"0\",\"id\":\"create_by\",\"mustInput\":\"0\",\"name\":\"创建人\",\"rule\":\"\",\"sysDicCode\":\"\",\"sysDicName\":\"\"},{\"colLink\":\"\",\"dicCode\":\"\",\"dicTable\":\"\",\"dicText\":\"\",\"dynamicDic\":\"0\",\"id\":\"create_time\",\"mustInput\":\"0\",\"name\":\"创建时间\",\"rule\":\"\",\"sysDicCode\":\"\",\"sysDicName\":\"\"},{\"colLink\":\"\",\"dicCode\":\"\",\"dicTable\":\"\",\"dicText\":\"\",\"dynamicDic\":\"0\",\"id\":\"update_time\",\"mustInput\":\"0\",\"name\":\"修改时间\",\"rule\":\"\",\"sysDicCode\":\"\",\"sysDicName\":\"\"},{\"colLink\":\"\",\"dicCode\":\"\",\"dicTable\":\"\",\"dicText\":\"\",\"dynamicDic\":\"0\",\"id\":\"update_by\",\"mustInput\":\"0\",\"name\":\"修改人\",\"rule\":\"\",\"sysDicCode\":\"\",\"sysDicName\":\"\"}],\"columnSchemaList\":[{\"columnSql\":\"id varchar(50) comment \'明细编号\', \",\"dataType\":\"varchar\",\"id\":\"id\",\"isPk\":\"1\",\"length\":50,\"name\":\"明细编号\",\"nullAble\":\"YES\",\"position\":1,\"scale\":0},{\"columnSql\":\"name varchar(200) comment \'明细名称\', \",\"dataType\":\"varchar\",\"id\":\"name\",\"isPk\":\"0\",\"length\":200,\"name\":\"明细名称\",\"nullAble\":\"YES\",\"position\":2,\"scale\":0},{\"columnSql\":\"remark varchar(200) comment \'备注\', \",\"dataType\":\"varchar\",\"id\":\"remark\",\"isPk\":\"0\",\"length\":200,\"name\":\"备注\",\"nullAble\":\"YES\",\"position\":3,\"scale\":0},{\"columnSql\":\"plan_id varchar(50) comment \'计划编号\', \",\"dataType\":\"varchar\",\"id\":\"plan_id\",\"isPk\":\"0\",\"length\":50,\"name\":\"计划编号\",\"nullAble\":\"YES\",\"position\":4,\"scale\":0},{\"columnSql\":\"detail_type varchar(50) comment \'明细类型\', \",\"dataType\":\"varchar\",\"id\":\"detail_type\",\"isPk\":\"0\",\"length\":50,\"name\":\"明细类型\",\"nullAble\":\"YES\",\"position\":5,\"scale\":0},{\"columnSql\":\"execute_month varchar(50) comment \'实施月份\', \",\"dataType\":\"varchar\",\"id\":\"execute_month\",\"isPk\":\"0\",\"length\":50,\"name\":\"实施月份\",\"nullAble\":\"YES\",\"position\":6,\"scale\":0},{\"columnSql\":\"execute_state varchar(50) comment \'执行状态\', \",\"dataType\":\"varchar\",\"id\":\"execute_state\",\"isPk\":\"0\",\"length\":50,\"name\":\"执行状态\",\"nullAble\":\"YES\",\"position\":7,\"scale\":0},{\"columnSql\":\"create_by varchar(50) comment \'创建人\', \",\"dataType\":\"varchar\",\"id\":\"create_by\",\"isPk\":\"0\",\"length\":50,\"name\":\"创建人\",\"nullAble\":\"YES\",\"position\":8,\"scale\":0},{\"columnSql\":\"create_time datetime(0) comment \'创建时间\', \",\"dataType\":\"datetime\",\"id\":\"create_time\",\"isPk\":\"0\",\"length\":0,\"name\":\"创建时间\",\"nullAble\":\"YES\",\"position\":9,\"scale\":0},{\"columnSql\":\"update_time datetime(0) comment \'修改时间\', \",\"dataType\":\"datetime\",\"id\":\"update_time\",\"isPk\":\"0\",\"length\":0,\"name\":\"修改时间\",\"nullAble\":\"YES\",\"position\":10,\"scale\":0},{\"columnSql\":\"update_by varchar(50) comment \'修改人\', \",\"dataType\":\"varchar\",\"id\":\"update_by\",\"isPk\":\"0\",\"length\":50,\"name\":\"修改人\",\"nullAble\":\"YES\",\"position\":11,\"scale\":0}],\"generateForm\":{\"className\":\"DemoPlanDetail\",\"id\":\"5fa90ee56c43ef35461ff65d\",\"jsPath\":\"demo/plan/detail\",\"moduleName\":\"计划明细\",\"packageName\":\"demo\"},\"pageColumnList\":[{\"cmpLength\":50,\"cmpType\":\"text\",\"disForm\":\"0\",\"disList\":\"0\",\"id\":\"id\",\"isQuery\":\"0\",\"isReadonly\":\"1\",\"isSimple\":\"0\",\"mainColumn\":\"\",\"mainTable\":\"\",\"name\":\"明细编号\",\"orderBy\":\"0\",\"queryDefault\":\"\",\"queryType\":\"0\"},{\"cmpLength\":200,\"cmpType\":\"text\",\"disForm\":\"1\",\"disList\":\"1\",\"id\":\"name\",\"isQuery\":\"0\",\"isReadonly\":\"0\",\"isSimple\":\"1\",\"mainColumn\":\"\",\"mainTable\":\"\",\"name\":\"明细名称\",\"orderBy\":\"0\",\"queryDefault\":\"\",\"queryType\":\"0\"},{\"cmpLength\":200,\"cmpType\":\"text\",\"disForm\":\"1\",\"disList\":\"1\",\"id\":\"remark\",\"isQuery\":\"0\",\"isReadonly\":\"0\",\"isSimple\":\"1\",\"mainColumn\":\"\",\"mainTable\":\"\",\"name\":\"备注\",\"orderBy\":\"0\",\"queryDefault\":\"\",\"queryType\":\"0\"},{\"cmpLength\":50,\"cmpType\":\"text\",\"disForm\":\"1\",\"disList\":\"1\",\"id\":\"plan_id\",\"isQuery\":\"0\",\"isReadonly\":\"0\",\"isSimple\":\"0\",\"mainColumn\":\"\",\"mainTable\":\"\",\"name\":\"计划编号\",\"orderBy\":\"0\",\"queryDefault\":\"\",\"queryType\":\"0\"},{\"cmpLength\":50,\"cmpType\":\"select\",\"disForm\":\"1\",\"disList\":\"1\",\"id\":\"detail_type\",\"isQuery\":\"0\",\"isReadonly\":\"0\",\"isSimple\":\"0\",\"mainColumn\":\"\",\"mainTable\":\"\",\"name\":\"明细类型\",\"orderBy\":\"0\",\"queryDefault\":\"\",\"queryType\":\"0\"},{\"cmpLength\":50,\"cmpType\":\"text\",\"disForm\":\"1\",\"disList\":\"1\",\"id\":\"execute_month\",\"isQuery\":\"0\",\"isReadonly\":\"0\",\"isSimple\":\"0\",\"mainColumn\":\"\",\"mainTable\":\"\",\"name\":\"实施月份\",\"orderBy\":\"0\",\"queryDefault\":\"\",\"queryType\":\"0\"},{\"cmpLength\":50,\"cmpType\":\"text\",\"disForm\":\"1\",\"disList\":\"1\",\"id\":\"execute_state\",\"isQuery\":\"0\",\"isReadonly\":\"0\",\"isSimple\":\"0\",\"mainColumn\":\"\",\"mainTable\":\"\",\"name\":\"执行状态\",\"orderBy\":\"0\",\"queryDefault\":\"\",\"queryType\":\"0\"},{\"cmpLength\":50,\"cmpType\":\"text\",\"disForm\":\"0\",\"disList\":\"0\",\"id\":\"create_by\",\"isQuery\":\"0\",\"isReadonly\":\"1\",\"isSimple\":\"0\",\"mainColumn\":\"\",\"mainTable\":\"\",\"name\":\"创建人\",\"orderBy\":\"0\",\"queryDefault\":\"\",\"queryType\":\"0\"},{\"cmpLength\":255,\"cmpType\":\"datetime\",\"disForm\":\"0\",\"disList\":\"0\",\"id\":\"create_time\",\"isQuery\":\"0\",\"isReadonly\":\"1\",\"isSimple\":\"0\",\"mainColumn\":\"\",\"mainTable\":\"\",\"name\":\"创建时间\",\"orderBy\":\"0\",\"queryDefault\":\"\",\"queryType\":\"0\"},{\"cmpLength\":255,\"cmpType\":\"datetime\",\"disForm\":\"0\",\"disList\":\"0\",\"id\":\"update_time\",\"isQuery\":\"0\",\"isReadonly\":\"1\",\"isSimple\":\"0\",\"mainColumn\":\"\",\"mainTable\":\"\",\"name\":\"修改时间\",\"orderBy\":\"0\",\"queryDefault\":\"\",\"queryType\":\"0\"},{\"cmpLength\":50,\"cmpType\":\"text\",\"disForm\":\"0\",\"disList\":\"0\",\"id\":\"update_by\",\"isQuery\":\"0\",\"isReadonly\":\"1\",\"isSimple\":\"0\",\"mainColumn\":\"\",\"mainTable\":\"\",\"name\":\"修改人\",\"orderBy\":\"0\",\"queryDefault\":\"\",\"queryType\":\"0\"}],\"relateDataList\":[{\"id\":\"id\",\"mainColumn\":\"\",\"mainTable\":\"\",\"name\":\"明细编号\",\"slaveColumn\":\"\",\"slaveTable\":\"\"},{\"id\":\"name\",\"mainColumn\":\"\",\"mainTable\":\"\",\"name\":\"明细名称\",\"slaveColumn\":\"\",\"slaveTable\":\"\"},{\"id\":\"remark\",\"mainColumn\":\"\",\"mainTable\":\"\",\"name\":\"备注\",\"slaveColumn\":\"\",\"slaveTable\":\"\"},{\"id\":\"plan_id\",\"mainColumn\":\"\",\"mainTable\":\"\",\"name\":\"计划编号\",\"slaveColumn\":\"\",\"slaveTable\":\"\"},{\"id\":\"detail_type\",\"mainColumn\":\"\",\"mainTable\":\"\",\"name\":\"明细类型\",\"slaveColumn\":\"\",\"slaveTable\":\"\"},{\"id\":\"execute_month\",\"mainColumn\":\"\",\"mainTable\":\"\",\"name\":\"实施月份\",\"slaveColumn\":\"\",\"slaveTable\":\"\"},{\"id\":\"execute_state\",\"mainColumn\":\"\",\"mainTable\":\"\",\"name\":\"执行状态\",\"slaveColumn\":\"\",\"slaveTable\":\"\"},{\"id\":\"create_by\",\"mainColumn\":\"\",\"mainTable\":\"\",\"name\":\"创建人\",\"slaveColumn\":\"\",\"slaveTable\":\"\"},{\"id\":\"create_time\",\"mainColumn\":\"\",\"mainTable\":\"\",\"name\":\"创建时间\",\"slaveColumn\":\"\",\"slaveTable\":\"\"},{\"id\":\"update_time\",\"mainColumn\":\"\",\"mainTable\":\"\",\"name\":\"修改时间\",\"slaveColumn\":\"\",\"slaveTable\":\"\"},{\"id\":\"update_by\",\"mainColumn\":\"\",\"mainTable\":\"\",\"name\":\"修改人\",\"slaveColumn\":\"\",\"slaveTable\":\"\"}]}', 'admin', '2020-11-09 17:41:57', 'admin', '2020-11-09 17:44:42', 'A01');
INSERT INTO `sys_generate` VALUES ('5fb76a48bb0b8218968aba19', 'baby_word', '字词', '1', '12', 'single', 'default', '1', '1', '0', 'pid', 'name', NULL, 'timestamp', 'oneToMany', '', '', NULL, 1, '{\"columnCheckList\":[{\"colLink\":\"\",\"dicCode\":\"\",\"dicTable\":\"\",\"dicText\":\"\",\"dynamicDic\":\"0\",\"id\":\"id\",\"mustInput\":\"0\",\"name\":\"编号\",\"rule\":\"\",\"sysDicCode\":\"\",\"sysDicName\":\"\"},{\"colLink\":\"\",\"dicCode\":\"\",\"dicTable\":\"\",\"dicText\":\"\",\"dynamicDic\":\"0\",\"id\":\"name\",\"mustInput\":\"1\",\"name\":\"名称\",\"rule\":\"\",\"sysDicCode\":\"\",\"sysDicName\":\"\"},{\"colLink\":\"\",\"dicCode\":\"\",\"dicTable\":\"\",\"dicText\":\"\",\"dynamicDic\":\"0\",\"id\":\"pinyin\",\"mustInput\":\"0\",\"name\":\"拼音\",\"rule\":\"\",\"sysDicCode\":\"\",\"sysDicName\":\"\"},{\"colLink\":\"\",\"dicCode\":\"\",\"dicTable\":\"\",\"dicText\":\"\",\"dynamicDic\":\"0\",\"id\":\"sort_order\",\"mustInput\":\"0\",\"name\":\"排序\",\"rule\":\"\",\"sysDicCode\":\"\",\"sysDicName\":\"\"},{\"colLink\":\"\",\"dicCode\":\"\",\"dicTable\":\"\",\"dicText\":\"\",\"dynamicDic\":\"0\",\"id\":\"create_by\",\"mustInput\":\"0\",\"name\":\"创建人\",\"rule\":\"\",\"sysDicCode\":\"\",\"sysDicName\":\"\"},{\"colLink\":\"\",\"dicCode\":\"\",\"dicTable\":\"\",\"dicText\":\"\",\"dynamicDic\":\"0\",\"id\":\"create_time\",\"mustInput\":\"0\",\"name\":\"创建日期\",\"rule\":\"\",\"sysDicCode\":\"\",\"sysDicName\":\"\"},{\"colLink\":\"\",\"dicCode\":\"\",\"dicTable\":\"\",\"dicText\":\"\",\"dynamicDic\":\"0\",\"id\":\"update_by\",\"mustInput\":\"0\",\"name\":\"修改人\",\"rule\":\"\",\"sysDicCode\":\"\",\"sysDicName\":\"\"},{\"colLink\":\"\",\"dicCode\":\"\",\"dicTable\":\"\",\"dicText\":\"\",\"dynamicDic\":\"0\",\"id\":\"update_time\",\"mustInput\":\"0\",\"name\":\"修改日期\",\"rule\":\"\",\"sysDicCode\":\"\",\"sysDicName\":\"\"},{\"colLink\":\"\",\"dicCode\":\"\",\"dicTable\":\"\",\"dicText\":\"\",\"dynamicDic\":\"0\",\"id\":\"sys_org_code\",\"mustInput\":\"0\",\"name\":\"所属部门\",\"rule\":\"\",\"sysDicCode\":\"\",\"sysDicName\":\"\"}],\"columnSchemaList\":[{\"columnSql\":\"id varchar(50) comment \'编号\', \",\"dataType\":\"varchar\",\"id\":\"id\",\"isPk\":\"1\",\"length\":50,\"name\":\"编号\",\"nullAble\":\"YES\",\"position\":1,\"scale\":0},{\"columnSql\":\"name varchar(255) comment \'名称\', \",\"dataType\":\"varchar\",\"id\":\"name\",\"isPk\":\"0\",\"length\":255,\"name\":\"名称\",\"nullAble\":\"YES\",\"position\":2,\"scale\":0},{\"columnSql\":\"pinyin varchar(255) comment \'拼音\', \",\"dataType\":\"varchar\",\"id\":\"pinyin\",\"isPk\":\"0\",\"length\":255,\"name\":\"拼音\",\"nullAble\":\"YES\",\"position\":3,\"scale\":0},{\"columnSql\":\"sort_order int(10) comment \'排序\', \",\"dataType\":\"int\",\"id\":\"sort_order\",\"isPk\":\"0\",\"length\":10,\"name\":\"排序\",\"nullAble\":\"YES\",\"position\":4,\"scale\":0},{\"columnSql\":\"create_by bigint(19) comment \'创建人\', \",\"dataType\":\"bigint\",\"id\":\"create_by\",\"isPk\":\"0\",\"length\":19,\"name\":\"创建人\",\"nullAble\":\"YES\",\"position\":5,\"scale\":0},{\"columnSql\":\"create_time datetime(0) comment \'创建日期\', \",\"dataType\":\"datetime\",\"id\":\"create_time\",\"isPk\":\"0\",\"length\":0,\"name\":\"创建日期\",\"nullAble\":\"YES\",\"position\":6,\"scale\":0},{\"columnSql\":\"update_by bigint(19) comment \'修改人\', \",\"dataType\":\"bigint\",\"id\":\"update_by\",\"isPk\":\"0\",\"length\":19,\"name\":\"修改人\",\"nullAble\":\"YES\",\"position\":7,\"scale\":0},{\"columnSql\":\"update_time datetime(0) comment \'修改日期\', \",\"dataType\":\"datetime\",\"id\":\"update_time\",\"isPk\":\"0\",\"length\":0,\"name\":\"修改日期\",\"nullAble\":\"YES\",\"position\":8,\"scale\":0},{\"columnSql\":\"sys_org_code varchar(64) comment \'所属部门\', \",\"dataType\":\"varchar\",\"id\":\"sys_org_code\",\"isPk\":\"0\",\"length\":64,\"name\":\"所属部门\",\"nullAble\":\"YES\",\"position\":9,\"scale\":0}],\"generateForm\":{\"className\":\"BabyWord\",\"id\":\"5fb76a48bb0b8218968aba19\",\"jsPath\":\"baby/word\",\"moduleName\":\"字词管理\",\"packageName\":\"baby\"},\"pageColumnList\":[{\"cmpLength\":50,\"cmpType\":\"text\",\"disForm\":\"0\",\"disList\":\"0\",\"id\":\"id\",\"isQuery\":\"0\",\"isReadonly\":\"1\",\"isSimple\":\"0\",\"mainColumn\":\"\",\"mainTable\":\"\",\"name\":\"编号\",\"orderBy\":\"0\",\"queryDefault\":\"\",\"queryType\":\"0\"},{\"cmpLength\":255,\"cmpType\":\"text\",\"disForm\":\"1\",\"disList\":\"1\",\"id\":\"name\",\"isQuery\":\"0\",\"isReadonly\":\"0\",\"isSimple\":\"1\",\"mainColumn\":\"\",\"mainTable\":\"\",\"name\":\"名称\",\"orderBy\":\"0\",\"queryDefault\":\"\",\"queryType\":\"0\"},{\"cmpLength\":255,\"cmpType\":\"text\",\"disForm\":\"1\",\"disList\":\"1\",\"id\":\"pinyin\",\"isQuery\":\"0\",\"isReadonly\":\"0\",\"isSimple\":\"1\",\"mainColumn\":\"\",\"mainTable\":\"\",\"name\":\"拼音\",\"orderBy\":\"0\",\"queryDefault\":\"\",\"queryType\":\"0\"},{\"cmpLength\":10,\"cmpType\":\"number\",\"disForm\":\"1\",\"disList\":\"1\",\"id\":\"sort_order\",\"isQuery\":\"0\",\"isReadonly\":\"0\",\"isSimple\":\"0\",\"mainColumn\":\"\",\"mainTable\":\"\",\"name\":\"排序\",\"orderBy\":\"0\",\"queryDefault\":\"\",\"queryType\":\"0\"},{\"cmpLength\":19,\"cmpType\":\"text\",\"disForm\":\"0\",\"disList\":\"0\",\"id\":\"create_by\",\"isQuery\":\"0\",\"isReadonly\":\"1\",\"isSimple\":\"0\",\"mainColumn\":\"\",\"mainTable\":\"\",\"name\":\"创建人\",\"orderBy\":\"0\",\"queryDefault\":\"\",\"queryType\":\"0\"},{\"cmpLength\":255,\"cmpType\":\"datetime\",\"disForm\":\"0\",\"disList\":\"0\",\"id\":\"create_time\",\"isQuery\":\"0\",\"isReadonly\":\"1\",\"isSimple\":\"0\",\"mainColumn\":\"\",\"mainTable\":\"\",\"name\":\"创建日期\",\"orderBy\":\"0\",\"queryDefault\":\"\",\"queryType\":\"0\"},{\"cmpLength\":19,\"cmpType\":\"text\",\"disForm\":\"0\",\"disList\":\"0\",\"id\":\"update_by\",\"isQuery\":\"0\",\"isReadonly\":\"1\",\"isSimple\":\"0\",\"mainColumn\":\"\",\"mainTable\":\"\",\"name\":\"修改人\",\"orderBy\":\"0\",\"queryDefault\":\"\",\"queryType\":\"0\"},{\"cmpLength\":255,\"cmpType\":\"datetime\",\"disForm\":\"0\",\"disList\":\"0\",\"id\":\"update_time\",\"isQuery\":\"0\",\"isReadonly\":\"1\",\"isSimple\":\"0\",\"mainColumn\":\"\",\"mainTable\":\"\",\"name\":\"修改日期\",\"orderBy\":\"0\",\"queryDefault\":\"\",\"queryType\":\"0\"},{\"cmpLength\":64,\"cmpType\":\"text\",\"disForm\":\"0\",\"disList\":\"0\",\"id\":\"sys_org_code\",\"isQuery\":\"0\",\"isReadonly\":\"1\",\"isSimple\":\"0\",\"mainColumn\":\"\",\"mainTable\":\"\",\"name\":\"所属部门\",\"orderBy\":\"0\",\"queryDefault\":\"\",\"queryType\":\"0\"}],\"relateDataList\":[{\"id\":\"id\",\"mainColumn\":\"\",\"mainTable\":\"\",\"name\":\"编号\",\"slaveColumn\":\"\",\"slaveTable\":\"\"},{\"id\":\"name\",\"mainColumn\":\"\",\"mainTable\":\"\",\"name\":\"名称\",\"slaveColumn\":\"\",\"slaveTable\":\"\"},{\"id\":\"pinyin\",\"mainColumn\":\"\",\"mainTable\":\"\",\"name\":\"拼音\",\"slaveColumn\":\"\",\"slaveTable\":\"\"},{\"id\":\"sort_order\",\"mainColumn\":\"\",\"mainTable\":\"\",\"name\":\"排序\",\"slaveColumn\":\"\",\"slaveTable\":\"\"},{\"id\":\"create_by\",\"mainColumn\":\"\",\"mainTable\":\"\",\"name\":\"创建人\",\"slaveColumn\":\"\",\"slaveTable\":\"\"},{\"id\":\"create_time\",\"mainColumn\":\"\",\"mainTable\":\"\",\"name\":\"创建日期\",\"slaveColumn\":\"\",\"slaveTable\":\"\"},{\"id\":\"update_by\",\"mainColumn\":\"\",\"mainTable\":\"\",\"name\":\"修改人\",\"slaveColumn\":\"\",\"slaveTable\":\"\"},{\"id\":\"update_time\",\"mainColumn\":\"\",\"mainTable\":\"\",\"name\":\"修改日期\",\"slaveColumn\":\"\",\"slaveTable\":\"\"},{\"id\":\"sys_org_code\",\"mainColumn\":\"\",\"mainTable\":\"\",\"name\":\"所属部门\",\"slaveColumn\":\"\",\"slaveTable\":\"\"}]}', 'admin', '2020-11-20 15:03:36', 'admin', '2020-11-20 15:04:25', 'A01');
INSERT INTO `sys_generate` VALUES ('5fb76a4bbb0b8218968aba1a', 'baby_study_log', '学习记录', '1', '12', 'single', 'default', '0', '1', '0', 'pid', 'name', NULL, 'timestamp', 'oneToMany', '', '', NULL, 1, '{\"generateForm\":{\"className\":\"BabyStudyLog\",\"id\":\"5fb76a4bbb0b8218968aba1a\",\"jsPath\":\"baby/study/log\",\"moduleName\":\"学习记录\",\"packageName\":\"baby\"},\"columnSchemaList\":[{\"columnSql\":\"id varchar(50) comment \'编号\', \",\"dataType\":\"varchar\",\"id\":\"id\",\"isPk\":\"1\",\"length\":50,\"name\":\"编号\",\"nullAble\":\"YES\",\"position\":1,\"scale\":0},{\"columnSql\":\"word_id varchar(50) comment \'字词编号\', \",\"dataType\":\"varchar\",\"id\":\"word_id\",\"isPk\":\"0\",\"length\":50,\"name\":\"字词编号\",\"nullAble\":\"YES\",\"position\":2,\"scale\":0},{\"columnSql\":\"is_know varchar(1) comment \'认识\', \",\"dataType\":\"varchar\",\"id\":\"is_know\",\"isPk\":\"0\",\"length\":1,\"name\":\"认识\",\"nullAble\":\"YES\",\"position\":3,\"scale\":0},{\"columnSql\":\"create_by bigint(19) comment \'创建人\', \",\"dataType\":\"bigint\",\"id\":\"create_by\",\"isPk\":\"0\",\"length\":19,\"name\":\"创建人\",\"nullAble\":\"YES\",\"position\":4,\"scale\":0},{\"columnSql\":\"create_time datetime(0) comment \'创建日期\', \",\"dataType\":\"datetime\",\"id\":\"create_time\",\"isPk\":\"0\",\"length\":0,\"name\":\"创建日期\",\"nullAble\":\"YES\",\"position\":5,\"scale\":0},{\"columnSql\":\"update_by bigint(19) comment \'修改人\', \",\"dataType\":\"bigint\",\"id\":\"update_by\",\"isPk\":\"0\",\"length\":19,\"name\":\"修改人\",\"nullAble\":\"YES\",\"position\":6,\"scale\":0},{\"columnSql\":\"update_time datetime(0) comment \'修改日期\', \",\"dataType\":\"datetime\",\"id\":\"update_time\",\"isPk\":\"0\",\"length\":0,\"name\":\"修改日期\",\"nullAble\":\"YES\",\"position\":7,\"scale\":0},{\"columnSql\":\"sys_org_code varchar(64) comment \'所属部门\', \",\"dataType\":\"varchar\",\"id\":\"sys_org_code\",\"isPk\":\"0\",\"length\":64,\"name\":\"所属部门\",\"nullAble\":\"YES\",\"position\":8,\"scale\":0}],\"pageColumnList\":[{\"cmpLength\":50,\"cmpType\":\"text\",\"disForm\":\"0\",\"disList\":\"0\",\"id\":\"id\",\"isQuery\":\"0\",\"isReadonly\":\"1\",\"isSimple\":\"0\",\"mainColumn\":\"\",\"mainTable\":\"\",\"name\":\"编号\",\"orderBy\":\"0\",\"queryDefault\":\"\",\"queryType\":\"0\"},{\"cmpLength\":50,\"cmpType\":\"text\",\"disForm\":\"1\",\"disList\":\"1\",\"id\":\"word_id\",\"isQuery\":\"1\",\"isReadonly\":\"0\",\"isSimple\":\"0\",\"mainColumn\":\"\",\"mainTable\":\"\",\"name\":\"字词编号\",\"orderBy\":\"0\",\"queryDefault\":\"\",\"queryType\":\"0\"},{\"cmpLength\":1,\"cmpType\":\"select\",\"disForm\":\"1\",\"disList\":\"1\",\"id\":\"is_know\",\"isQuery\":\"1\",\"isReadonly\":\"0\",\"isSimple\":\"0\",\"mainColumn\":\"\",\"mainTable\":\"\",\"name\":\"认识\",\"orderBy\":\"0\",\"queryDefault\":\"\",\"queryType\":\"0\"},{\"cmpLength\":19,\"cmpType\":\"text\",\"disForm\":\"0\",\"disList\":\"0\",\"id\":\"create_by\",\"isQuery\":\"0\",\"isReadonly\":\"1\",\"isSimple\":\"0\",\"mainColumn\":\"\",\"mainTable\":\"\",\"name\":\"创建人\",\"orderBy\":\"0\",\"queryDefault\":\"\",\"queryType\":\"0\"},{\"cmpLength\":255,\"cmpType\":\"datetime\",\"disForm\":\"0\",\"disList\":\"0\",\"id\":\"create_time\",\"isQuery\":\"0\",\"isReadonly\":\"1\",\"isSimple\":\"0\",\"mainColumn\":\"\",\"mainTable\":\"\",\"name\":\"创建日期\",\"orderBy\":\"0\",\"queryDefault\":\"\",\"queryType\":\"0\"},{\"cmpLength\":19,\"cmpType\":\"text\",\"disForm\":\"0\",\"disList\":\"0\",\"id\":\"update_by\",\"isQuery\":\"0\",\"isReadonly\":\"1\",\"isSimple\":\"0\",\"mainColumn\":\"\",\"mainTable\":\"\",\"name\":\"修改人\",\"orderBy\":\"0\",\"queryDefault\":\"\",\"queryType\":\"0\"},{\"cmpLength\":255,\"cmpType\":\"datetime\",\"disForm\":\"0\",\"disList\":\"0\",\"id\":\"update_time\",\"isQuery\":\"0\",\"isReadonly\":\"1\",\"isSimple\":\"0\",\"mainColumn\":\"\",\"mainTable\":\"\",\"name\":\"修改日期\",\"orderBy\":\"0\",\"queryDefault\":\"\",\"queryType\":\"0\"},{\"cmpLength\":64,\"cmpType\":\"text\",\"disForm\":\"0\",\"disList\":\"0\",\"id\":\"sys_org_code\",\"isQuery\":\"0\",\"isReadonly\":\"1\",\"isSimple\":\"0\",\"mainColumn\":\"\",\"mainTable\":\"\",\"name\":\"所属部门\",\"orderBy\":\"0\",\"queryDefault\":\"\",\"queryType\":\"0\"}],\"columnCheckList\":[{\"colLink\":\"\",\"dicCode\":\"\",\"dicTable\":\"\",\"dicText\":\"\",\"dynamicDic\":\"0\",\"id\":\"id\",\"mustInput\":\"0\",\"name\":\"编号\",\"rule\":\"\",\"sysDicCode\":\"\",\"sysDicName\":\"\"},{\"colLink\":\"\",\"dicCode\":\"id\",\"dicTable\":\"baby_word\",\"dicText\":\"name\",\"dynamicDic\":\"1\",\"id\":\"word_id\",\"mustInput\":\"0\",\"name\":\"字词编号\",\"rule\":\"\",\"sysDicCode\":\"\",\"sysDicName\":\"\"},{\"colLink\":\"\",\"dicCode\":\"\",\"dicTable\":\"\",\"dicText\":\"\",\"dynamicDic\":\"0\",\"id\":\"is_know\",\"mustInput\":\"0\",\"name\":\"认识\",\"rule\":\"\",\"sysDicCode\":\"yn\",\"sysDicName\":\"1是0否\"},{\"colLink\":\"\",\"dicCode\":\"\",\"dicTable\":\"\",\"dicText\":\"\",\"dynamicDic\":\"0\",\"id\":\"create_by\",\"mustInput\":\"0\",\"name\":\"创建人\",\"rule\":\"\",\"sysDicCode\":\"\",\"sysDicName\":\"\"},{\"colLink\":\"\",\"dicCode\":\"\",\"dicTable\":\"\",\"dicText\":\"\",\"dynamicDic\":\"0\",\"id\":\"create_time\",\"mustInput\":\"0\",\"name\":\"创建日期\",\"rule\":\"\",\"sysDicCode\":\"\",\"sysDicName\":\"\"},{\"colLink\":\"\",\"dicCode\":\"\",\"dicTable\":\"\",\"dicText\":\"\",\"dynamicDic\":\"0\",\"id\":\"update_by\",\"mustInput\":\"0\",\"name\":\"修改人\",\"rule\":\"\",\"sysDicCode\":\"\",\"sysDicName\":\"\"},{\"colLink\":\"\",\"dicCode\":\"\",\"dicTable\":\"\",\"dicText\":\"\",\"dynamicDic\":\"0\",\"id\":\"update_time\",\"mustInput\":\"0\",\"name\":\"修改日期\",\"rule\":\"\",\"sysDicCode\":\"\",\"sysDicName\":\"\"},{\"colLink\":\"\",\"dicCode\":\"\",\"dicTable\":\"\",\"dicText\":\"\",\"dynamicDic\":\"0\",\"id\":\"sys_org_code\",\"mustInput\":\"0\",\"name\":\"所属部门\",\"rule\":\"\",\"sysDicCode\":\"\",\"sysDicName\":\"\"}],\"relateDataList\":[{\"id\":\"id\",\"mainColumn\":\"\",\"mainTable\":\"\",\"name\":\"编号\",\"slaveColumn\":\"\",\"slaveTable\":\"\"},{\"id\":\"word_id\",\"mainColumn\":\"\",\"mainTable\":\"\",\"name\":\"字词编号\",\"slaveColumn\":\"\",\"slaveTable\":\"\"},{\"id\":\"is_know\",\"mainColumn\":\"\",\"mainTable\":\"\",\"name\":\"认识\",\"slaveColumn\":\"\",\"slaveTable\":\"\"},{\"id\":\"create_by\",\"mainColumn\":\"\",\"mainTable\":\"\",\"name\":\"创建人\",\"slaveColumn\":\"\",\"slaveTable\":\"\"},{\"id\":\"create_time\",\"mainColumn\":\"\",\"mainTable\":\"\",\"name\":\"创建日期\",\"slaveColumn\":\"\",\"slaveTable\":\"\"},{\"id\":\"update_by\",\"mainColumn\":\"\",\"mainTable\":\"\",\"name\":\"修改人\",\"slaveColumn\":\"\",\"slaveTable\":\"\"},{\"id\":\"update_time\",\"mainColumn\":\"\",\"mainTable\":\"\",\"name\":\"修改日期\",\"slaveColumn\":\"\",\"slaveTable\":\"\"},{\"id\":\"sys_org_code\",\"mainColumn\":\"\",\"mainTable\":\"\",\"name\":\"所属部门\",\"slaveColumn\":\"\",\"slaveTable\":\"\"}]}', 'admin', '2020-11-20 15:03:39', 'admin', '2020-11-20 15:12:02', 'A01');
INSERT INTO `sys_generate` VALUES ('5fc1a1497bf545e73784e181', 'data_column', '元数据列', '1', '12', 'slave', 'default', '1', '1', '0', 'pid', 'name', NULL, 'input', 'oneToMany', '', '', NULL, 1, '{\"columnCheckList\":[{\"colLink\":\"\",\"dicCode\":\"\",\"dicTable\":\"\",\"dicText\":\"\",\"dynamicDic\":\"0\",\"id\":\"entity\",\"mustInput\":\"0\",\"name\":\"元数据编号\",\"rule\":\"\",\"sysDicCode\":\"\",\"sysDicName\":\"\"},{\"colLink\":\"\",\"dicCode\":\"\",\"dicTable\":\"\",\"dicText\":\"\",\"dynamicDic\":\"0\",\"id\":\"code\",\"mustInput\":\"0\",\"name\":\"字段名\",\"rule\":\"\",\"sysDicCode\":\"\",\"sysDicName\":\"\"},{\"colLink\":\"\",\"dicCode\":\"\",\"dicTable\":\"\",\"dicText\":\"\",\"dynamicDic\":\"0\",\"id\":\"name\",\"mustInput\":\"0\",\"name\":\"中文名\",\"rule\":\"\",\"sysDicCode\":\"\",\"sysDicName\":\"\"},{\"colLink\":\"\",\"dicCode\":\"\",\"dicTable\":\"\",\"dicText\":\"\",\"dynamicDic\":\"0\",\"id\":\"data_type\",\"mustInput\":\"0\",\"name\":\"数据类型\",\"rule\":\"\",\"sysDicCode\":\"data_type\",\"sysDicName\":\"数据类型\"},{\"colLink\":\"\",\"dicCode\":\"\",\"dicTable\":\"\",\"dicText\":\"\",\"dynamicDic\":\"0\",\"id\":\"length\",\"mustInput\":\"0\",\"name\":\"字段长度\",\"rule\":\"\",\"sysDicCode\":\"\",\"sysDicName\":\"\"},{\"colLink\":\"\",\"dicCode\":\"\",\"dicTable\":\"\",\"dicText\":\"\",\"dynamicDic\":\"0\",\"id\":\"scale\",\"mustInput\":\"0\",\"name\":\"字段精度\",\"rule\":\"\",\"sysDicCode\":\"\",\"sysDicName\":\"\"},{\"colLink\":\"\",\"dicCode\":\"\",\"dicTable\":\"\",\"dicText\":\"\",\"dynamicDic\":\"0\",\"id\":\"is_key\",\"mustInput\":\"0\",\"name\":\"是否主键\",\"rule\":\"\",\"sysDicCode\":\"yn\",\"sysDicName\":\"1是0否\"},{\"colLink\":\"\",\"dicCode\":\"\",\"dicTable\":\"\",\"dicText\":\"\",\"dynamicDic\":\"0\",\"id\":\"obj\",\"mustInput\":\"0\",\"name\":\"对象\",\"rule\":\"\",\"sysDicCode\":\"obj\",\"sysDicName\":\"对象\"},{\"colLink\":\"\",\"dicCode\":\"\",\"dicTable\":\"\",\"dicText\":\"\",\"dynamicDic\":\"0\",\"id\":\"obj_prop\",\"mustInput\":\"0\",\"name\":\"对象属性\",\"rule\":\"\",\"sysDicCode\":\"obj_prop\",\"sysDicName\":\"对象属性\"},{\"colLink\":\"\",\"dicCode\":\"\",\"dicTable\":\"\",\"dicText\":\"\",\"dynamicDic\":\"0\",\"id\":\"data_level\",\"mustInput\":\"0\",\"name\":\"数据粒度\",\"rule\":\"\",\"sysDicCode\":\"data_level\",\"sysDicName\":\"数据粒度\"},{\"colLink\":\"\",\"dicCode\":\"\",\"dicTable\":\"\",\"dicText\":\"\",\"dynamicDic\":\"0\",\"id\":\"is_sensitive\",\"mustInput\":\"0\",\"name\":\"是否是敏感字段\",\"rule\":\"\",\"sysDicCode\":\"yn\",\"sysDicName\":\"1是0否\"},{\"colLink\":\"\",\"dicCode\":\"\",\"dicTable\":\"\",\"dicText\":\"\",\"dynamicDic\":\"0\",\"id\":\"sort_order\",\"mustInput\":\"0\",\"name\":\"显示顺序\",\"rule\":\"\",\"sysDicCode\":\"\",\"sysDicName\":\"\"},{\"colLink\":\"\",\"dicCode\":\"\",\"dicTable\":\"\",\"dicText\":\"\",\"dynamicDic\":\"0\",\"id\":\"is_authority\",\"mustInput\":\"0\",\"name\":\"权限字段\",\"rule\":\"\",\"sysDicCode\":\"yn\",\"sysDicName\":\"1是0否\"},{\"colLink\":\"\",\"dicCode\":\"\",\"dicTable\":\"\",\"dicText\":\"\",\"dynamicDic\":\"0\",\"id\":\"is_valid\",\"mustInput\":\"0\",\"name\":\"是否有效\",\"rule\":\"\",\"sysDicCode\":\"yn\",\"sysDicName\":\"1是0否\"}],\"columnSchemaList\":[{\"columnSql\":\"entity varchar(100) comment \'元数据编号\', \",\"dataType\":\"varchar\",\"id\":\"entity\",\"isPk\":\"1\",\"length\":100,\"name\":\"元数据编号\",\"nullAble\":\"YES\",\"position\":1,\"scale\":0},{\"columnSql\":\"code varchar(50) comment \'字段名\', \",\"dataType\":\"varchar\",\"id\":\"code\",\"isPk\":\"1\",\"length\":50,\"name\":\"字段名\",\"nullAble\":\"YES\",\"position\":2,\"scale\":0},{\"columnSql\":\"name varchar(200) comment \'中文名\', \",\"dataType\":\"varchar\",\"id\":\"name\",\"isPk\":\"0\",\"length\":200,\"name\":\"中文名\",\"nullAble\":\"YES\",\"position\":3,\"scale\":0},{\"columnSql\":\"data_type varchar(50) comment \'数据类型\', \",\"dataType\":\"varchar\",\"id\":\"data_type\",\"isPk\":\"0\",\"length\":50,\"name\":\"数据类型\",\"nullAble\":\"YES\",\"position\":4,\"scale\":0},{\"columnSql\":\"length int(10) comment \'字段长度\', \",\"dataType\":\"int\",\"id\":\"length\",\"isPk\":\"0\",\"length\":10,\"name\":\"字段长度\",\"nullAble\":\"YES\",\"position\":5,\"scale\":0},{\"columnSql\":\"scale int(10) comment \'字段精度\', \",\"dataType\":\"int\",\"id\":\"scale\",\"isPk\":\"0\",\"length\":10,\"name\":\"字段精度\",\"nullAble\":\"YES\",\"position\":6,\"scale\":0},{\"columnSql\":\"is_key varchar(1) comment \'是否主键\', \",\"dataType\":\"varchar\",\"id\":\"is_key\",\"isPk\":\"0\",\"length\":1,\"name\":\"是否主键\",\"nullAble\":\"YES\",\"position\":7,\"scale\":0},{\"columnSql\":\"obj varchar(50) comment \'对象\', \",\"dataType\":\"varchar\",\"id\":\"obj\",\"isPk\":\"0\",\"length\":50,\"name\":\"对象\",\"nullAble\":\"YES\",\"position\":8,\"scale\":0},{\"columnSql\":\"obj_prop varchar(50) comment \'对象属性\', \",\"dataType\":\"varchar\",\"id\":\"obj_prop\",\"isPk\":\"0\",\"length\":50,\"name\":\"对象属性\",\"nullAble\":\"YES\",\"position\":9,\"scale\":0},{\"columnSql\":\"data_level varchar(50) comment \'数据粒度\', \",\"dataType\":\"varchar\",\"id\":\"data_level\",\"isPk\":\"0\",\"length\":50,\"name\":\"数据粒度\",\"nullAble\":\"YES\",\"position\":10,\"scale\":0},{\"columnSql\":\"is_sensitive varchar(50) comment \'是否是敏感字段\', \",\"dataType\":\"varchar\",\"id\":\"is_sensitive\",\"isPk\":\"0\",\"length\":50,\"name\":\"是否是敏感字段\",\"nullAble\":\"YES\",\"position\":11,\"scale\":0},{\"columnSql\":\"sort_order int(10) comment \'显示顺序\', \",\"dataType\":\"int\",\"id\":\"sort_order\",\"isPk\":\"0\",\"length\":10,\"name\":\"显示顺序\",\"nullAble\":\"YES\",\"position\":12,\"scale\":0},{\"columnSql\":\"is_authority varchar(1) comment \'权限字段\', \",\"dataType\":\"varchar\",\"id\":\"is_authority\",\"isPk\":\"0\",\"length\":1,\"name\":\"权限字段\",\"nullAble\":\"YES\",\"position\":13,\"scale\":0},{\"columnSql\":\"is_valid varchar(1) comment \'是否有效\', \",\"dataType\":\"varchar\",\"id\":\"is_valid\",\"isPk\":\"0\",\"length\":1,\"name\":\"是否有效\",\"nullAble\":\"YES\",\"position\":14,\"scale\":0}],\"generateForm\":{\"className\":\"DataColumn\",\"id\":\"5fc1a1497bf545e73784e181\",\"jsPath\":\"data/column\",\"moduleName\":\"元数据列\",\"packageName\":\"data\"},\"pageColumnList\":[{\"cmpLength\":100,\"cmpType\":\"text\",\"disForm\":\"0\",\"disList\":\"0\",\"id\":\"entity\",\"isQuery\":\"0\",\"isReadonly\":\"1\",\"isSimple\":\"0\",\"mainColumn\":\"\",\"mainTable\":\"\",\"name\":\"元数据编号\",\"orderBy\":\"0\",\"queryDefault\":\"\",\"queryType\":\"0\"},{\"cmpLength\":50,\"cmpType\":\"text\",\"disForm\":\"0\",\"disList\":\"0\",\"id\":\"code\",\"isQuery\":\"0\",\"isReadonly\":\"1\",\"isSimple\":\"1\",\"mainColumn\":\"\",\"mainTable\":\"\",\"name\":\"字段名\",\"orderBy\":\"0\",\"queryDefault\":\"\",\"queryType\":\"0\"},{\"cmpLength\":200,\"cmpType\":\"text\",\"disForm\":\"1\",\"disList\":\"1\",\"id\":\"name\",\"isQuery\":\"0\",\"isReadonly\":\"0\",\"isSimple\":\"1\",\"mainColumn\":\"\",\"mainTable\":\"\",\"name\":\"中文名\",\"orderBy\":\"0\",\"queryDefault\":\"\",\"queryType\":\"0\"},{\"cmpLength\":50,\"cmpType\":\"select\",\"disForm\":\"1\",\"disList\":\"1\",\"id\":\"data_type\",\"isQuery\":\"0\",\"isReadonly\":\"0\",\"isSimple\":\"0\",\"mainColumn\":\"\",\"mainTable\":\"\",\"name\":\"数据类型\",\"orderBy\":\"0\",\"queryDefault\":\"\",\"queryType\":\"0\"},{\"cmpLength\":10,\"cmpType\":\"number\",\"disForm\":\"1\",\"disList\":\"1\",\"id\":\"length\",\"isQuery\":\"0\",\"isReadonly\":\"0\",\"isSimple\":\"0\",\"mainColumn\":\"\",\"mainTable\":\"\",\"name\":\"字段长度\",\"orderBy\":\"0\",\"queryDefault\":\"\",\"queryType\":\"0\"},{\"cmpLength\":10,\"cmpType\":\"number\",\"disForm\":\"1\",\"disList\":\"1\",\"id\":\"scale\",\"isQuery\":\"0\",\"isReadonly\":\"0\",\"isSimple\":\"0\",\"mainColumn\":\"\",\"mainTable\":\"\",\"name\":\"字段精度\",\"orderBy\":\"0\",\"queryDefault\":\"\",\"queryType\":\"0\"},{\"cmpLength\":1,\"cmpType\":\"select\",\"disForm\":\"1\",\"disList\":\"1\",\"id\":\"is_key\",\"isQuery\":\"0\",\"isReadonly\":\"0\",\"isSimple\":\"0\",\"mainColumn\":\"\",\"mainTable\":\"\",\"name\":\"是否主键\",\"orderBy\":\"0\",\"queryDefault\":\"\",\"queryType\":\"0\"},{\"cmpLength\":50,\"cmpType\":\"select\",\"disForm\":\"1\",\"disList\":\"1\",\"id\":\"obj\",\"isQuery\":\"0\",\"isReadonly\":\"0\",\"isSimple\":\"0\",\"mainColumn\":\"\",\"mainTable\":\"\",\"name\":\"对象\",\"orderBy\":\"0\",\"queryDefault\":\"\",\"queryType\":\"0\"},{\"cmpLength\":50,\"cmpType\":\"select\",\"disForm\":\"1\",\"disList\":\"1\",\"id\":\"obj_prop\",\"isQuery\":\"0\",\"isReadonly\":\"0\",\"isSimple\":\"0\",\"mainColumn\":\"\",\"mainTable\":\"\",\"name\":\"对象属性\",\"orderBy\":\"0\",\"queryDefault\":\"\",\"queryType\":\"0\"},{\"cmpLength\":50,\"cmpType\":\"select\",\"disForm\":\"1\",\"disList\":\"1\",\"id\":\"data_level\",\"isQuery\":\"0\",\"isReadonly\":\"0\",\"isSimple\":\"0\",\"mainColumn\":\"\",\"mainTable\":\"\",\"name\":\"数据粒度\",\"orderBy\":\"0\",\"queryDefault\":\"\",\"queryType\":\"0\"},{\"cmpLength\":50,\"cmpType\":\"select\",\"disForm\":\"1\",\"disList\":\"1\",\"id\":\"is_sensitive\",\"isQuery\":\"0\",\"isReadonly\":\"0\",\"isSimple\":\"0\",\"mainColumn\":\"\",\"mainTable\":\"\",\"name\":\"是否是敏感字段\",\"orderBy\":\"0\",\"queryDefault\":\"\",\"queryType\":\"0\"},{\"cmpLength\":10,\"cmpType\":\"number\",\"disForm\":\"1\",\"disList\":\"1\",\"id\":\"sort_order\",\"isQuery\":\"0\",\"isReadonly\":\"0\",\"isSimple\":\"0\",\"mainColumn\":\"\",\"mainTable\":\"\",\"name\":\"显示顺序\",\"orderBy\":\"0\",\"queryDefault\":\"\",\"queryType\":\"0\"},{\"cmpLength\":1,\"cmpType\":\"select\",\"disForm\":\"1\",\"disList\":\"1\",\"id\":\"is_authority\",\"isQuery\":\"0\",\"isReadonly\":\"0\",\"isSimple\":\"0\",\"mainColumn\":\"\",\"mainTable\":\"\",\"name\":\"权限字段\",\"orderBy\":\"0\",\"queryDefault\":\"\",\"queryType\":\"0\"},{\"cmpLength\":1,\"cmpType\":\"select\",\"disForm\":\"1\",\"disList\":\"1\",\"id\":\"is_valid\",\"isQuery\":\"0\",\"isReadonly\":\"0\",\"isSimple\":\"0\",\"mainColumn\":\"\",\"mainTable\":\"\",\"name\":\"是否有效\",\"orderBy\":\"0\",\"queryDefault\":\"\",\"queryType\":\"0\"}],\"relateDataList\":[{\"id\":\"entity\",\"mainColumn\":\"\",\"mainTable\":\"\",\"name\":\"元数据编号\",\"slaveColumn\":\"\",\"slaveTable\":\"\"},{\"id\":\"code\",\"mainColumn\":\"\",\"mainTable\":\"\",\"name\":\"字段名\",\"slaveColumn\":\"\",\"slaveTable\":\"\"},{\"id\":\"name\",\"mainColumn\":\"\",\"mainTable\":\"\",\"name\":\"中文名\",\"slaveColumn\":\"\",\"slaveTable\":\"\"},{\"id\":\"data_type\",\"mainColumn\":\"\",\"mainTable\":\"\",\"name\":\"数据类型\",\"slaveColumn\":\"\",\"slaveTable\":\"\"},{\"id\":\"length\",\"mainColumn\":\"\",\"mainTable\":\"\",\"name\":\"字段长度\",\"slaveColumn\":\"\",\"slaveTable\":\"\"},{\"id\":\"scale\",\"mainColumn\":\"\",\"mainTable\":\"\",\"name\":\"字段精度\",\"slaveColumn\":\"\",\"slaveTable\":\"\"},{\"id\":\"is_key\",\"mainColumn\":\"\",\"mainTable\":\"\",\"name\":\"是否主键\",\"slaveColumn\":\"\",\"slaveTable\":\"\"},{\"id\":\"obj\",\"mainColumn\":\"\",\"mainTable\":\"\",\"name\":\"对象\",\"slaveColumn\":\"\",\"slaveTable\":\"\"},{\"id\":\"obj_prop\",\"mainColumn\":\"\",\"mainTable\":\"\",\"name\":\"对象属性\",\"slaveColumn\":\"\",\"slaveTable\":\"\"},{\"id\":\"data_level\",\"mainColumn\":\"\",\"mainTable\":\"\",\"name\":\"数据粒度\",\"slaveColumn\":\"\",\"slaveTable\":\"\"},{\"id\":\"is_sensitive\",\"mainColumn\":\"\",\"mainTable\":\"\",\"name\":\"是否是敏感字段\",\"slaveColumn\":\"\",\"slaveTable\":\"\"},{\"id\":\"sort_order\",\"mainColumn\":\"\",\"mainTable\":\"\",\"name\":\"显示顺序\",\"slaveColumn\":\"\",\"slaveTable\":\"\"},{\"id\":\"is_authority\",\"mainColumn\":\"\",\"mainTable\":\"\",\"name\":\"权限字段\",\"slaveColumn\":\"\",\"slaveTable\":\"\"},{\"id\":\"is_valid\",\"mainColumn\":\"\",\"mainTable\":\"\",\"name\":\"是否有效\",\"slaveColumn\":\"\",\"slaveTable\":\"\"}]}', 'admin', '2020-11-28 09:00:57', 'admin', '2020-11-28 09:10:17', 'A01');
INSERT INTO `sys_generate` VALUES ('5fc1a14b7bf545e73784e182', 'data_entity', '元数据实体', '1', '6', 'main', 'leftRight', '1', '1', '0', 'pid', 'name', NULL, 'input', 'oneToMany', '', '', NULL, 1, '{\"generateForm\":{\"className\":\"DataEntity\",\"id\":\"5fc1a14b7bf545e73784e182\",\"jsPath\":\"data/entity\",\"moduleName\":\"元数据实体\",\"packageName\":\"data\"},\"columnSchemaList\":[{\"columnSql\":\"id varchar(100) comment \'表名\', \",\"dataType\":\"varchar\",\"id\":\"id\",\"isPk\":\"1\",\"length\":100,\"name\":\"表名\",\"nullAble\":\"YES\",\"position\":1,\"scale\":0},{\"columnSql\":\"name varchar(100) comment \'中文名\', \",\"dataType\":\"varchar\",\"id\":\"name\",\"isPk\":\"0\",\"length\":100,\"name\":\"中文名\",\"nullAble\":\"YES\",\"position\":2,\"scale\":0},{\"columnSql\":\"open_field varchar(50) comment \'开窗字段\', \",\"dataType\":\"varchar\",\"id\":\"open_field\",\"isPk\":\"0\",\"length\":50,\"name\":\"开窗字段\",\"nullAble\":\"YES\",\"position\":3,\"scale\":0},{\"columnSql\":\"close_field varchar(50) comment \'闭窗字段\', \",\"dataType\":\"varchar\",\"id\":\"close_field\",\"isPk\":\"0\",\"length\":50,\"name\":\"闭窗字段\",\"nullAble\":\"YES\",\"position\":4,\"scale\":0},{\"columnSql\":\"datasize int(10) comment \'数据量\', \",\"dataType\":\"int\",\"id\":\"datasize\",\"isPk\":\"0\",\"length\":10,\"name\":\"数据量\",\"nullAble\":\"YES\",\"position\":5,\"scale\":0},{\"columnSql\":\"source varchar(50) comment \'来源\', \",\"dataType\":\"varchar\",\"id\":\"source\",\"isPk\":\"0\",\"length\":50,\"name\":\"来源\",\"nullAble\":\"YES\",\"position\":6,\"scale\":0}],\"pageColumnList\":[{\"cmpLength\":100,\"cmpType\":\"text\",\"disForm\":\"0\",\"disList\":\"0\",\"id\":\"id\",\"isQuery\":\"0\",\"isReadonly\":\"1\",\"isSimple\":\"1\",\"mainColumn\":\"\",\"mainTable\":\"\",\"name\":\"表名\",\"orderBy\":\"0\",\"queryDefault\":\"\",\"queryType\":\"0\"},{\"cmpLength\":100,\"cmpType\":\"text\",\"disForm\":\"1\",\"disList\":\"1\",\"id\":\"name\",\"isQuery\":\"0\",\"isReadonly\":\"0\",\"isSimple\":\"1\",\"mainColumn\":\"\",\"mainTable\":\"\",\"name\":\"中文名\",\"orderBy\":\"0\",\"queryDefault\":\"\",\"queryType\":\"0\"},{\"cmpLength\":50,\"cmpType\":\"text\",\"disForm\":\"1\",\"disList\":\"1\",\"id\":\"open_field\",\"isQuery\":\"0\",\"isReadonly\":\"0\",\"isSimple\":\"0\",\"mainColumn\":\"\",\"mainTable\":\"\",\"name\":\"开窗字段\",\"orderBy\":\"0\",\"queryDefault\":\"\",\"queryType\":\"0\"},{\"cmpLength\":50,\"cmpType\":\"text\",\"disForm\":\"1\",\"disList\":\"1\",\"id\":\"close_field\",\"isQuery\":\"0\",\"isReadonly\":\"0\",\"isSimple\":\"0\",\"mainColumn\":\"\",\"mainTable\":\"\",\"name\":\"闭窗字段\",\"orderBy\":\"0\",\"queryDefault\":\"\",\"queryType\":\"0\"},{\"cmpLength\":10,\"cmpType\":\"number\",\"disForm\":\"1\",\"disList\":\"1\",\"id\":\"datasize\",\"isQuery\":\"0\",\"isReadonly\":\"0\",\"isSimple\":\"0\",\"mainColumn\":\"\",\"mainTable\":\"\",\"name\":\"数据量\",\"orderBy\":\"0\",\"queryDefault\":\"\",\"queryType\":\"0\"},{\"cmpLength\":50,\"cmpType\":\"text\",\"disForm\":\"1\",\"disList\":\"1\",\"id\":\"source\",\"isQuery\":\"0\",\"isReadonly\":\"0\",\"isSimple\":\"0\",\"mainColumn\":\"\",\"mainTable\":\"\",\"name\":\"来源\",\"orderBy\":\"0\",\"queryDefault\":\"\",\"queryType\":\"0\"}],\"columnCheckList\":[{\"colLink\":\"\",\"dicCode\":\"\",\"dicTable\":\"\",\"dicText\":\"\",\"dynamicDic\":\"0\",\"id\":\"id\",\"mustInput\":\"1\",\"name\":\"表名\",\"rule\":\"\",\"sysDicCode\":\"\",\"sysDicName\":\"\"},{\"colLink\":\"\",\"dicCode\":\"\",\"dicTable\":\"\",\"dicText\":\"\",\"dynamicDic\":\"0\",\"id\":\"name\",\"mustInput\":\"1\",\"name\":\"中文名\",\"rule\":\"\",\"sysDicCode\":\"\",\"sysDicName\":\"\"},{\"colLink\":\"\",\"dicCode\":\"\",\"dicTable\":\"\",\"dicText\":\"\",\"dynamicDic\":\"0\",\"id\":\"open_field\",\"mustInput\":\"0\",\"name\":\"开窗字段\",\"rule\":\"\",\"sysDicCode\":\"\",\"sysDicName\":\"\"},{\"colLink\":\"\",\"dicCode\":\"\",\"dicTable\":\"\",\"dicText\":\"\",\"dynamicDic\":\"0\",\"id\":\"close_field\",\"mustInput\":\"0\",\"name\":\"闭窗字段\",\"rule\":\"\",\"sysDicCode\":\"\",\"sysDicName\":\"\"},{\"colLink\":\"\",\"dicCode\":\"\",\"dicTable\":\"\",\"dicText\":\"\",\"dynamicDic\":\"0\",\"id\":\"datasize\",\"mustInput\":\"0\",\"name\":\"数据量\",\"rule\":\"\",\"sysDicCode\":\"\",\"sysDicName\":\"\"},{\"colLink\":\"\",\"dicCode\":\"\",\"dicTable\":\"\",\"dicText\":\"\",\"dynamicDic\":\"0\",\"id\":\"source\",\"mustInput\":\"0\",\"name\":\"来源\",\"rule\":\"\",\"sysDicCode\":\"\",\"sysDicName\":\"\"}],\"relateDataList\":[{\"id\":\"id\",\"mainColumn\":\"\",\"mainTable\":\"\",\"name\":\"表名\",\"slaveColumn\":\"entity\",\"slaveTable\":\"5fc1a1497bf545e73784e181\"},{\"id\":\"name\",\"mainColumn\":\"\",\"mainTable\":\"\",\"name\":\"中文名\",\"slaveColumn\":\"\",\"slaveTable\":\"\"},{\"id\":\"open_field\",\"mainColumn\":\"\",\"mainTable\":\"\",\"name\":\"开窗字段\",\"slaveColumn\":\"\",\"slaveTable\":\"\"},{\"id\":\"close_field\",\"mainColumn\":\"\",\"mainTable\":\"\",\"name\":\"闭窗字段\",\"slaveColumn\":\"\",\"slaveTable\":\"\"},{\"id\":\"datasize\",\"mainColumn\":\"\",\"mainTable\":\"\",\"name\":\"数据量\",\"slaveColumn\":\"\",\"slaveTable\":\"\"},{\"id\":\"source\",\"mainColumn\":\"\",\"mainTable\":\"\",\"name\":\"来源\",\"slaveColumn\":\"\",\"slaveTable\":\"\"}]}', 'admin', '2020-11-28 09:00:59', 'admin', '2020-11-28 10:22:51', 'A01');
INSERT INTO `sys_generate` VALUES ('5fc2645d7bf5bd098c440ef5', 'data_model', '数据模型', '1', '12', 'catalog', 'default', '1', '1', '0', 'pid', 'name', NULL, 'timestamp', 'oneToMany', '', '', NULL, 1, '{\"columnCheckList\":[{\"colLink\":\"\",\"dicCode\":\"\",\"dicTable\":\"\",\"dicText\":\"\",\"dynamicDic\":\"0\",\"id\":\"id\",\"mustInput\":\"0\",\"name\":\"编号\",\"rule\":\"\",\"sysDicCode\":\"\",\"sysDicName\":\"\"},{\"colLink\":\"\",\"dicCode\":\"\",\"dicTable\":\"\",\"dicText\":\"\",\"dynamicDic\":\"0\",\"id\":\"name\",\"mustInput\":\"1\",\"name\":\"名称\",\"rule\":\"\",\"sysDicCode\":\"\",\"sysDicName\":\"\"},{\"colLink\":\"\",\"dicCode\":\"\",\"dicTable\":\"\",\"dicText\":\"\",\"dynamicDic\":\"0\",\"id\":\"description\",\"mustInput\":\"0\",\"name\":\"描述\",\"rule\":\"\",\"sysDicCode\":\"\",\"sysDicName\":\"\"},{\"colLink\":\"\",\"dicCode\":\"\",\"dicTable\":\"\",\"dicText\":\"\",\"dynamicDic\":\"0\",\"id\":\"status\",\"mustInput\":\"0\",\"name\":\"状态\",\"rule\":\"\",\"sysDicCode\":\"status\",\"sysDicName\":\"状态\"},{\"colLink\":\"\",\"dicCode\":\"\",\"dicTable\":\"\",\"dicText\":\"\",\"dynamicDic\":\"0\",\"id\":\"catalog_id\",\"mustInput\":\"0\",\"name\":\"目录编号\",\"rule\":\"\",\"sysDicCode\":\"\",\"sysDicName\":\"\"},{\"colLink\":\"\",\"dicCode\":\"\",\"dicTable\":\"\",\"dicText\":\"\",\"dynamicDic\":\"0\",\"id\":\"config\",\"mustInput\":\"0\",\"name\":\"配置信息\",\"rule\":\"\",\"sysDicCode\":\"\",\"sysDicName\":\"\"},{\"colLink\":\"\",\"dicCode\":\"\",\"dicTable\":\"\",\"dicText\":\"\",\"dynamicDic\":\"0\",\"id\":\"create_by\",\"mustInput\":\"0\",\"name\":\"创建人\",\"rule\":\"\",\"sysDicCode\":\"\",\"sysDicName\":\"\"},{\"colLink\":\"\",\"dicCode\":\"\",\"dicTable\":\"\",\"dicText\":\"\",\"dynamicDic\":\"0\",\"id\":\"create_time\",\"mustInput\":\"0\",\"name\":\"创建日期\",\"rule\":\"\",\"sysDicCode\":\"\",\"sysDicName\":\"\"},{\"colLink\":\"\",\"dicCode\":\"\",\"dicTable\":\"\",\"dicText\":\"\",\"dynamicDic\":\"0\",\"id\":\"update_by\",\"mustInput\":\"0\",\"name\":\"修改人\",\"rule\":\"\",\"sysDicCode\":\"\",\"sysDicName\":\"\"},{\"colLink\":\"\",\"dicCode\":\"\",\"dicTable\":\"\",\"dicText\":\"\",\"dynamicDic\":\"0\",\"id\":\"update_time\",\"mustInput\":\"0\",\"name\":\"修改日期\",\"rule\":\"\",\"sysDicCode\":\"\",\"sysDicName\":\"\"}],\"columnSchemaList\":[{\"columnSql\":\"id varchar(50) comment \'编号\', \",\"dataType\":\"varchar\",\"id\":\"id\",\"isPk\":\"1\",\"length\":50,\"name\":\"编号\",\"nullAble\":\"YES\",\"position\":1,\"scale\":0},{\"columnSql\":\"name varchar(200) comment \'名称\', \",\"dataType\":\"varchar\",\"id\":\"name\",\"isPk\":\"0\",\"length\":200,\"name\":\"名称\",\"nullAble\":\"YES\",\"position\":2,\"scale\":0},{\"columnSql\":\"description varchar(255) comment \'描述\', \",\"dataType\":\"varchar\",\"id\":\"description\",\"isPk\":\"0\",\"length\":255,\"name\":\"描述\",\"nullAble\":\"YES\",\"position\":3,\"scale\":0},{\"columnSql\":\"status varchar(50) comment \'状态\', \",\"dataType\":\"varchar\",\"id\":\"status\",\"isPk\":\"0\",\"length\":50,\"name\":\"状态\",\"nullAble\":\"YES\",\"position\":4,\"scale\":0},{\"columnSql\":\"catalog_id varchar(50) comment \'目录编号\', \",\"dataType\":\"varchar\",\"id\":\"catalog_id\",\"isPk\":\"0\",\"length\":50,\"name\":\"目录编号\",\"nullAble\":\"YES\",\"position\":5,\"scale\":0},{\"columnSql\":\"config longtext comment \'配置信息\', \",\"dataType\":\"longtext\",\"id\":\"config\",\"isPk\":\"0\",\"length\":0,\"name\":\"配置信息\",\"nullAble\":\"YES\",\"position\":6,\"scale\":0},{\"columnSql\":\"create_by varchar(50) comment \'创建人\', \",\"dataType\":\"varchar\",\"id\":\"create_by\",\"isPk\":\"0\",\"length\":50,\"name\":\"创建人\",\"nullAble\":\"YES\",\"position\":7,\"scale\":0},{\"columnSql\":\"create_time datetime(0) comment \'创建日期\', \",\"dataType\":\"datetime\",\"id\":\"create_time\",\"isPk\":\"0\",\"length\":0,\"name\":\"创建日期\",\"nullAble\":\"YES\",\"position\":8,\"scale\":0},{\"columnSql\":\"update_by varchar(50) comment \'修改人\', \",\"dataType\":\"varchar\",\"id\":\"update_by\",\"isPk\":\"0\",\"length\":50,\"name\":\"修改人\",\"nullAble\":\"YES\",\"position\":9,\"scale\":0},{\"columnSql\":\"update_time datetime(0) comment \'修改日期\', \",\"dataType\":\"datetime\",\"id\":\"update_time\",\"isPk\":\"0\",\"length\":0,\"name\":\"修改日期\",\"nullAble\":\"YES\",\"position\":10,\"scale\":0}],\"generateForm\":{\"className\":\"DataModel\",\"id\":\"5fc2645d7bf5bd098c440ef5\",\"jsPath\":\"data/model\",\"moduleName\":\"数据模型\",\"packageName\":\"data\"},\"pageColumnList\":[{\"cmpLength\":50,\"cmpType\":\"text\",\"disForm\":\"0\",\"disList\":\"0\",\"id\":\"id\",\"isQuery\":\"0\",\"isReadonly\":\"1\",\"isSimple\":\"0\",\"mainColumn\":\"\",\"mainTable\":\"\",\"name\":\"编号\",\"orderBy\":\"0\",\"queryDefault\":\"\",\"queryType\":\"0\"},{\"cmpLength\":200,\"cmpType\":\"text\",\"disForm\":\"1\",\"disList\":\"1\",\"id\":\"name\",\"isQuery\":\"0\",\"isReadonly\":\"0\",\"isSimple\":\"1\",\"mainColumn\":\"\",\"mainTable\":\"\",\"name\":\"名称\",\"orderBy\":\"0\",\"queryDefault\":\"\",\"queryType\":\"0\"},{\"cmpLength\":255,\"cmpType\":\"text\",\"disForm\":\"1\",\"disList\":\"1\",\"id\":\"description\",\"isQuery\":\"0\",\"isReadonly\":\"0\",\"isSimple\":\"1\",\"mainColumn\":\"\",\"mainTable\":\"\",\"name\":\"描述\",\"orderBy\":\"0\",\"queryDefault\":\"\",\"queryType\":\"0\"},{\"cmpLength\":50,\"cmpType\":\"select\",\"disForm\":\"1\",\"disList\":\"1\",\"id\":\"status\",\"isQuery\":\"0\",\"isReadonly\":\"0\",\"isSimple\":\"0\",\"mainColumn\":\"\",\"mainTable\":\"\",\"name\":\"状态\",\"orderBy\":\"0\",\"queryDefault\":\"\",\"queryType\":\"0\"},{\"cmpLength\":50,\"cmpType\":\"text\",\"disForm\":\"1\",\"disList\":\"1\",\"id\":\"catalog_id\",\"isQuery\":\"0\",\"isReadonly\":\"0\",\"isSimple\":\"0\",\"mainColumn\":\"\",\"mainTable\":\"\",\"name\":\"目录编号\",\"orderBy\":\"0\",\"queryDefault\":\"\",\"queryType\":\"0\"},{\"cmpLength\":255,\"cmpType\":\"text\",\"disForm\":\"1\",\"disList\":\"0\",\"id\":\"config\",\"isQuery\":\"0\",\"isReadonly\":\"0\",\"isSimple\":\"0\",\"mainColumn\":\"\",\"mainTable\":\"\",\"name\":\"配置信息\",\"orderBy\":\"0\",\"queryDefault\":\"\",\"queryType\":\"0\"},{\"cmpLength\":50,\"cmpType\":\"text\",\"disForm\":\"0\",\"disList\":\"0\",\"id\":\"create_by\",\"isQuery\":\"0\",\"isReadonly\":\"1\",\"isSimple\":\"0\",\"mainColumn\":\"\",\"mainTable\":\"\",\"name\":\"创建人\",\"orderBy\":\"0\",\"queryDefault\":\"\",\"queryType\":\"0\"},{\"cmpLength\":255,\"cmpType\":\"datetime\",\"disForm\":\"0\",\"disList\":\"0\",\"id\":\"create_time\",\"isQuery\":\"0\",\"isReadonly\":\"1\",\"isSimple\":\"0\",\"mainColumn\":\"\",\"mainTable\":\"\",\"name\":\"创建日期\",\"orderBy\":\"0\",\"queryDefault\":\"\",\"queryType\":\"0\"},{\"cmpLength\":50,\"cmpType\":\"text\",\"disForm\":\"0\",\"disList\":\"0\",\"id\":\"update_by\",\"isQuery\":\"0\",\"isReadonly\":\"1\",\"isSimple\":\"0\",\"mainColumn\":\"\",\"mainTable\":\"\",\"name\":\"修改人\",\"orderBy\":\"0\",\"queryDefault\":\"\",\"queryType\":\"0\"},{\"cmpLength\":255,\"cmpType\":\"datetime\",\"disForm\":\"0\",\"disList\":\"0\",\"id\":\"update_time\",\"isQuery\":\"0\",\"isReadonly\":\"1\",\"isSimple\":\"0\",\"mainColumn\":\"\",\"mainTable\":\"\",\"name\":\"修改日期\",\"orderBy\":\"0\",\"queryDefault\":\"\",\"queryType\":\"0\"}],\"relateDataList\":[{\"id\":\"id\",\"mainColumn\":\"\",\"mainTable\":\"\",\"name\":\"编号\",\"slaveColumn\":\"\",\"slaveTable\":\"\"},{\"id\":\"name\",\"mainColumn\":\"\",\"mainTable\":\"\",\"name\":\"名称\",\"slaveColumn\":\"\",\"slaveTable\":\"\"},{\"id\":\"description\",\"mainColumn\":\"\",\"mainTable\":\"\",\"name\":\"描述\",\"slaveColumn\":\"\",\"slaveTable\":\"\"},{\"id\":\"status\",\"mainColumn\":\"\",\"mainTable\":\"\",\"name\":\"状态\",\"slaveColumn\":\"\",\"slaveTable\":\"\"},{\"id\":\"catalog_id\",\"mainColumn\":\"\",\"mainTable\":\"\",\"name\":\"目录编号\",\"slaveColumn\":\"\",\"slaveTable\":\"\"},{\"id\":\"config\",\"mainColumn\":\"\",\"mainTable\":\"\",\"name\":\"配置信息\",\"slaveColumn\":\"\",\"slaveTable\":\"\"},{\"id\":\"create_by\",\"mainColumn\":\"\",\"mainTable\":\"\",\"name\":\"创建人\",\"slaveColumn\":\"\",\"slaveTable\":\"\"},{\"id\":\"create_time\",\"mainColumn\":\"\",\"mainTable\":\"\",\"name\":\"创建日期\",\"slaveColumn\":\"\",\"slaveTable\":\"\"},{\"id\":\"update_by\",\"mainColumn\":\"\",\"mainTable\":\"\",\"name\":\"修改人\",\"slaveColumn\":\"\",\"slaveTable\":\"\"},{\"id\":\"update_time\",\"mainColumn\":\"\",\"mainTable\":\"\",\"name\":\"修改日期\",\"slaveColumn\":\"\",\"slaveTable\":\"\"}]}', 'admin', '2020-11-28 22:53:18', 'admin', '2020-11-28 22:55:41', 'A01');

-- ----------------------------
-- Table structure for sys_log
-- ----------------------------
DROP TABLE IF EXISTS `sys_log`;
CREATE TABLE `sys_log`  (
  `id` varchar(32) CHARACTER SET utf8 COLLATE utf8_general_ci NOT NULL,
  `log_type` int(2) NULL DEFAULT NULL COMMENT '日志类型（1登录日志，2操作日志）',
  `log_content` varchar(1000) CHARACTER SET utf8 COLLATE utf8_general_ci NULL DEFAULT NULL COMMENT '日志内容',
  `operate_type` int(2) NULL DEFAULT NULL COMMENT '操作类型',
  `userid` varchar(32) CHARACTER SET utf8 COLLATE utf8_general_ci NULL DEFAULT NULL COMMENT '操作用户账号',
  `username` varchar(100) CHARACTER SET utf8 COLLATE utf8_general_ci NULL DEFAULT NULL COMMENT '操作用户名称',
  `ip` varchar(100) CHARACTER SET utf8 COLLATE utf8_general_ci NULL DEFAULT NULL COMMENT 'IP',
  `method` varchar(500) CHARACTER SET utf8 COLLATE utf8_general_ci NULL DEFAULT NULL COMMENT '请求java方法',
  `request_url` varchar(255) CHARACTER SET utf8 COLLATE utf8_general_ci NULL DEFAULT NULL COMMENT '请求路径',
  `request_param` longtext CHARACTER SET utf8 COLLATE utf8_general_ci NULL COMMENT '请求参数',
  `request_type` varchar(10) CHARACTER SET utf8 COLLATE utf8_general_ci NULL DEFAULT NULL COMMENT '请求类型',
  `cost_time` bigint(20) NULL DEFAULT NULL COMMENT '耗时',
  `create_by` varchar(32) CHARACTER SET utf8 COLLATE utf8_general_ci NULL DEFAULT NULL COMMENT '创建人',
  `create_time` datetime(0) NULL DEFAULT NULL COMMENT '创建时间',
  `update_by` varchar(32) CHARACTER SET utf8 COLLATE utf8_general_ci NULL DEFAULT NULL COMMENT '更新人',
  `update_time` datetime(0) NULL DEFAULT NULL COMMENT '更新时间',
  PRIMARY KEY (`id`) USING BTREE,
  INDEX `index_table_userid`(`userid`) USING BTREE,
  INDEX `index_logt_ype`(`log_type`) USING BTREE,
  INDEX `index_operate_type`(`operate_type`) USING BTREE,
  INDEX `index_log_type`(`log_type`) USING BTREE
) ENGINE = MyISAM CHARACTER SET = utf8 COLLATE = utf8_general_ci COMMENT = '系统日志表' ROW_FORMAT = Dynamic;

-- ----------------------------
-- Table structure for sys_permission
-- ----------------------------
DROP TABLE IF EXISTS `sys_permission`;
CREATE TABLE `sys_permission`  (
  `id` varchar(32) CHARACTER SET utf8 COLLATE utf8_general_ci NOT NULL COMMENT '主键id',
  `parent_id` varchar(32) CHARACTER SET utf8 COLLATE utf8_general_ci NULL DEFAULT NULL COMMENT '父id',
  `name` varchar(100) CHARACTER SET utf8 COLLATE utf8_general_ci NULL DEFAULT NULL COMMENT '菜单标题',
  `url` varchar(255) CHARACTER SET utf8 COLLATE utf8_general_ci NULL DEFAULT NULL COMMENT '路径',
  `component` varchar(255) CHARACTER SET utf8 COLLATE utf8_general_ci NULL DEFAULT NULL COMMENT '组件',
  `component_name` varchar(100) CHARACTER SET utf8 COLLATE utf8_general_ci NULL DEFAULT NULL COMMENT '组件名字',
  `redirect` varchar(255) CHARACTER SET utf8 COLLATE utf8_general_ci NULL DEFAULT NULL COMMENT '一级菜单跳转地址',
  `menu_type` int(11) NULL DEFAULT NULL COMMENT '菜单类型(0:一级菜单; 1:子菜单:2:按钮权限)',
  `perms` varchar(255) CHARACTER SET utf8 COLLATE utf8_general_ci NULL DEFAULT NULL COMMENT '菜单权限编码',
  `perms_type` varchar(10) CHARACTER SET utf8 COLLATE utf8_general_ci NULL DEFAULT '0' COMMENT '权限策略1显示2禁用',
  `sort_no` double(8, 2) NULL DEFAULT NULL COMMENT '菜单排序',
  `always_show` tinyint(1) NULL DEFAULT NULL COMMENT '聚合子路由: 1是0否',
  `icon` varchar(100) CHARACTER SET utf8 COLLATE utf8_general_ci NULL DEFAULT NULL COMMENT '菜单图标',
  `is_route` tinyint(1) NULL DEFAULT 1 COMMENT '是否路由菜单: 0:不是  1:是（默认值1）',
  `is_leaf` tinyint(1) NULL DEFAULT NULL COMMENT '是否叶子节点:    1:是   0:不是',
  `keep_alive` tinyint(1) NULL DEFAULT NULL COMMENT '是否缓存该页面:    1:是   0:不是',
  `hidden` int(2) NULL DEFAULT 0 COMMENT '是否隐藏路由: 0否,1是',
  `description` varchar(255) CHARACTER SET utf8 COLLATE utf8_general_ci NULL DEFAULT NULL COMMENT '描述',
  `create_by` varchar(32) CHARACTER SET utf8 COLLATE utf8_general_ci NULL DEFAULT NULL COMMENT '创建人',
  `create_time` datetime(0) NULL DEFAULT NULL COMMENT '创建时间',
  `update_by` varchar(32) CHARACTER SET utf8 COLLATE utf8_general_ci NULL DEFAULT NULL COMMENT '更新人',
  `update_time` datetime(0) NULL DEFAULT NULL COMMENT '更新时间',
  `del_flag` int(1) NULL DEFAULT 0 COMMENT '删除状态 0正常 1已删除',
  `rule_flag` int(3) NULL DEFAULT 0 COMMENT '是否添加数据权限1是0否',
  `status` varchar(2) CHARACTER SET utf8 COLLATE utf8_general_ci NULL DEFAULT NULL COMMENT '按钮权限状态(0无效1有效)',
  `internal_or_external` tinyint(1) NULL DEFAULT NULL COMMENT '外链菜单打开方式 0/内部打开 1/外部打开',
  PRIMARY KEY (`id`) USING BTREE,
  INDEX `index_prem_pid`(`parent_id`) USING BTREE,
  INDEX `index_prem_is_route`(`is_route`) USING BTREE,
  INDEX `index_prem_is_leaf`(`is_leaf`) USING BTREE,
  INDEX `index_prem_sort_no`(`sort_no`) USING BTREE,
  INDEX `index_prem_del_flag`(`del_flag`) USING BTREE,
  INDEX `index_menu_type`(`menu_type`) USING BTREE,
  INDEX `index_menu_hidden`(`hidden`) USING BTREE,
  INDEX `index_menu_status`(`status`) USING BTREE
) ENGINE = InnoDB CHARACTER SET = utf8 COLLATE = utf8_general_ci COMMENT = '菜单权限表' ROW_FORMAT = Dynamic;

-- ----------------------------
-- Records of sys_permission
-- ----------------------------
INSERT INTO `sys_permission` VALUES ('1322510352537137153', NULL, '首页', '/home', 'home', NULL, '', 0, '', '0', 0.00, 0, 'mdi-home-outline', 1, 1, 0, 0, NULL, 'admin', '2020-10-31 20:06:54', NULL, NULL, 0, 0, '1', 0);
INSERT INTO `sys_permission` VALUES ('1322510550504091650', '', '系统管理', '/sys', 'sys', NULL, '/sys/dict', 0, '', '0', 1.00, 0, 'mdi-cog-outline', 1, 0, 0, 0, NULL, 'admin', '2020-10-31 20:07:41', 'admin', '2020-10-31 20:35:42', 0, 0, '1', 0);
INSERT INTO `sys_permission` VALUES ('1322510958609870849', '', '数据可视化', '/bi', 'bi', NULL, '/bi/view', 0, '', '0', 6.00, 0, 'mdi-chart-areaspline', 1, 0, 0, 0, NULL, 'admin', '2020-10-31 20:09:18', 'admin', '2020-10-31 20:42:06', 0, 0, '1', 0);
INSERT INTO `sys_permission` VALUES ('1322511142429437953', '', '系统监控', '/monitor', 'monitor', NULL, '/monitor/task', 0, '', '0', 7.00, 0, 'mdi-monitor-eye', 1, 0, 0, 0, NULL, 'admin', '2020-10-31 20:10:02', 'admin', '2020-10-31 20:41:50', 0, 0, '1', 0);
INSERT INTO `sys_permission` VALUES ('1322511342875226114', '', 'DEMO', '/demo', 'demo', NULL, '/demo/demo1', 0, '', '0', 8.00, 0, 'mdi-desktop-mac', 1, 0, 0, 0, NULL, 'admin', '2020-10-31 20:10:50', 'admin', '2020-10-31 20:41:31', 0, 0, '1', 0);
INSERT INTO `sys_permission` VALUES ('1322512556564197378', '1322510550504091650', '用户管理', '/sys/user', 'sys/user', NULL, '', 1, '', '0', 100.00, 0, '', 1, 0, 0, 0, NULL, 'admin', '2020-10-31 20:15:39', NULL, NULL, 0, 0, '1', 0);
INSERT INTO `sys_permission` VALUES ('1322512813356265474', '1322510550504091650', '角色管理', '/sys/role', 'sys/role', NULL, '', 1, '', '0', 200.00, 0, '', 1, 1, 0, 0, NULL, 'admin', '2020-10-31 20:16:40', NULL, NULL, 0, 0, '1', 0);
INSERT INTO `sys_permission` VALUES ('1322512939797753857', '1322510550504091650', '职位管理', '/sys/position', 'sys/position', NULL, '', 1, '', '0', 300.00, 0, '', 1, 1, 0, 0, NULL, 'admin', '2020-10-31 20:17:11', NULL, NULL, 0, 0, '1', 0);
INSERT INTO `sys_permission` VALUES ('1322513338608955394', '1322510550504091650', '分类目录', '/sys/catalog', 'sys/catalog', NULL, '', 1, '', '0', 400.00, 0, '', 1, 1, 0, 0, NULL, 'admin', '2020-10-31 20:18:46', NULL, NULL, 0, 0, '1', 0);
INSERT INTO `sys_permission` VALUES ('1322513475829805057', '1322510550504091650', '菜单管理', '/sys/menu', 'sys/menu', NULL, '', 1, '', '0', 500.00, 0, '', 1, 1, 0, 0, NULL, 'admin', '2020-10-31 20:19:18', NULL, NULL, 0, 0, '1', 0);
INSERT INTO `sys_permission` VALUES ('1322513605668679681', '1322510550504091650', '定时任务', '/sys/quartz', 'sys/quartz', NULL, '', 1, '', '0', 600.00, 0, '', 1, 1, 0, 0, NULL, 'admin', '2020-10-31 20:19:49', NULL, NULL, 0, 0, '1', 0);
INSERT INTO `sys_permission` VALUES ('1322513736619044866', '1322510550504091650', '多数据源', '/sys/datasource', 'sys/datasource', NULL, '', 1, '', '0', 700.00, 0, '', 1, 1, 0, 0, NULL, 'admin', '2020-10-31 20:20:21', NULL, NULL, 0, 0, '1', 0);
INSERT INTO `sys_permission` VALUES ('1322513874989133825', '1322510550504091650', '系统日志', '/sys/log', 'sys/log', NULL, '', 1, '', '0', 800.00, 0, '', 1, 1, 0, 0, NULL, 'admin', '2020-10-31 20:20:54', NULL, NULL, 0, 0, '1', 0);
INSERT INTO `sys_permission` VALUES ('1322514502884831233', '1322510550504091650', '字典管理', '/sys/dict', 'sys/dict', NULL, '', 1, '', '0', 900.00, 0, '', 1, 1, 0, 0, NULL, 'admin', '2020-10-31 20:23:23', NULL, NULL, 0, 0, '1', 0);
INSERT INTO `sys_permission` VALUES ('1322517488704991233', '1322510550504091650', '代码生成', '/sys/generate', 'sys/generate', NULL, '', 1, '', '0', 10000.00, 0, '', 1, 1, 0, 0, NULL, 'admin', '2020-10-31 20:35:15', NULL, NULL, 0, 0, '1', 0);
INSERT INTO `sys_permission` VALUES ('1322518332271800321', '1322510958609870849', '视图管理', '/bi/view', 'bi/view', NULL, '', 1, '', '0', 100.00, 0, '', 1, 1, 0, 0, NULL, 'admin', '2020-10-31 20:38:36', 'admin', '2020-10-31 20:38:56', 0, 0, '1', 0);
INSERT INTO `sys_permission` VALUES ('1322518511003676674', '1322510958609870849', '电子报告', '/bi/screen', 'bi/screen', NULL, '', 1, '', '0', 200.00, 0, '', 1, 1, 0, 0, NULL, 'admin', '2020-10-31 20:39:19', NULL, NULL, 0, 0, '1', 0);
INSERT INTO `sys_permission` VALUES ('1322518627953455106', '1322511142429437953', '定时任务', '/monitor/task', 'monitor/task', NULL, '', 1, '', '0', 100.00, 0, '', 1, 1, 0, 0, NULL, 'admin', '2020-10-31 20:39:47', NULL, NULL, 0, 0, '1', 0);
INSERT INTO `sys_permission` VALUES ('1322518835743469570', '1322511342875226114', '列过滤', '/demo/demo2', 'demo/demo2', NULL, '', 1, '', '0', 200.00, 0, '', 1, 1, 0, 0, NULL, 'admin', '2020-10-31 20:40:36', NULL, NULL, 0, 0, '1', 0);
INSERT INTO `sys_permission` VALUES ('1322518940718510081', '1322511342875226114', '左分类', '/demo/demo3', 'demo/demo3', NULL, '', 1, '', '0', 300.00, 0, '', 1, 1, 0, 0, NULL, 'admin', '2020-10-31 20:41:01', NULL, NULL, 0, 0, '1', 0);
INSERT INTO `sys_permission` VALUES ('1323236521490288641', '1322511342875226114', 'GridTree', '/demo/demo4', 'demo/demo4', NULL, '', 1, '', '0', 500.00, 0, '', 1, 1, 0, 0, NULL, 'admin', '2020-11-02 20:12:26', 'admin', '2020-11-02 20:12:36', 0, 0, '1', 0);
INSERT INTO `sys_permission` VALUES ('1323437709271633921', '1322512556564197378', '添加用户', '', '', NULL, '', 2, 'user:add', '0', 0.00, 0, '', 1, 1, 0, 0, NULL, 'admin', '2020-11-03 09:31:53', NULL, NULL, 0, 0, '1', 0);
INSERT INTO `sys_permission` VALUES ('1323515504739880962', '1322511342875226114', 'DEMO1', '/demo/demo1', 'demo/demo1', NULL, '', 1, '', '0', 100.00, 0, '', 1, 1, 0, 0, NULL, 'admin', '2020-11-03 14:41:01', NULL, NULL, 0, 0, '1', 0);

-- ----------------------------
-- Table structure for sys_permission_data_rule
-- ----------------------------
DROP TABLE IF EXISTS `sys_permission_data_rule`;
CREATE TABLE `sys_permission_data_rule`  (
  `id` varchar(32) CHARACTER SET utf8 COLLATE utf8_general_ci NOT NULL COMMENT 'ID',
  `permission_id` varchar(32) CHARACTER SET utf8 COLLATE utf8_general_ci NULL DEFAULT NULL COMMENT '菜单ID',
  `rule_name` varchar(50) CHARACTER SET utf8 COLLATE utf8_general_ci NULL DEFAULT NULL COMMENT '规则名称',
  `rule_column` varchar(50) CHARACTER SET utf8 COLLATE utf8_general_ci NULL DEFAULT NULL COMMENT '字段',
  `rule_conditions` varchar(50) CHARACTER SET utf8 COLLATE utf8_general_ci NULL DEFAULT NULL COMMENT '条件',
  `rule_value` varchar(300) CHARACTER SET utf8 COLLATE utf8_general_ci NULL DEFAULT NULL COMMENT '规则值',
  `status` varchar(3) CHARACTER SET utf8 COLLATE utf8_general_ci NULL DEFAULT NULL COMMENT '权限有效状态1有0否',
  `create_time` datetime(0) NULL DEFAULT NULL COMMENT '创建时间',
  `create_by` varchar(32) CHARACTER SET utf8 COLLATE utf8_general_ci NULL DEFAULT NULL,
  `update_time` datetime(0) NULL DEFAULT NULL COMMENT '修改时间',
  `update_by` varchar(32) CHARACTER SET utf8 COLLATE utf8_general_ci NULL DEFAULT NULL COMMENT '修改人',
  PRIMARY KEY (`id`) USING BTREE,
  INDEX `index_fucntionid`(`permission_id`) USING BTREE
) ENGINE = InnoDB CHARACTER SET = utf8 COLLATE = utf8_general_ci ROW_FORMAT = Dynamic;

-- ----------------------------
-- Records of sys_permission_data_rule
-- ----------------------------
INSERT INTO `sys_permission_data_rule` VALUES ('32b62cb04d6c788d9d92e3ff5e66854e', '8d4683aacaa997ab86b966b464360338', '000', '00', '!=', '00', '1', '2019-04-02 18:36:08', 'admin', NULL, NULL);
INSERT INTO `sys_permission_data_rule` VALUES ('40283181614231d401614234fe670003', '40283181614231d401614232cd1c0001', 'createBy', 'createBy', '=', '#{sys_user_code}', '1', '2018-01-29 21:57:04', 'admin', NULL, NULL);
INSERT INTO `sys_permission_data_rule` VALUES ('4028318161424e730161424fca6f0004', '4028318161424e730161424f61510002', 'createBy', 'createBy', '=', '#{sys_user_code}', '1', '2018-01-29 22:26:20', 'admin', NULL, NULL);
INSERT INTO `sys_permission_data_rule` VALUES ('402880e6487e661a01487e732c020005', '402889fb486e848101486e93a7c80014', 'SYS_ORG_CODE', 'SYS_ORG_CODE', 'LIKE', '010201%', '1', '2014-09-16 20:32:30', 'admin', NULL, NULL);
INSERT INTO `sys_permission_data_rule` VALUES ('402880e6487e661a01487e8153ee0007', '402889fb486e848101486e93a7c80014', 'create_by', 'create_by', '', '#{SYS_USER_CODE}', '1', '2014-09-16 20:47:57', 'admin', NULL, NULL);
INSERT INTO `sys_permission_data_rule` VALUES ('402880ec5ddec439015ddf9225060038', '40288088481d019401481d2fcebf000d', '复杂关系', '', 'USE_SQL_RULES', 'name like \'%张%\' or age > 10', '1', NULL, NULL, '2017-08-14 15:10:25', 'demo');
INSERT INTO `sys_permission_data_rule` VALUES ('402880ec5ddfdd26015ddfe3e0570011', '4028ab775dca0d1b015dca3fccb60016', '复杂sql配置', '', 'USE_SQL_RULES', 'table_name like \'%test%\' or is_tree = \'Y\'', '1', NULL, NULL, '2017-08-14 16:38:55', 'demo');
INSERT INTO `sys_permission_data_rule` VALUES ('402880f25b1e2ac7015b1e5fdebc0012', '402880f25b1e2ac7015b1e5cdc340010', '只能看自己数据', 'create_by', '=', '#{sys_user_code}', '1', '2017-03-30 16:40:51', 'admin', NULL, NULL);
INSERT INTO `sys_permission_data_rule` VALUES ('402881875b19f141015b19f8125e0014', '40288088481d019401481d2fcebf000d', '可看下属业务数据', 'sys_org_code', 'LIKE', '#{sys_org_code}', '1', NULL, NULL, '2017-08-14 15:04:32', 'demo');
INSERT INTO `sys_permission_data_rule` VALUES ('402881e45394d66901539500a4450001', '402881e54df73c73014df75ab670000f', 'sysCompanyCode', 'sysCompanyCode', '=', '#{SYS_COMPANY_CODE}', '1', '2016-03-21 01:09:21', 'admin', NULL, NULL);
INSERT INTO `sys_permission_data_rule` VALUES ('402881e45394d6690153950177cb0003', '402881e54df73c73014df75ab670000f', 'sysOrgCode', 'sysOrgCode', '=', '#{SYS_ORG_CODE}', '1', '2016-03-21 01:10:15', 'admin', NULL, NULL);
INSERT INTO `sys_permission_data_rule` VALUES ('402881e56266f43101626727aff60067', '402881e56266f43101626724eb730065', '销售自己看自己的数据', 'createBy', '=', '#{sys_user_code}', '1', '2018-03-27 19:11:16', 'admin', NULL, NULL);
INSERT INTO `sys_permission_data_rule` VALUES ('402881e56266f4310162672fb1a70082', '402881e56266f43101626724eb730065', '销售经理看所有下级数据', 'sysOrgCode', 'LIKE', '#{sys_org_code}', '1', '2018-03-27 19:20:01', 'admin', NULL, NULL);
INSERT INTO `sys_permission_data_rule` VALUES ('402881e56266f431016267387c9f0088', '402881e56266f43101626724eb730065', '只看金额大于1000的数据', 'money', '>=', '1000', '1', '2018-03-27 19:29:37', 'admin', NULL, NULL);
INSERT INTO `sys_permission_data_rule` VALUES ('402881f3650de25101650dfb5a3a0010', '402881e56266f4310162671d62050044', '22', '', 'USE_SQL_RULES', '22', '1', '2018-08-06 14:45:01', 'admin', NULL, NULL);
INSERT INTO `sys_permission_data_rule` VALUES ('402889fb486e848101486e913cd6000b', '402889fb486e848101486e8e2e8b0007', 'userName', 'userName', '=', 'admin', '1', '2014-09-13 18:31:25', 'admin', NULL, NULL);
INSERT INTO `sys_permission_data_rule` VALUES ('402889fb486e848101486e98d20d0016', '402889fb486e848101486e93a7c80014', 'title', 'title', '=', '12', '1', NULL, NULL, '2014-09-13 22:18:22', 'scott');
INSERT INTO `sys_permission_data_rule` VALUES ('402889fe47fcb29c0147fcb6b6220001', '8a8ab0b246dc81120146dc8180fe002b', '12', '12', '>', '12', '1', '2014-08-22 15:55:38', '8a8ab0b246dc81120146dc8181950052', NULL, NULL);
INSERT INTO `sys_permission_data_rule` VALUES ('4028ab775dca0d1b015dca4183530018', '4028ab775dca0d1b015dca3fccb60016', '表名限制', 'isDbSynch', '=', 'Y', '1', NULL, NULL, '2017-08-14 16:43:45', 'demo');
INSERT INTO `sys_permission_data_rule` VALUES ('4028ef815595a881015595b0ccb60001', '40288088481d019401481d2fcebf000d', '限只能看自己', 'create_by', '=', '#{sys_user_code}', '1', NULL, NULL, '2017-08-14 15:03:56', 'demo');
INSERT INTO `sys_permission_data_rule` VALUES ('4028ef81574ae99701574aed26530005', '4028ef81574ae99701574aeb97bd0003', '用户名', 'userName', '!=', 'admin', '1', '2016-09-21 12:07:18', 'admin', NULL, NULL);
INSERT INTO `sys_permission_data_rule` VALUES ('53609e1854f4a87eb23ed23a18a1042c', '4148ec82b6acd69f470bea75fe41c357', '只看当前部门数据', 'sysOrgCode', '=', '#{sys_org_code}', '1', '2019-05-11 19:40:39', 'admin', '2019-05-11 19:40:50', 'admin');
INSERT INTO `sys_permission_data_rule` VALUES ('a7d661ef5ac168b2b162420c6804dac5', '4148ec82b6acd69f470bea75fe41c357', '只看自己的数据', 'createBy', '=', '#{sys_user_code}', '1', '2019-05-11 19:19:05', 'admin', '2019-05-11 19:24:58', 'admin');
INSERT INTO `sys_permission_data_rule` VALUES ('f852d85d47f224990147f2284c0c0005', NULL, '小于', 'test', '<=', '11', '1', '2014-08-20 14:43:52', '8a8ab0b246dc81120146dc8181950052', NULL, NULL);

-- ----------------------------
-- Table structure for sys_position
-- ----------------------------
DROP TABLE IF EXISTS `sys_position`;
CREATE TABLE `sys_position`  (
  `id` varchar(32) CHARACTER SET utf8 COLLATE utf8_general_ci NOT NULL,
  `code` varchar(100) CHARACTER SET utf8 COLLATE utf8_general_ci NULL DEFAULT NULL COMMENT '职务编码',
  `name` varchar(100) CHARACTER SET utf8 COLLATE utf8_general_ci NULL DEFAULT NULL COMMENT '职务名称',
  `post_rank` varchar(2) CHARACTER SET utf8 COLLATE utf8_general_ci NULL DEFAULT NULL COMMENT '职级',
  `company_id` varchar(255) CHARACTER SET utf8 COLLATE utf8_general_ci NULL DEFAULT NULL COMMENT '公司id',
  `create_by` varchar(50) CHARACTER SET utf8 COLLATE utf8_general_ci NULL DEFAULT NULL COMMENT '创建人',
  `create_time` datetime(0) NULL DEFAULT NULL COMMENT '创建时间',
  `update_by` varchar(50) CHARACTER SET utf8 COLLATE utf8_general_ci NULL DEFAULT NULL COMMENT '修改人',
  `update_time` datetime(0) NULL DEFAULT NULL COMMENT '修改时间',
  `sys_org_code` varchar(50) CHARACTER SET utf8 COLLATE utf8_general_ci NULL DEFAULT NULL COMMENT '组织机构编码',
  PRIMARY KEY (`id`) USING BTREE,
  UNIQUE INDEX `uniq_code`(`code`) USING BTREE
) ENGINE = InnoDB CHARACTER SET = utf8 COLLATE = utf8_general_ci ROW_FORMAT = Dynamic;

-- ----------------------------
-- Records of sys_position
-- ----------------------------
INSERT INTO `sys_position` VALUES ('1185040064792571906', 'devleader', '研发部经理', '2', NULL, 'admin', '2019-10-18 11:49:03', 'admin', '2020-02-23 22:55:42', 'A01');
INSERT INTO `sys_position` VALUES ('1256485574212153345', '总经理', 'laozong', '2', NULL, 'admin', '2020-05-02 15:28:00', 'admin', '2020-11-03 10:20:34', '北京国炬公司');
INSERT INTO `sys_position` VALUES ('1323462826575925249', 'cto', '技术总监', '5', NULL, 'admin', '2020-11-03 11:11:41', NULL, NULL, 'A01');

-- ----------------------------
-- Table structure for sys_quartz_job
-- ----------------------------
DROP TABLE IF EXISTS `sys_quartz_job`;
CREATE TABLE `sys_quartz_job`  (
  `id` varchar(32) CHARACTER SET utf8 COLLATE utf8_general_ci NOT NULL,
  `create_by` varchar(32) CHARACTER SET utf8 COLLATE utf8_general_ci NULL DEFAULT NULL COMMENT '创建人',
  `create_time` datetime(0) NULL DEFAULT NULL COMMENT '创建时间',
  `del_flag` int(1) NULL DEFAULT NULL COMMENT '删除状态',
  `update_by` varchar(32) CHARACTER SET utf8 COLLATE utf8_general_ci NULL DEFAULT NULL COMMENT '修改人',
  `update_time` datetime(0) NULL DEFAULT NULL COMMENT '修改时间',
  `job_class_name` varchar(255) CHARACTER SET utf8 COLLATE utf8_general_ci NULL DEFAULT NULL COMMENT '任务类名',
  `cron_expression` varchar(255) CHARACTER SET utf8 COLLATE utf8_general_ci NULL DEFAULT NULL COMMENT 'cron表达式',
  `parameter` varchar(255) CHARACTER SET utf8 COLLATE utf8_general_ci NULL DEFAULT NULL COMMENT '参数',
  `description` varchar(255) CHARACTER SET utf8 COLLATE utf8_general_ci NULL DEFAULT NULL COMMENT '描述',
  `status` int(1) NULL DEFAULT NULL COMMENT '状态 0正常 -1停止',
  PRIMARY KEY (`id`) USING BTREE,
  UNIQUE INDEX `uniq_job_class_name`(`job_class_name`) USING BTREE
) ENGINE = MyISAM CHARACTER SET = utf8 COLLATE = utf8_general_ci ROW_FORMAT = Dynamic;

-- ----------------------------
-- Records of sys_quartz_job
-- ----------------------------
INSERT INTO `sys_quartz_job` VALUES ('df26ecacf0f75d219d746750fe84bbee', NULL, NULL, 0, 'admin', '2020-05-02 15:40:35', 'org.jeecg.modules.quartz.job.SampleParamJob', '0/1 * * * * ?', 'scott', '带参测试 后台将每隔1秒执行输出日志', -1);
INSERT INTO `sys_quartz_job` VALUES ('a253cdfc811d69fa0efc70d052bc8128', 'admin', '2019-03-30 12:44:48', 0, 'admin', '2020-05-02 15:48:49', 'org.jeecg.modules.quartz.job.SampleJob', '0/1 * * * * ?', NULL, NULL, -1);
INSERT INTO `sys_quartz_job` VALUES ('5b3d2c087ad41aa755fc4f89697b01e7', 'admin', '2019-04-11 19:04:21', 0, 'admin', '2020-05-02 15:48:48', 'org.jeecg.modules.message.job.SendMsgJob', '0/50 * * * * ? *', NULL, NULL, -1);

-- ----------------------------
-- Table structure for sys_role
-- ----------------------------
DROP TABLE IF EXISTS `sys_role`;
CREATE TABLE `sys_role`  (
  `id` varchar(32) CHARACTER SET utf8 COLLATE utf8_general_ci NOT NULL COMMENT '主键id',
  `role_name` varchar(200) CHARACTER SET utf8 COLLATE utf8_general_ci NULL DEFAULT NULL COMMENT '角色名称',
  `role_code` varchar(100) CHARACTER SET utf8 COLLATE utf8_general_ci NOT NULL COMMENT '角色编码',
  `description` varchar(255) CHARACTER SET utf8 COLLATE utf8_general_ci NULL DEFAULT NULL COMMENT '描述',
  `create_by` varchar(32) CHARACTER SET utf8 COLLATE utf8_general_ci NULL DEFAULT NULL COMMENT '创建人',
  `create_time` datetime(0) NULL DEFAULT NULL COMMENT '创建时间',
  `update_by` varchar(32) CHARACTER SET utf8 COLLATE utf8_general_ci NULL DEFAULT NULL COMMENT '更新人',
  `update_time` datetime(0) NULL DEFAULT NULL COMMENT '更新时间',
  PRIMARY KEY (`id`) USING BTREE,
  UNIQUE INDEX `uniq_sys_role_role_code`(`role_code`) USING BTREE
) ENGINE = InnoDB CHARACTER SET = utf8 COLLATE = utf8_general_ci COMMENT = '角色表' ROW_FORMAT = Dynamic;

-- ----------------------------
-- Records of sys_role
-- ----------------------------
INSERT INTO `sys_role` VALUES ('1169504891467464705', '第三方登录角色', 'third_role', '第三方登录角色', 'admin', '2019-09-05 14:57:49', 'admin', '2020-10-31 10:34:43');
INSERT INTO `sys_role` VALUES ('e51758fa916c881624b046d26bd09230', '人力资源部', 'hr', NULL, 'admin', '2019-01-21 18:07:24', 'admin', '2019-10-18 11:39:43');
INSERT INTO `sys_role` VALUES ('ee8626f80f7c2619917b6236f3a7f02b', '临时角色', 'test', '这是新建的临时角色123', NULL, '2018-12-20 10:59:04', 'admin', '2019-02-19 15:08:37');
INSERT INTO `sys_role` VALUES ('f6817f48af4fb3af11b9e8bf182f618b', '管理员', 'admin', '管理员', NULL, '2018-12-21 18:03:39', 'admin', '2019-05-20 11:40:26');

-- ----------------------------
-- Table structure for sys_role_permission
-- ----------------------------
DROP TABLE IF EXISTS `sys_role_permission`;
CREATE TABLE `sys_role_permission`  (
  `id` varchar(32) CHARACTER SET utf8 COLLATE utf8_general_ci NOT NULL,
  `role_id` varchar(32) CHARACTER SET utf8 COLLATE utf8_general_ci NULL DEFAULT NULL COMMENT '角色id',
  `permission_id` varchar(32) CHARACTER SET utf8 COLLATE utf8_general_ci NULL DEFAULT NULL COMMENT '权限id',
  `data_rule_ids` varchar(1000) CHARACTER SET utf8 COLLATE utf8_general_ci NULL DEFAULT NULL,
  PRIMARY KEY (`id`) USING BTREE,
  INDEX `index_group_role_per_id`(`role_id`, `permission_id`) USING BTREE,
  INDEX `index_group_role_id`(`role_id`) USING BTREE,
  INDEX `index_group_per_id`(`permission_id`) USING BTREE
) ENGINE = InnoDB CHARACTER SET = utf8 COLLATE = utf8_general_ci COMMENT = '角色权限表' ROW_FORMAT = Dynamic;

-- ----------------------------
-- Records of sys_role_permission
-- ----------------------------
INSERT INTO `sys_role_permission` VALUES ('00b0748f04d3ea52c8cfa179c1c9d384', '52b0cf022ac4187b2a70dfa4f8b2d940', 'd7d6e2e4e2934f2c9385a623fd98c6f3', NULL);
INSERT INTO `sys_role_permission` VALUES ('00b82058779cca5106fbb84783534c9b', 'f6817f48af4fb3af11b9e8bf182f618b', '4148ec82b6acd69f470bea75fe41c357', NULL);
INSERT INTO `sys_role_permission` VALUES ('0254c0b25694ad5479e6d6935bbc176e', 'f6817f48af4fb3af11b9e8bf182f618b', '944abf0a8fc22fe1f1154a389a574154', NULL);
INSERT INTO `sys_role_permission` VALUES ('09bd4fc30ffe88c4a44ed3868f442719', 'f6817f48af4fb3af11b9e8bf182f618b', 'e6bfd1fcabfd7942fdd05f076d1dad38', NULL);
INSERT INTO `sys_role_permission` VALUES ('0c2d2db76ee3aa81a4fe0925b0f31365', 'f6817f48af4fb3af11b9e8bf182f618b', '024f1fd1283dc632458976463d8984e1', NULL);
INSERT INTO `sys_role_permission` VALUES ('0c6b8facbb1cc874964c87a8cf01e4b1', 'f6817f48af4fb3af11b9e8bf182f618b', '841057b8a1bef8f6b4b20f9a618a7fa6', NULL);
INSERT INTO `sys_role_permission` VALUES ('0c6e1075e422972083c3e854d9af7851', 'f6817f48af4fb3af11b9e8bf182f618b', '08e6b9dc3c04489c8e1ff2ce6f105aa4', NULL);
INSERT INTO `sys_role_permission` VALUES ('0d9d14bc66e9d5e99b0280095fdc8587', 'ee8626f80f7c2619917b6236f3a7f02b', '277bfabef7d76e89b33062b16a9a5020', NULL);
INSERT INTO `sys_role_permission` VALUES ('0dec36b68c234767cd35466efef3b941', 'ee8626f80f7c2619917b6236f3a7f02b', '54dd5457a3190740005c1bfec55b1c34', NULL);
INSERT INTO `sys_role_permission` VALUES ('0e1469997af2d3b97fff56a59ee29eeb', 'f6817f48af4fb3af11b9e8bf182f618b', 'e41b69c57a941a3bbcce45032fe57605', NULL);
INSERT INTO `sys_role_permission` VALUES ('0f861cb988fdc639bb1ab943471f3a72', 'f6817f48af4fb3af11b9e8bf182f618b', '97c8629abc7848eccdb6d77c24bb3ebb', NULL);
INSERT INTO `sys_role_permission` VALUES ('105c2ac10741e56a618a82cd58c461d7', 'e51758fa916c881624b046d26bd09230', '1663f3faba244d16c94552f849627d84', NULL);
INSERT INTO `sys_role_permission` VALUES ('115a6673ae6c0816d3f60de221520274', '21c5a3187763729408b40afb0d0fdfa8', '63b551e81c5956d5c861593d366d8c57', NULL);
INSERT INTO `sys_role_permission` VALUES ('1185039870491439105', 'f6817f48af4fb3af11b9e8bf182f618b', '1174506953255182338', NULL);
INSERT INTO `sys_role_permission` VALUES ('1185039870529187841', 'f6817f48af4fb3af11b9e8bf182f618b', '1174590283938041857', NULL);
INSERT INTO `sys_role_permission` VALUES ('1185039870537576450', 'f6817f48af4fb3af11b9e8bf182f618b', '1166535831146504193', NULL);
INSERT INTO `sys_role_permission` VALUES ('1197431682208206850', 'f6817f48af4fb3af11b9e8bf182f618b', '1192318987661234177', NULL);
INSERT INTO `sys_role_permission` VALUES ('1197795315916271617', 'f6817f48af4fb3af11b9e8bf182f618b', '109c78a583d4693ce2f16551b7786786', NULL);
INSERT INTO `sys_role_permission` VALUES ('1197795316268593154', 'f6817f48af4fb3af11b9e8bf182f618b', '9fe26464838de2ea5e90f2367e35efa0', NULL);
INSERT INTO `sys_role_permission` VALUES ('1209423530518761473', 'f6817f48af4fb3af11b9e8bf182f618b', '1205097455226462210', NULL);
INSERT INTO `sys_role_permission` VALUES ('1209423530594258945', 'f6817f48af4fb3af11b9e8bf182f618b', '1205098241075453953', NULL);
INSERT INTO `sys_role_permission` VALUES ('1209423530606841858', 'f6817f48af4fb3af11b9e8bf182f618b', '1205306106780364802', NULL);
INSERT INTO `sys_role_permission` VALUES ('1209423580355481602', 'f6817f48af4fb3af11b9e8bf182f618b', '190c2b43bec6a5f7a4194a85db67d96a', NULL);
INSERT INTO `sys_role_permission` VALUES ('1209654501558046722', 'f6817f48af4fb3af11b9e8bf182f618b', 'f2849d3814fc97993bfc519ae6bbf049', NULL);
INSERT INTO `sys_role_permission` VALUES ('1231590078632955905', 'f6817f48af4fb3af11b9e8bf182f618b', '1224641973866467330', NULL);
INSERT INTO `sys_role_permission` VALUES ('1231590078658121729', 'f6817f48af4fb3af11b9e8bf182f618b', '1209731624921534465', NULL);
INSERT INTO `sys_role_permission` VALUES ('1231590078662316033', 'f6817f48af4fb3af11b9e8bf182f618b', '1229674163694841857', NULL);
INSERT INTO `sys_role_permission` VALUES ('1232123957949304833', 'ee8626f80f7c2619917b6236f3a7f02b', 'f0675b52d89100ee88472b6800754a08', NULL);
INSERT INTO `sys_role_permission` VALUES ('1232123957978664962', 'ee8626f80f7c2619917b6236f3a7f02b', '1232123780958064642', NULL);
INSERT INTO `sys_role_permission` VALUES ('1232123957978664963', 'ee8626f80f7c2619917b6236f3a7f02b', '020b06793e4de2eee0007f603000c769', NULL);
INSERT INTO `sys_role_permission` VALUES ('1232123957987053570', 'ee8626f80f7c2619917b6236f3a7f02b', '2aeddae571695cd6380f6d6d334d6e7d', NULL);
INSERT INTO `sys_role_permission` VALUES ('1232124727411150850', 'f6817f48af4fb3af11b9e8bf182f618b', '1232123780958064642', NULL);
INSERT INTO `sys_role_permission` VALUES ('1232125488694104066', 'ee8626f80f7c2619917b6236f3a7f02b', 'e41b69c57a941a3bbcce45032fe57605', NULL);
INSERT INTO `sys_role_permission` VALUES ('126ea9faebeec2b914d6d9bef957afb6', 'f6817f48af4fb3af11b9e8bf182f618b', 'f1cb187abf927c88b89470d08615f5ac', NULL);
INSERT INTO `sys_role_permission` VALUES ('1316278377954394114', '1169504891467464705', 'f0675b52d89100ee88472b6800754a08', NULL);
INSERT INTO `sys_role_permission` VALUES ('1316278377971171329', '1169504891467464705', '9502685863ab87f0ad1134142788a385', NULL);
INSERT INTO `sys_role_permission` VALUES ('1316278377971171330', '1169504891467464705', '2aeddae571695cd6380f6d6d334d6e7d', NULL);
INSERT INTO `sys_role_permission` VALUES ('1316278583387209730', '1169504891467464705', '020b06793e4de2eee0007f603000c769', NULL);
INSERT INTO `sys_role_permission` VALUES ('1316278603654086658', '1169504891467464705', '1232123780958064642', NULL);
INSERT INTO `sys_role_permission` VALUES ('1316278646784114690', '1169504891467464705', '1205097455226462210', NULL);
INSERT INTO `sys_role_permission` VALUES ('1316278856054718465', 'e51758fa916c881624b046d26bd09230', '1663f3faba244d16c94552f849627d84', NULL);
INSERT INTO `sys_role_permission` VALUES ('1316278856054718466', 'e51758fa916c881624b046d26bd09230', '693ce69af3432bd00be13c3971a57961', NULL);
INSERT INTO `sys_role_permission` VALUES ('1316278856054718467', 'e51758fa916c881624b046d26bd09230', 'a400e4f4d54f79bf5ce160a3432231af', NULL);
INSERT INTO `sys_role_permission` VALUES ('1316278856054718468', 'e51758fa916c881624b046d26bd09230', 'a44c30db536349e91106223957e684eb', NULL);
INSERT INTO `sys_role_permission` VALUES ('1322520345365753858', 'f6817f48af4fb3af11b9e8bf182f618b', '1322510352537137153', NULL);
INSERT INTO `sys_role_permission` VALUES ('1322520345378336769', 'f6817f48af4fb3af11b9e8bf182f618b', '1322510550504091650', NULL);
INSERT INTO `sys_role_permission` VALUES ('1322520345382531074', 'f6817f48af4fb3af11b9e8bf182f618b', '1322512556564197378', NULL);
INSERT INTO `sys_role_permission` VALUES ('1322520345382531075', 'f6817f48af4fb3af11b9e8bf182f618b', '1322512813356265474', NULL);
INSERT INTO `sys_role_permission` VALUES ('1322520345386725377', 'f6817f48af4fb3af11b9e8bf182f618b', '1322512939797753857', NULL);
INSERT INTO `sys_role_permission` VALUES ('1322520345386725378', 'f6817f48af4fb3af11b9e8bf182f618b', '1322513338608955394', NULL);
INSERT INTO `sys_role_permission` VALUES ('1322520345390919682', 'f6817f48af4fb3af11b9e8bf182f618b', '1322513475829805057', NULL);
INSERT INTO `sys_role_permission` VALUES ('1322520345390919683', 'f6817f48af4fb3af11b9e8bf182f618b', '1322513605668679681', NULL);
INSERT INTO `sys_role_permission` VALUES ('1322520345395113986', 'f6817f48af4fb3af11b9e8bf182f618b', '1322513736619044866', NULL);
INSERT INTO `sys_role_permission` VALUES ('1322520345395113987', 'f6817f48af4fb3af11b9e8bf182f618b', '1322513874989133825', NULL);
INSERT INTO `sys_role_permission` VALUES ('1322520345395113988', 'f6817f48af4fb3af11b9e8bf182f618b', '1322514502884831233', NULL);
INSERT INTO `sys_role_permission` VALUES ('1322520345399308289', 'f6817f48af4fb3af11b9e8bf182f618b', '1322517488704991233', NULL);
INSERT INTO `sys_role_permission` VALUES ('1322520345399308291', 'f6817f48af4fb3af11b9e8bf182f618b', '1322517775868014594', NULL);
INSERT INTO `sys_role_permission` VALUES ('1322520345403502594', 'f6817f48af4fb3af11b9e8bf182f618b', '1322518098368049153', NULL);
INSERT INTO `sys_role_permission` VALUES ('1322520345407696898', 'f6817f48af4fb3af11b9e8bf182f618b', '1322518332271800321', NULL);
INSERT INTO `sys_role_permission` VALUES ('1322520345411891201', 'f6817f48af4fb3af11b9e8bf182f618b', '1322518511003676674', NULL);
INSERT INTO `sys_role_permission` VALUES ('1322520345411891203', 'f6817f48af4fb3af11b9e8bf182f618b', '1322518627953455106', NULL);
INSERT INTO `sys_role_permission` VALUES ('1322520345416085507', 'f6817f48af4fb3af11b9e8bf182f618b', '1322518835743469570', NULL);
INSERT INTO `sys_role_permission` VALUES ('1322520345416085508', 'f6817f48af4fb3af11b9e8bf182f618b', '1322518940718510081', NULL);
INSERT INTO `sys_role_permission` VALUES ('1322520727479431170', 'f6817f48af4fb3af11b9e8bf182f618b', '1322510772550545410', NULL);
INSERT INTO `sys_role_permission` VALUES ('1322520727487819777', 'f6817f48af4fb3af11b9e8bf182f618b', '1322510958609870849', NULL);
INSERT INTO `sys_role_permission` VALUES ('1322520727487819778', 'f6817f48af4fb3af11b9e8bf182f618b', '1322511142429437953', NULL);
INSERT INTO `sys_role_permission` VALUES ('1322520727487819779', 'f6817f48af4fb3af11b9e8bf182f618b', '1322511342875226114', NULL);
INSERT INTO `sys_role_permission` VALUES ('1323236644148514817', 'f6817f48af4fb3af11b9e8bf182f618b', '1323236521490288641', NULL);
INSERT INTO `sys_role_permission` VALUES ('1323499014514937857', 'f6817f48af4fb3af11b9e8bf182f618b', '1323437709271633921', NULL);
INSERT INTO `sys_role_permission` VALUES ('1323515539477106690', 'f6817f48af4fb3af11b9e8bf182f618b', '1323515504739880962', NULL);
INSERT INTO `sys_role_permission` VALUES ('145eac8dd88eddbd4ce0a800ab40a92c', 'e51758fa916c881624b046d26bd09230', '08e6b9dc3c04489c8e1ff2ce6f105aa4', NULL);
INSERT INTO `sys_role_permission` VALUES ('154edd0599bd1dc2c7de220b489cd1e2', 'f6817f48af4fb3af11b9e8bf182f618b', '7ac9eb9ccbde2f7a033cd4944272bf1e', NULL);
INSERT INTO `sys_role_permission` VALUES ('165acd6046a0eaf975099f46a3c898ea', 'f6817f48af4fb3af11b9e8bf182f618b', '4f66409ef3bbd69c1d80469d6e2a885e', NULL);
INSERT INTO `sys_role_permission` VALUES ('1664b92dff13e1575e3a929caa2fa14d', 'f6817f48af4fb3af11b9e8bf182f618b', 'd2bbf9ebca5a8fa2e227af97d2da7548', NULL);
INSERT INTO `sys_role_permission` VALUES ('16ef8ed3865ccc6f6306200760896c50', 'ee8626f80f7c2619917b6236f3a7f02b', 'e8af452d8948ea49d37c934f5100ae6a', NULL);
INSERT INTO `sys_role_permission` VALUES ('17ead5b7d97ed365398ab20009a69ea3', '52b0cf022ac4187b2a70dfa4f8b2d940', 'e08cb190ef230d5d4f03824198773950', NULL);
INSERT INTO `sys_role_permission` VALUES ('1ac1688ef8456f384091a03d88a89ab1', '52b0cf022ac4187b2a70dfa4f8b2d940', '693ce69af3432bd00be13c3971a57961', NULL);
INSERT INTO `sys_role_permission` VALUES ('1af4babaa4227c3cbb830bc5eb513abb', 'ee8626f80f7c2619917b6236f3a7f02b', 'e08cb190ef230d5d4f03824198773950', NULL);
INSERT INTO `sys_role_permission` VALUES ('1ba162bbc2076c25561f8622f610d5bf', 'ee8626f80f7c2619917b6236f3a7f02b', 'aedbf679b5773c1f25e9f7b10111da73', NULL);
INSERT INTO `sys_role_permission` VALUES ('1c1dbba68ef1817e7fb19c822d2854e8', 'f6817f48af4fb3af11b9e8bf182f618b', 'fb367426764077dcf94640c843733985', NULL);
INSERT INTO `sys_role_permission` VALUES ('1c55c4ced20765b8ebab383caa60f0b6', 'e51758fa916c881624b046d26bd09230', 'fb367426764077dcf94640c843733985', NULL);
INSERT INTO `sys_role_permission` VALUES ('1e099baeae01b747d67aca06bdfc34d1', 'e51758fa916c881624b046d26bd09230', '6ad53fd1b220989a8b71ff482d683a5a', NULL);
INSERT INTO `sys_role_permission` VALUES ('1e47db875601fd97723254046b5bba90', 'f6817f48af4fb3af11b9e8bf182f618b', 'baf16b7174bd821b6bab23fa9abb200d', NULL);
INSERT INTO `sys_role_permission` VALUES ('1fe4d408b85f19618c15bcb768f0ec22', '1750a8fb3e6d90cb7957c02de1dc8e59', '9502685863ab87f0ad1134142788a385', NULL);
INSERT INTO `sys_role_permission` VALUES ('20e53c87a785688bdc0a5bb6de394ef1', 'f6817f48af4fb3af11b9e8bf182f618b', '540a2936940846cb98114ffb0d145cb8', NULL);
INSERT INTO `sys_role_permission` VALUES ('248d288586c6ff3bd14381565df84163', '52b0cf022ac4187b2a70dfa4f8b2d940', '3f915b2769fc80648e92d04e84ca059d', NULL);
INSERT INTO `sys_role_permission` VALUES ('25491ecbd5a9b34f09c8bc447a10ede1', 'f6817f48af4fb3af11b9e8bf182f618b', 'd07a2c87a451434c99ab06296727ec4f', NULL);
INSERT INTO `sys_role_permission` VALUES ('25f5443f19c34d99718a016d5f54112e', 'ee8626f80f7c2619917b6236f3a7f02b', '6e73eb3c26099c191bf03852ee1310a1', NULL);
INSERT INTO `sys_role_permission` VALUES ('27489816708b18859768dfed5945c405', 'a799c3b1b12dd3ed4bd046bfaef5fe6e', '9502685863ab87f0ad1134142788a385', NULL);
INSERT INTO `sys_role_permission` VALUES ('2779cdea8367fff37db26a42c1a1f531', 'f6817f48af4fb3af11b9e8bf182f618b', 'fef097f3903caf3a3c3a6efa8de43fbb', NULL);
INSERT INTO `sys_role_permission` VALUES ('296f9c75ca0e172ae5ce4c1022c996df', '646c628b2b8295fbdab2d34044de0354', '732d48f8e0abe99fe6a23d18a3171cd1', NULL);
INSERT INTO `sys_role_permission` VALUES ('29fb4d37aa29b9fa400f389237cf9fe7', 'ee8626f80f7c2619917b6236f3a7f02b', '05b3c82ddb2536a4a5ee1a4c46b5abef', NULL);
INSERT INTO `sys_role_permission` VALUES ('29fb6b0ad59a7e911c8d27e0bdc42d23', 'f6817f48af4fb3af11b9e8bf182f618b', '9a90363f216a6a08f32eecb3f0bf12a3', NULL);
INSERT INTO `sys_role_permission` VALUES ('2ad37346c1b83ddeebc008f6987b2227', 'f6817f48af4fb3af11b9e8bf182f618b', '8d1ebd663688965f1fd86a2f0ead3416', NULL);
INSERT INTO `sys_role_permission` VALUES ('2c462293cbb0eab7e8ae0a3600361b5f', '52b0cf022ac4187b2a70dfa4f8b2d940', '9502685863ab87f0ad1134142788a385', NULL);
INSERT INTO `sys_role_permission` VALUES ('2dc1a0eb5e39aaa131ddd0082a492d76', 'ee8626f80f7c2619917b6236f3a7f02b', '08e6b9dc3c04489c8e1ff2ce6f105aa4', NULL);
INSERT INTO `sys_role_permission` VALUES ('2ea2382af618ba7d1e80491a0185fb8a', 'ee8626f80f7c2619917b6236f3a7f02b', 'f23d9bfff4d9aa6b68569ba2cff38415', NULL);
INSERT INTO `sys_role_permission` VALUES ('2fcfa2ac3dcfadc7c67107dae9a0de6d', 'ee8626f80f7c2619917b6236f3a7f02b', '73678f9daa45ed17a3674131b03432fb', NULL);
INSERT INTO `sys_role_permission` VALUES ('2fdaed22dfa4c8d4629e44ef81688c6a', '52b0cf022ac4187b2a70dfa4f8b2d940', 'aedbf679b5773c1f25e9f7b10111da73', NULL);
INSERT INTO `sys_role_permission` VALUES ('300c462b7fec09e2ff32574ef8b3f0bd', '52b0cf022ac4187b2a70dfa4f8b2d940', '2a470fc0c3954d9dbb61de6d80846549', NULL);
INSERT INTO `sys_role_permission` VALUES ('326181da3248a62a05e872119a462be1', 'ee8626f80f7c2619917b6236f3a7f02b', '3f915b2769fc80648e92d04e84ca059d', NULL);
INSERT INTO `sys_role_permission` VALUES ('3369650f5072b330543f8caa556b1b33', 'e51758fa916c881624b046d26bd09230', 'a400e4f4d54f79bf5ce160ae432231af', NULL);
INSERT INTO `sys_role_permission` VALUES ('35a7e156c20e93aa7e825fe514bf9787', 'e51758fa916c881624b046d26bd09230', 'c6cf95444d80435eb37b2f9db3971ae6', NULL);
INSERT INTO `sys_role_permission` VALUES ('35ac7cae648de39eb56213ca1b649713', '52b0cf022ac4187b2a70dfa4f8b2d940', 'b1cb0a3fedf7ed0e4653cb5a229837ee', NULL);
INSERT INTO `sys_role_permission` VALUES ('37112f4d372541e105473f18da3dc50d', 'ee8626f80f7c2619917b6236f3a7f02b', 'a400e4f4d54f79bf5ce160ae432231af', NULL);
INSERT INTO `sys_role_permission` VALUES ('37789f70cd8bd802c4a69e9e1f633eaa', 'ee8626f80f7c2619917b6236f3a7f02b', 'ae4fed059f67086fd52a73d913cf473d', NULL);
INSERT INTO `sys_role_permission` VALUES ('381504a717cb3ce77dcd4070c9689a7e', 'ee8626f80f7c2619917b6236f3a7f02b', '4f84f9400e5e92c95f05b554724c2b58', NULL);
INSERT INTO `sys_role_permission` VALUES ('38a2e55db0960262800576e34b3af44c', 'f6817f48af4fb3af11b9e8bf182f618b', '5c2f42277948043026b7a14692456828', NULL);
INSERT INTO `sys_role_permission` VALUES ('38dd7a19711e7ffe864232954c06fae9', 'e51758fa916c881624b046d26bd09230', 'd2bbf9ebca5a8fa2e227af97d2da7548', NULL);
INSERT INTO `sys_role_permission` VALUES ('3b1886f727ac503c93fecdd06dcb9622', 'f6817f48af4fb3af11b9e8bf182f618b', 'c431130c0bc0ec71b0a5be37747bb36a', NULL);
INSERT INTO `sys_role_permission` VALUES ('3de2a60c7e42a521fecf6fcc5cb54978', 'f6817f48af4fb3af11b9e8bf182f618b', '2d83d62bd2544b8994c8f38cf17b0ddf', NULL);
INSERT INTO `sys_role_permission` VALUES ('3e4e38f748b8d87178dd62082e5b7b60', 'f6817f48af4fb3af11b9e8bf182f618b', '7960961b0063228937da5fa8dd73d371', NULL);
INSERT INTO `sys_role_permission` VALUES ('3e563751942b0879c88ca4de19757b50', '1750a8fb3e6d90cb7957c02de1dc8e59', '58857ff846e61794c69208e9d3a85466', NULL);
INSERT INTO `sys_role_permission` VALUES ('3f1d04075e3c3254666a4138106a4e51', 'f6817f48af4fb3af11b9e8bf182f618b', '3fac0d3c9cd40fa53ab70d4c583821f8', NULL);
INSERT INTO `sys_role_permission` VALUES ('412e2de37a35b3442d68db8dd2f3c190', '52b0cf022ac4187b2a70dfa4f8b2d940', 'f1cb187abf927c88b89470d08615f5ac', NULL);
INSERT INTO `sys_role_permission` VALUES ('4204f91fb61911ba8ce40afa7c02369f', 'f6817f48af4fb3af11b9e8bf182f618b', '3f915b2769fc80648e92d04e84ca059d', NULL);
INSERT INTO `sys_role_permission` VALUES ('439568ff7db6f329bf6dd45b3dfc9456', 'f6817f48af4fb3af11b9e8bf182f618b', '7593c9e3523a17bca83b8d7fe8a34e58', NULL);
INSERT INTO `sys_role_permission` VALUES ('444126230885d5d38b8fa6072c9f43f8', 'f6817f48af4fb3af11b9e8bf182f618b', 'f780d0d3083d849ccbdb1b1baee4911d', NULL);
INSERT INTO `sys_role_permission` VALUES ('445656dd187bd8a71605f4bbab1938a3', 'f6817f48af4fb3af11b9e8bf182f618b', '020b06793e4de2eee0007f603000c769', NULL);
INSERT INTO `sys_role_permission` VALUES ('44b5a73541bcb854dd5d38c6d1fb93a1', 'ee8626f80f7c2619917b6236f3a7f02b', '418964ba087b90a84897b62474496b93', NULL);
INSERT INTO `sys_role_permission` VALUES ('455cdb482457f529b79b479a2ff74427', 'f6817f48af4fb3af11b9e8bf182f618b', 'e1979bb53e9ea51cecc74d86fd9d2f64', NULL);
INSERT INTO `sys_role_permission` VALUES ('459aa2e7021b435b4d65414cfbc71c66', 'e51758fa916c881624b046d26bd09230', '4148ec82b6acd69f470bea75fe41c357', NULL);
INSERT INTO `sys_role_permission` VALUES ('45a358bb738782d1a0edbf7485e81459', 'f6817f48af4fb3af11b9e8bf182f618b', '0ac2ad938963b6c6d1af25477d5b8b51', NULL);
INSERT INTO `sys_role_permission` VALUES ('4c0940badae3ef9231ee9d042338f2a4', 'e51758fa916c881624b046d26bd09230', '2a470fc0c3954d9dbb61de6d80846549', NULL);
INSERT INTO `sys_role_permission` VALUES ('4d56ce2f67c94b74a1d3abdbea340e42', 'ee8626f80f7c2619917b6236f3a7f02b', 'd86f58e7ab516d3bc6bfb1fe10585f97', NULL);
INSERT INTO `sys_role_permission` VALUES ('4dab5a06acc8ef3297889872caa74747', 'f6817f48af4fb3af11b9e8bf182f618b', 'ffb423d25cc59dcd0532213c4a518261', NULL);
INSERT INTO `sys_role_permission` VALUES ('4e0a37ed49524df5f08fc6593aee875c', 'f6817f48af4fb3af11b9e8bf182f618b', 'f23d9bfff4d9aa6b68569ba2cff38415', NULL);
INSERT INTO `sys_role_permission` VALUES ('4ea403fc1d19feb871c8bdd9f94a4ecc', 'f6817f48af4fb3af11b9e8bf182f618b', '2e42e3835c2b44ec9f7bc26c146ee531', NULL);
INSERT INTO `sys_role_permission` VALUES ('4f254549d9498f06f4cc9b23f3e2c070', 'f6817f48af4fb3af11b9e8bf182f618b', '93d5cfb4448f11e9916698e7f462b4b6', NULL);
INSERT INTO `sys_role_permission` VALUES ('4f2fd4a190db856e21476de2704bbd99', 'f6817f48af4fb3af11b9e8bf182f618b', '1a0811914300741f4e11838ff37a1d3a', NULL);
INSERT INTO `sys_role_permission` VALUES ('4faad8ff93cb2b5607cd3d07c1b624ee', 'a799c3b1b12dd3ed4bd046bfaef5fe6e', '70b8f33da5f39de1981bf89cf6c99792', NULL);
INSERT INTO `sys_role_permission` VALUES ('504e326de3f03562cdd186748b48a8c7', 'f6817f48af4fb3af11b9e8bf182f618b', '027aee69baee98a0ed2e01806e89c891', NULL);
INSERT INTO `sys_role_permission` VALUES ('520b5989e6fe4a302a573d4fee12a40a', 'f6817f48af4fb3af11b9e8bf182f618b', '6531cf3421b1265aeeeabaab5e176e6d', NULL);
INSERT INTO `sys_role_permission` VALUES ('54fdf85e52807bdb32ce450814abc256', 'f6817f48af4fb3af11b9e8bf182f618b', 'cc50656cf9ca528e6f2150eba4714ad2', NULL);
INSERT INTO `sys_role_permission` VALUES ('57c0b3a547b815ea3ec8e509b08948b3', '1750a8fb3e6d90cb7957c02de1dc8e59', '3f915b2769fc80648e92d04e84ca059d', NULL);
INSERT INTO `sys_role_permission` VALUES ('593ee05c4fe4645c7826b7d5e14f23ec', '52b0cf022ac4187b2a70dfa4f8b2d940', '8fb8172747a78756c11916216b8b8066', NULL);
INSERT INTO `sys_role_permission` VALUES ('5affc85021fcba07d81c09a6fdfa8dc6', 'ee8626f80f7c2619917b6236f3a7f02b', '078f9558cdeab239aecb2bda1a8ed0d1', NULL);
INSERT INTO `sys_role_permission` VALUES ('5d230e6cd2935c4117f6cb9a7a749e39', 'f6817f48af4fb3af11b9e8bf182f618b', 'fc810a2267dd183e4ef7c71cc60f4670', NULL);
INSERT INTO `sys_role_permission` VALUES ('5de6871fadb4fe1cdd28989da0126b07', 'f6817f48af4fb3af11b9e8bf182f618b', 'a400e4f4d54f79bf5ce160a3432231af', NULL);
INSERT INTO `sys_role_permission` VALUES ('5e4015a9a641cbf3fb5d28d9f885d81a', 'f6817f48af4fb3af11b9e8bf182f618b', '2dbbafa22cda07fa5d169d741b81fe12', NULL);
INSERT INTO `sys_role_permission` VALUES ('5e634a89f75b7a421c02aecfd520325f', 'e51758fa916c881624b046d26bd09230', '339329ed54cf255e1f9392e84f136901', NULL);
INSERT INTO `sys_role_permission` VALUES ('5e74637c4bec048d1880ad0bd1b00552', 'e51758fa916c881624b046d26bd09230', 'a400e4f4d54f79bf5ce160a3432231af', NULL);
INSERT INTO `sys_role_permission` VALUES ('5fc194b709336d354640fe29fefd65a3', 'a799c3b1b12dd3ed4bd046bfaef5fe6e', '9ba60e626bf2882c31c488aba62b89f0', NULL);
INSERT INTO `sys_role_permission` VALUES ('60eda4b4db138bdb47edbe8e10e71675', 'f6817f48af4fb3af11b9e8bf182f618b', 'fb07ca05a3e13674dbf6d3245956da2e', NULL);
INSERT INTO `sys_role_permission` VALUES ('61835e48f3e675f7d3f5c9dd3a10dcf3', 'f6817f48af4fb3af11b9e8bf182f618b', 'f0675b52d89100ee88472b6800754a08', NULL);
INSERT INTO `sys_role_permission` VALUES ('6451dac67ba4acafb570fd6a03f47460', 'ee8626f80f7c2619917b6236f3a7f02b', 'e3c13679c73a4f829bcff2aba8fd68b1', NULL);
INSERT INTO `sys_role_permission` VALUES ('660fbc40bcb1044738f7cabdf1708c28', 'f6817f48af4fb3af11b9e8bf182f618b', 'b3c824fc22bd953e2eb16ae6914ac8f9', NULL);
INSERT INTO `sys_role_permission` VALUES ('66b202f8f84fe766176b3f51071836ef', 'f6817f48af4fb3af11b9e8bf182f618b', '1367a93f2c410b169faa7abcbad2f77c', NULL);
INSERT INTO `sys_role_permission` VALUES ('6b605c261ffbc8ac8a98ae33579c8c78', 'f6817f48af4fb3af11b9e8bf182f618b', 'fba41089766888023411a978d13c0aa4', NULL);
INSERT INTO `sys_role_permission` VALUES ('6c43fd3f10fdaf2a0646434ae68709b5', 'ee8626f80f7c2619917b6236f3a7f02b', '540a2936940846cb98114ffb0d145cb8', NULL);
INSERT INTO `sys_role_permission` VALUES ('6c74518eb6bb9a353f6a6c459c77e64b', 'f6817f48af4fb3af11b9e8bf182f618b', 'b4dfc7d5dd9e8d5b6dd6d4579b1aa559', NULL);
INSERT INTO `sys_role_permission` VALUES ('6daddafacd7eccb91309530c17c5855d', 'f6817f48af4fb3af11b9e8bf182f618b', 'edfa74d66e8ea63ea432c2910837b150', NULL);
INSERT INTO `sys_role_permission` VALUES ('6fb4c2142498dd6d5b6c014ef985cb66', 'f6817f48af4fb3af11b9e8bf182f618b', '6e73eb3c26099c191bf03852ee1310a1', NULL);
INSERT INTO `sys_role_permission` VALUES ('71a5f54a90aa8c7a250a38b7dba39f6f', 'ee8626f80f7c2619917b6236f3a7f02b', '8fb8172747a78756c11916216b8b8066', NULL);
INSERT INTO `sys_role_permission` VALUES ('737d35f582036cd18bfd4c8e5748eaa4', 'e51758fa916c881624b046d26bd09230', '693ce69af3432bd00be13c3971a57961', NULL);
INSERT INTO `sys_role_permission` VALUES ('7413acf23b56c906aedb5a36fb75bd3a', 'f6817f48af4fb3af11b9e8bf182f618b', 'a4fc7b64b01a224da066bb16230f9c5a', NULL);
INSERT INTO `sys_role_permission` VALUES ('75002588591820806', '16457350655250432', '5129710648430592', NULL);
INSERT INTO `sys_role_permission` VALUES ('75002588604403712', '16457350655250432', '5129710648430593', NULL);
INSERT INTO `sys_role_permission` VALUES ('75002588612792320', '16457350655250432', '40238597734928384', NULL);
INSERT INTO `sys_role_permission` VALUES ('75002588625375232', '16457350655250432', '57009744761589760', NULL);
INSERT INTO `sys_role_permission` VALUES ('75002588633763840', '16457350655250432', '16392452747300864', NULL);
INSERT INTO `sys_role_permission` VALUES ('75002588637958144', '16457350655250432', '16392767785668608', NULL);
INSERT INTO `sys_role_permission` VALUES ('75002588650541056', '16457350655250432', '16439068543946752', NULL);
INSERT INTO `sys_role_permission` VALUES ('76a54a8cc609754360bf9f57e7dbb2db', 'f6817f48af4fb3af11b9e8bf182f618b', 'c65321e57b7949b7a975313220de0422', NULL);
INSERT INTO `sys_role_permission` VALUES ('77277779875336192', '496138616573952', '5129710648430592', NULL);
INSERT INTO `sys_role_permission` VALUES ('77277780043108352', '496138616573952', '5129710648430593', NULL);
INSERT INTO `sys_role_permission` VALUES ('77277780055691264', '496138616573952', '15701400130424832', NULL);
INSERT INTO `sys_role_permission` VALUES ('77277780064079872', '496138616573952', '16678126574637056', NULL);
INSERT INTO `sys_role_permission` VALUES ('77277780072468480', '496138616573952', '15701915807518720', NULL);
INSERT INTO `sys_role_permission` VALUES ('77277780076662784', '496138616573952', '15708892205944832', NULL);
INSERT INTO `sys_role_permission` VALUES ('77277780085051392', '496138616573952', '16678447719911424', NULL);
INSERT INTO `sys_role_permission` VALUES ('77277780089245696', '496138616573952', '25014528525733888', NULL);
INSERT INTO `sys_role_permission` VALUES ('77277780097634304', '496138616573952', '56898976661639168', NULL);
INSERT INTO `sys_role_permission` VALUES ('77277780135383040', '496138616573952', '40238597734928384', NULL);
INSERT INTO `sys_role_permission` VALUES ('77277780139577344', '496138616573952', '45235621697949696', NULL);
INSERT INTO `sys_role_permission` VALUES ('77277780147965952', '496138616573952', '45235787867885568', NULL);
INSERT INTO `sys_role_permission` VALUES ('77277780156354560', '496138616573952', '45235939278065664', NULL);
INSERT INTO `sys_role_permission` VALUES ('77277780164743168', '496138616573952', '43117268627886080', NULL);
INSERT INTO `sys_role_permission` VALUES ('77277780168937472', '496138616573952', '45236734832676864', NULL);
INSERT INTO `sys_role_permission` VALUES ('77277780181520384', '496138616573952', '45237010692050944', NULL);
INSERT INTO `sys_role_permission` VALUES ('77277780189908992', '496138616573952', '45237170029465600', NULL);
INSERT INTO `sys_role_permission` VALUES ('77277780198297600', '496138616573952', '57009544286441472', NULL);
INSERT INTO `sys_role_permission` VALUES ('77277780206686208', '496138616573952', '57009744761589760', NULL);
INSERT INTO `sys_role_permission` VALUES ('77277780215074816', '496138616573952', '57009981228060672', NULL);
INSERT INTO `sys_role_permission` VALUES ('77277780219269120', '496138616573952', '56309618086776832', NULL);
INSERT INTO `sys_role_permission` VALUES ('77277780227657728', '496138616573952', '57212882168844288', NULL);
INSERT INTO `sys_role_permission` VALUES ('77277780236046336', '496138616573952', '61560041605435392', NULL);
INSERT INTO `sys_role_permission` VALUES ('77277780244434944', '496138616573952', '61560275261722624', NULL);
INSERT INTO `sys_role_permission` VALUES ('77277780257017856', '496138616573952', '61560480518377472', NULL);
INSERT INTO `sys_role_permission` VALUES ('77277780265406464', '496138616573952', '44986029924421632', NULL);
INSERT INTO `sys_role_permission` VALUES ('77277780324126720', '496138616573952', '45235228800716800', NULL);
INSERT INTO `sys_role_permission` VALUES ('77277780332515328', '496138616573952', '45069342940860416', NULL);
INSERT INTO `sys_role_permission` VALUES ('77277780340903937', '496138616573952', '5129710648430594', NULL);
INSERT INTO `sys_role_permission` VALUES ('77277780349292544', '496138616573952', '16687383932047360', NULL);
INSERT INTO `sys_role_permission` VALUES ('77277780357681152', '496138616573952', '16689632049631232', NULL);
INSERT INTO `sys_role_permission` VALUES ('77277780366069760', '496138616573952', '16689745006432256', NULL);
INSERT INTO `sys_role_permission` VALUES ('77277780370264064', '496138616573952', '16689883993083904', NULL);
INSERT INTO `sys_role_permission` VALUES ('77277780374458369', '496138616573952', '16690313745666048', NULL);
INSERT INTO `sys_role_permission` VALUES ('77277780387041280', '496138616573952', '5129710648430595', NULL);
INSERT INTO `sys_role_permission` VALUES ('77277780395429888', '496138616573952', '16694861252005888', NULL);
INSERT INTO `sys_role_permission` VALUES ('77277780403818496', '496138616573952', '16695107491205120', NULL);
INSERT INTO `sys_role_permission` VALUES ('77277780412207104', '496138616573952', '16695243126607872', NULL);
INSERT INTO `sys_role_permission` VALUES ('77277780420595712', '496138616573952', '75002207560273920', NULL);
INSERT INTO `sys_role_permission` VALUES ('77277780428984320', '496138616573952', '76215889006956544', NULL);
INSERT INTO `sys_role_permission` VALUES ('77277780433178624', '496138616573952', '76216071333351424', NULL);
INSERT INTO `sys_role_permission` VALUES ('77277780441567232', '496138616573952', '76216264070008832', NULL);
INSERT INTO `sys_role_permission` VALUES ('77277780449955840', '496138616573952', '76216459709124608', NULL);
INSERT INTO `sys_role_permission` VALUES ('77277780458344448', '496138616573952', '76216594207870976', NULL);
INSERT INTO `sys_role_permission` VALUES ('77277780466733056', '496138616573952', '76216702639017984', NULL);
INSERT INTO `sys_role_permission` VALUES ('77277780475121664', '496138616573952', '58480609315524608', NULL);
INSERT INTO `sys_role_permission` VALUES ('77277780483510272', '496138616573952', '61394706252173312', NULL);
INSERT INTO `sys_role_permission` VALUES ('77277780491898880', '496138616573952', '61417744146370560', NULL);
INSERT INTO `sys_role_permission` VALUES ('77277780496093184', '496138616573952', '76606430504816640', NULL);
INSERT INTO `sys_role_permission` VALUES ('77277780504481792', '496138616573952', '76914082455752704', NULL);
INSERT INTO `sys_role_permission` VALUES ('77277780508676097', '496138616573952', '76607201262702592', NULL);
INSERT INTO `sys_role_permission` VALUES ('77277780517064704', '496138616573952', '39915540965232640', NULL);
INSERT INTO `sys_role_permission` VALUES ('77277780525453312', '496138616573952', '41370251991977984', NULL);
INSERT INTO `sys_role_permission` VALUES ('77277780538036224', '496138616573952', '45264987354042368', NULL);
INSERT INTO `sys_role_permission` VALUES ('77277780546424832', '496138616573952', '45265487029866496', NULL);
INSERT INTO `sys_role_permission` VALUES ('77277780554813440', '496138616573952', '45265762415284224', NULL);
INSERT INTO `sys_role_permission` VALUES ('77277780559007744', '496138616573952', '45265886315024384', NULL);
INSERT INTO `sys_role_permission` VALUES ('77277780567396352', '496138616573952', '45266070000373760', NULL);
INSERT INTO `sys_role_permission` VALUES ('77277780571590656', '496138616573952', '41363147411427328', NULL);
INSERT INTO `sys_role_permission` VALUES ('77277780579979264', '496138616573952', '41363537456533504', NULL);
INSERT INTO `sys_role_permission` VALUES ('77277780588367872', '496138616573952', '41364927394353152', NULL);
INSERT INTO `sys_role_permission` VALUES ('77277780596756480', '496138616573952', '41371711400054784', NULL);
INSERT INTO `sys_role_permission` VALUES ('77277780605145088', '496138616573952', '41469219249852416', NULL);
INSERT INTO `sys_role_permission` VALUES ('77277780613533696', '496138616573952', '39916171171991552', NULL);
INSERT INTO `sys_role_permission` VALUES ('77277780621922304', '496138616573952', '39918482854252544', NULL);
INSERT INTO `sys_role_permission` VALUES ('77277780630310912', '496138616573952', '41373430515240960', NULL);
INSERT INTO `sys_role_permission` VALUES ('77277780718391296', '496138616573952', '41375330996326400', NULL);
INSERT INTO `sys_role_permission` VALUES ('77277780722585600', '496138616573952', '63741744973352960', NULL);
INSERT INTO `sys_role_permission` VALUES ('77277780730974208', '496138616573952', '42082442672082944', NULL);
INSERT INTO `sys_role_permission` VALUES ('77277780739362816', '496138616573952', '41376192166629376', NULL);
INSERT INTO `sys_role_permission` VALUES ('77277780747751424', '496138616573952', '41377034236071936', NULL);
INSERT INTO `sys_role_permission` VALUES ('77277780756140032', '496138616573952', '56911328312299520', NULL);
INSERT INTO `sys_role_permission` VALUES ('77277780764528640', '496138616573952', '41378916912336896', NULL);
INSERT INTO `sys_role_permission` VALUES ('77277780768722944', '496138616573952', '63482475359244288', NULL);
INSERT INTO `sys_role_permission` VALUES ('77277780772917249', '496138616573952', '64290663792906240', NULL);
INSERT INTO `sys_role_permission` VALUES ('77277780785500160', '496138616573952', '66790433014943744', NULL);
INSERT INTO `sys_role_permission` VALUES ('77277780789694464', '496138616573952', '42087054753927168', NULL);
INSERT INTO `sys_role_permission` VALUES ('77277780798083072', '496138616573952', '67027338952445952', NULL);
INSERT INTO `sys_role_permission` VALUES ('77277780806471680', '496138616573952', '67027909637836800', NULL);
INSERT INTO `sys_role_permission` VALUES ('77277780810665985', '496138616573952', '67042515441684480', NULL);
INSERT INTO `sys_role_permission` VALUES ('77277780823248896', '496138616573952', '67082402312228864', NULL);
INSERT INTO `sys_role_permission` VALUES ('77277780827443200', '496138616573952', '16392452747300864', NULL);
INSERT INTO `sys_role_permission` VALUES ('77277780835831808', '496138616573952', '16392767785668608', NULL);
INSERT INTO `sys_role_permission` VALUES ('77277780840026112', '496138616573952', '16438800255291392', NULL);
INSERT INTO `sys_role_permission` VALUES ('77277780844220417', '496138616573952', '16438962738434048', NULL);
INSERT INTO `sys_role_permission` VALUES ('77277780852609024', '496138616573952', '16439068543946752', NULL);
INSERT INTO `sys_role_permission` VALUES ('77277860062040064', '496138616573953', '5129710648430592', NULL);
INSERT INTO `sys_role_permission` VALUES ('77277860070428672', '496138616573953', '5129710648430593', NULL);
INSERT INTO `sys_role_permission` VALUES ('77277860078817280', '496138616573953', '40238597734928384', NULL);
INSERT INTO `sys_role_permission` VALUES ('77277860091400192', '496138616573953', '43117268627886080', NULL);
INSERT INTO `sys_role_permission` VALUES ('77277860099788800', '496138616573953', '57009744761589760', NULL);
INSERT INTO `sys_role_permission` VALUES ('77277860112371712', '496138616573953', '56309618086776832', NULL);
INSERT INTO `sys_role_permission` VALUES ('77277860120760320', '496138616573953', '44986029924421632', NULL);
INSERT INTO `sys_role_permission` VALUES ('77277860129148928', '496138616573953', '5129710648430594', NULL);
INSERT INTO `sys_role_permission` VALUES ('77277860141731840', '496138616573953', '5129710648430595', NULL);
INSERT INTO `sys_role_permission` VALUES ('77277860150120448', '496138616573953', '75002207560273920', NULL);
INSERT INTO `sys_role_permission` VALUES ('77277860158509056', '496138616573953', '58480609315524608', NULL);
INSERT INTO `sys_role_permission` VALUES ('77277860162703360', '496138616573953', '76606430504816640', NULL);
INSERT INTO `sys_role_permission` VALUES ('77277860171091968', '496138616573953', '76914082455752704', NULL);
INSERT INTO `sys_role_permission` VALUES ('77277860179480576', '496138616573953', '76607201262702592', NULL);
INSERT INTO `sys_role_permission` VALUES ('77277860187869184', '496138616573953', '39915540965232640', NULL);
INSERT INTO `sys_role_permission` VALUES ('77277860196257792', '496138616573953', '41370251991977984', NULL);
INSERT INTO `sys_role_permission` VALUES ('77277860204646400', '496138616573953', '41363147411427328', NULL);
INSERT INTO `sys_role_permission` VALUES ('77277860208840704', '496138616573953', '41371711400054784', NULL);
INSERT INTO `sys_role_permission` VALUES ('77277860213035009', '496138616573953', '39916171171991552', NULL);
INSERT INTO `sys_role_permission` VALUES ('77277860221423616', '496138616573953', '39918482854252544', NULL);
INSERT INTO `sys_role_permission` VALUES ('77277860225617920', '496138616573953', '41373430515240960', NULL);
INSERT INTO `sys_role_permission` VALUES ('77277860234006528', '496138616573953', '41375330996326400', NULL);
INSERT INTO `sys_role_permission` VALUES ('77277860242395136', '496138616573953', '63741744973352960', NULL);
INSERT INTO `sys_role_permission` VALUES ('77277860250783744', '496138616573953', '42082442672082944', NULL);
INSERT INTO `sys_role_permission` VALUES ('77277860254978048', '496138616573953', '41376192166629376', NULL);
INSERT INTO `sys_role_permission` VALUES ('77277860263366656', '496138616573953', '41377034236071936', NULL);
INSERT INTO `sys_role_permission` VALUES ('77277860271755264', '496138616573953', '56911328312299520', NULL);
INSERT INTO `sys_role_permission` VALUES ('77277860313698304', '496138616573953', '41378916912336896', NULL);
INSERT INTO `sys_role_permission` VALUES ('77277860322086912', '496138616573953', '63482475359244288', NULL);
INSERT INTO `sys_role_permission` VALUES ('77277860326281216', '496138616573953', '64290663792906240', NULL);
INSERT INTO `sys_role_permission` VALUES ('77277860334669824', '496138616573953', '66790433014943744', NULL);
INSERT INTO `sys_role_permission` VALUES ('77277860343058432', '496138616573953', '42087054753927168', NULL);
INSERT INTO `sys_role_permission` VALUES ('77277860347252736', '496138616573953', '67027338952445952', NULL);
INSERT INTO `sys_role_permission` VALUES ('77277860351447041', '496138616573953', '67027909637836800', NULL);
INSERT INTO `sys_role_permission` VALUES ('77277860359835648', '496138616573953', '67042515441684480', NULL);
INSERT INTO `sys_role_permission` VALUES ('77277860364029952', '496138616573953', '67082402312228864', NULL);
INSERT INTO `sys_role_permission` VALUES ('77277860368224256', '496138616573953', '16392452747300864', NULL);
INSERT INTO `sys_role_permission` VALUES ('77277860372418560', '496138616573953', '16392767785668608', NULL);
INSERT INTO `sys_role_permission` VALUES ('77277860376612865', '496138616573953', '16438800255291392', NULL);
INSERT INTO `sys_role_permission` VALUES ('77277860385001472', '496138616573953', '16438962738434048', NULL);
INSERT INTO `sys_role_permission` VALUES ('77277860389195776', '496138616573953', '16439068543946752', NULL);
INSERT INTO `sys_role_permission` VALUES ('7750f9be48ee09cd561fce718219a3e2', 'ee8626f80f7c2619917b6236f3a7f02b', '882a73768cfd7f78f3a37584f7299656', NULL);
INSERT INTO `sys_role_permission` VALUES ('7a5d31ba48fe3fb1266bf186dc5f7ba7', '52b0cf022ac4187b2a70dfa4f8b2d940', '58857ff846e61794c69208e9d3a85466', NULL);
INSERT INTO `sys_role_permission` VALUES ('7a6bca9276c128309c80d21e795c66c6', 'f6817f48af4fb3af11b9e8bf182f618b', '54097c6a3cf50fad0793a34beff1efdf', NULL);
INSERT INTO `sys_role_permission` VALUES ('7ca833caa5eac837b7200d8b6de8b2e3', 'f6817f48af4fb3af11b9e8bf182f618b', 'fedfbf4420536cacc0218557d263dfea', NULL);
INSERT INTO `sys_role_permission` VALUES ('7d2ea745950be3357747ec7750c31c57', 'ee8626f80f7c2619917b6236f3a7f02b', '2a470fc0c3954d9dbb61de6d80846549', NULL);
INSERT INTO `sys_role_permission` VALUES ('7de42bdc0b8c5446b7d428c66a7abc12', '52b0cf022ac4187b2a70dfa4f8b2d940', '54dd5457a3190740005c1bfec55b1c34', NULL);
INSERT INTO `sys_role_permission` VALUES ('7e19d90cec0dd87aaef351b9ff8f4902', '646c628b2b8295fbdab2d34044de0354', 'f9d3f4f27653a71c52faa9fb8070fbe7', NULL);
INSERT INTO `sys_role_permission` VALUES ('7f862c47003eb20e8bad05f506371f92', 'ee8626f80f7c2619917b6236f3a7f02b', 'd7d6e2e4e2934f2c9385a623fd98c6f3', NULL);
INSERT INTO `sys_role_permission` VALUES ('812ed54661b1a24b81b58974691a73f5', 'e51758fa916c881624b046d26bd09230', 'e6bfd1fcabfd7942fdd05f076d1dad38', NULL);
INSERT INTO `sys_role_permission` VALUES ('83f704524b21b6a3ae324b8736c65333', 'ee8626f80f7c2619917b6236f3a7f02b', '7ac9eb9ccbde2f7a033cd4944272bf1e', NULL);
INSERT INTO `sys_role_permission` VALUES ('84d32474316a43b01256d6644e6e7751', 'ee8626f80f7c2619917b6236f3a7f02b', 'ec8d607d0156e198b11853760319c646', NULL);
INSERT INTO `sys_role_permission` VALUES ('84eac2f113c23737128fb099d1d1da89', 'f6817f48af4fb3af11b9e8bf182f618b', '03dc3d93261dda19fc86dd7ca486c6cf', NULL);
INSERT INTO `sys_role_permission` VALUES ('85755a6c0bdff78b3860b52d35310c7f', 'e51758fa916c881624b046d26bd09230', 'c65321e57b7949b7a975313220de0422', NULL);
INSERT INTO `sys_role_permission` VALUES ('86060e2867a5049d8a80d9fe5d8bc28b', 'f6817f48af4fb3af11b9e8bf182f618b', '765dd244f37b804e3d00f475fd56149b', NULL);
INSERT INTO `sys_role_permission` VALUES ('8703a2410cddb713c33232ce16ec04b9', 'ee8626f80f7c2619917b6236f3a7f02b', '1367a93f2c410b169faa7abcbad2f77c', NULL);
INSERT INTO `sys_role_permission` VALUES ('884f147c20e003cc80ed5b7efa598cbe', 'f6817f48af4fb3af11b9e8bf182f618b', 'e5973686ed495c379d829ea8b2881fc6', NULL);
INSERT INTO `sys_role_permission` VALUES ('885c1a827383e5b2c6c4f8ca72a7b493', 'ee8626f80f7c2619917b6236f3a7f02b', '4148ec82b6acd69f470bea75fe41c357', NULL);
INSERT INTO `sys_role_permission` VALUES ('8a60df8d8b4c9ee5fa63f48aeee3ec00', '1750a8fb3e6d90cb7957c02de1dc8e59', 'd7d6e2e4e2934f2c9385a623fd98c6f3', NULL);
INSERT INTO `sys_role_permission` VALUES ('8b09925bdc194ab7f3559cd3a7ea0507', 'f6817f48af4fb3af11b9e8bf182f618b', 'ebb9d82ea16ad864071158e0c449d186', NULL);
INSERT INTO `sys_role_permission` VALUES ('8b1e326791375f325d3e6b797753b65e', 'ee8626f80f7c2619917b6236f3a7f02b', '2dbbafa22cda07fa5d169d741b81fe12', NULL);
INSERT INTO `sys_role_permission` VALUES ('8ce1022dac4e558ff9694600515cf510', '1750a8fb3e6d90cb7957c02de1dc8e59', '08e6b9dc3c04489c8e1ff2ce6f105aa4', NULL);
INSERT INTO `sys_role_permission` VALUES ('8d154c2382a8ae5c8d1b84bd38df2a93', 'f6817f48af4fb3af11b9e8bf182f618b', 'd86f58e7ab516d3bc6bfb1fe10585f97', NULL);
INSERT INTO `sys_role_permission` VALUES ('8d848ca7feec5b7ebb3ecb32b2c8857a', '52b0cf022ac4187b2a70dfa4f8b2d940', '4148ec82b6acd69f470bea75fe41c357', NULL);
INSERT INTO `sys_role_permission` VALUES ('8dd64f65a1014196078d0882f767cd85', 'f6817f48af4fb3af11b9e8bf182f618b', 'e3c13679c73a4f829bcff2aba8fd68b1', NULL);
INSERT INTO `sys_role_permission` VALUES ('8e3dc1671abad4f3c83883b194d2e05a', 'f6817f48af4fb3af11b9e8bf182f618b', 'b1cb0a3fedf7ed0e4653cb5a229837ee', NULL);
INSERT INTO `sys_role_permission` VALUES ('8eec2c510f1ac9c5eee26c041b1f00ca', 'ee8626f80f7c2619917b6236f3a7f02b', '58857ff846e61794c69208e9d3a85466', NULL);
INSERT INTO `sys_role_permission` VALUES ('8f762ff80253f634b08cf59a77742ba4', 'ee8626f80f7c2619917b6236f3a7f02b', '9502685863ab87f0ad1134142788a385', NULL);
INSERT INTO `sys_role_permission` VALUES ('903b790e6090414343502c6dc393b7c9', 'ee8626f80f7c2619917b6236f3a7f02b', 'de13e0f6328c069748de7399fcc1dbbd', NULL);
INSERT INTO `sys_role_permission` VALUES ('905bf419332ebcb83863603b3ebe30f0', 'f6817f48af4fb3af11b9e8bf182f618b', '8fb8172747a78756c11916216b8b8066', NULL);
INSERT INTO `sys_role_permission` VALUES ('90996d56357730e173e636b99fc48bea', 'ee8626f80f7c2619917b6236f3a7f02b', 'fb07ca05a3e13674dbf6d3245956da2e', NULL);
INSERT INTO `sys_role_permission` VALUES ('90e1c607a0631364eec310f3cc4acebd', 'ee8626f80f7c2619917b6236f3a7f02b', '4f66409ef3bbd69c1d80469d6e2a885e', NULL);
INSERT INTO `sys_role_permission` VALUES ('9264104cee9b10c96241d527b2d0346d', '1750a8fb3e6d90cb7957c02de1dc8e59', '54dd5457a3190740005c1bfec55b1c34', NULL);
INSERT INTO `sys_role_permission` VALUES ('9380121ca9cfee4b372194630fce150e', 'f6817f48af4fb3af11b9e8bf182f618b', '65a8f489f25a345836b7f44b1181197a', NULL);
INSERT INTO `sys_role_permission` VALUES ('94911fef73a590f6824105ebf9b6cab3', 'f6817f48af4fb3af11b9e8bf182f618b', '8b3bff2eee6f1939147f5c68292a1642', NULL);
INSERT INTO `sys_role_permission` VALUES ('9700d20dbc1ae3cbf7de1c810b521fe6', 'f6817f48af4fb3af11b9e8bf182f618b', 'ec8d607d0156e198b11853760319c646', NULL);
INSERT INTO `sys_role_permission` VALUES ('980171fda43adfe24840959b1d048d4d', 'f6817f48af4fb3af11b9e8bf182f618b', 'd7d6e2e4e2934f2c9385a623fd98c6f3', NULL);
INSERT INTO `sys_role_permission` VALUES ('987c23b70873bd1d6dca52f30aafd8c2', 'f6817f48af4fb3af11b9e8bf182f618b', '00a2a0ae65cdca5e93209cdbde97cbe6', NULL);
INSERT INTO `sys_role_permission` VALUES ('98f02353f91dd569e3c6b8fd6b4f4034', 'ee8626f80f7c2619917b6236f3a7f02b', '6531cf3421b1265aeeeabaab5e176e6d', NULL);
INSERT INTO `sys_role_permission` VALUES ('9b2ad767f9861e64a20b097538feafd3', 'f6817f48af4fb3af11b9e8bf182f618b', '73678f9daa45ed17a3674131b03432fb', NULL);
INSERT INTO `sys_role_permission` VALUES ('9d8772c310b675ae43eacdbc6c7fa04a', 'a799c3b1b12dd3ed4bd046bfaef5fe6e', '1663f3faba244d16c94552f849627d84', NULL);
INSERT INTO `sys_role_permission` VALUES ('9d980ec0489040e631a9c24a6af42934', 'f6817f48af4fb3af11b9e8bf182f618b', '05b3c82ddb2536a4a5ee1a4c46b5abef', NULL);
INSERT INTO `sys_role_permission` VALUES ('9f8311ecccd44e079723098cf2ffe1cc', '1750a8fb3e6d90cb7957c02de1dc8e59', '693ce69af3432bd00be13c3971a57961', NULL);
INSERT INTO `sys_role_permission` VALUES ('a034ed7c38c996b880d3e78f586fe0ae', 'f6817f48af4fb3af11b9e8bf182f618b', 'c89018ea6286e852b424466fd92a2ffc', NULL);
INSERT INTO `sys_role_permission` VALUES ('a098e2acc3f90316f161f6648d085640', 'ee8626f80f7c2619917b6236f3a7f02b', 'e6bfd1fcabfd7942fdd05f076d1dad38', NULL);
INSERT INTO `sys_role_permission` VALUES ('a307a9349ad64a2eff8ab69582fa9be4', 'f6817f48af4fb3af11b9e8bf182f618b', '0620e402857b8c5b605e1ad9f4b89350', NULL);
INSERT INTO `sys_role_permission` VALUES ('a5d25fdb3c62904a8474182706ce11a0', 'f6817f48af4fb3af11b9e8bf182f618b', '418964ba087b90a84897b62474496b93', NULL);
INSERT INTO `sys_role_permission` VALUES ('a66feaaf128417ad762e946abccf27ec', 'ee8626f80f7c2619917b6236f3a7f02b', 'c6cf95444d80435eb37b2f9db3971ae6', NULL);
INSERT INTO `sys_role_permission` VALUES ('a72c31a3913c736d4eca11d13be99183', 'e51758fa916c881624b046d26bd09230', 'a44c30db536349e91106223957e684eb', NULL);
INSERT INTO `sys_role_permission` VALUES ('a7ab87eac0f8fafa2efa4b1f9351923f', 'ee8626f80f7c2619917b6236f3a7f02b', 'fedfbf4420536cacc0218557d263dfea', NULL);
INSERT INTO `sys_role_permission` VALUES ('abdc324a2df9f13ee6e73d44c6e62bc8', 'ee8626f80f7c2619917b6236f3a7f02b', 'f1cb187abf927c88b89470d08615f5ac', NULL);
INSERT INTO `sys_role_permission` VALUES ('acacce4417e5d7f96a9c3be2ded5b4be', 'f6817f48af4fb3af11b9e8bf182f618b', 'f9d3f4f27653a71c52faa9fb8070fbe7', NULL);
INSERT INTO `sys_role_permission` VALUES ('ae1852fb349d8513eb3fdc173da3ee56', 'f6817f48af4fb3af11b9e8bf182f618b', '8d4683aacaa997ab86b966b464360338', NULL);
INSERT INTO `sys_role_permission` VALUES ('aefc8c22e061171806e59cd222f6b7e1', '52b0cf022ac4187b2a70dfa4f8b2d940', 'e8af452d8948ea49d37c934f5100ae6a', NULL);
INSERT INTO `sys_role_permission` VALUES ('af60ac8fafd807ed6b6b354613b9ccbc', 'f6817f48af4fb3af11b9e8bf182f618b', '58857ff846e61794c69208e9d3a85466', NULL);
INSERT INTO `sys_role_permission` VALUES ('b0c8a20800b8bf1ebdd7be473bceb44f', 'f6817f48af4fb3af11b9e8bf182f618b', '58b9204feaf07e47284ddb36cd2d8468', NULL);
INSERT INTO `sys_role_permission` VALUES ('b128ebe78fa5abb54a3a82c6689bdca3', 'f6817f48af4fb3af11b9e8bf182f618b', 'aedbf679b5773c1f25e9f7b10111da73', NULL);
INSERT INTO `sys_role_permission` VALUES ('b131ebeafcfd059f3c7e542606ea9ff5', 'ee8626f80f7c2619917b6236f3a7f02b', 'e5973686ed495c379d829ea8b2881fc6', NULL);
INSERT INTO `sys_role_permission` VALUES ('b21b07951bb547b09cc85624a841aea0', 'f6817f48af4fb3af11b9e8bf182f618b', '4356a1a67b564f0988a484f5531fd4d9', NULL);
INSERT INTO `sys_role_permission` VALUES ('b2b2dcfff6986d3d7f890ea62d474651', 'ee8626f80f7c2619917b6236f3a7f02b', '200006f0edf145a2b50eacca07585451', NULL);
INSERT INTO `sys_role_permission` VALUES ('b495a46fa0e0d4637abe0db7fd12fe1a', 'ee8626f80f7c2619917b6236f3a7f02b', '717f6bee46f44a3897eca9abd6e2ec44', NULL);
INSERT INTO `sys_role_permission` VALUES ('b64c4ab9cd9a2ea8ac1e9db5fb7cf522', 'f6817f48af4fb3af11b9e8bf182f618b', '2aeddae571695cd6380f6d6d334d6e7d', NULL);
INSERT INTO `sys_role_permission` VALUES ('bbec16ad016efec9ea2def38f4d3d9dc', 'f6817f48af4fb3af11b9e8bf182f618b', '13212d3416eb690c2e1d5033166ff47a', NULL);
INSERT INTO `sys_role_permission` VALUES ('bd30561f141f07827b836878137fddd8', 'e51758fa916c881624b046d26bd09230', '65a8f489f25a345836b7f44b1181197a', NULL);
INSERT INTO `sys_role_permission` VALUES ('be8e5a9080569e59863f20c4c57a8e22', 'f6817f48af4fb3af11b9e8bf182f618b', '22d6a3d39a59dd7ea9a30acfa6bfb0a5', NULL);
INSERT INTO `sys_role_permission` VALUES ('bea2986432079d89203da888d99b3f16', 'f6817f48af4fb3af11b9e8bf182f618b', '54dd5457a3190740005c1bfec55b1c34', NULL);
INSERT INTO `sys_role_permission` VALUES ('c09373ebfc73fb5740db5ff02cba4f91', 'f6817f48af4fb3af11b9e8bf182f618b', '339329ed54cf255e1f9392e84f136901', NULL);
INSERT INTO `sys_role_permission` VALUES ('c56fb1658ee5f7476380786bf5905399', 'f6817f48af4fb3af11b9e8bf182f618b', 'de13e0f6328c069748de7399fcc1dbbd', NULL);
INSERT INTO `sys_role_permission` VALUES ('c689539d20a445b0896270290c58d01f', 'e51758fa916c881624b046d26bd09230', '13212d3416eb690c2e1d5033166ff47a', NULL);
INSERT INTO `sys_role_permission` VALUES ('c6fee38d293b9d0596436a0cbd205070', 'f6817f48af4fb3af11b9e8bf182f618b', '4f84f9400e5e92c95f05b554724c2b58', NULL);
INSERT INTO `sys_role_permission` VALUES ('c8571839e6b14796e661f3e2843b80b6', 'ee8626f80f7c2619917b6236f3a7f02b', '45c966826eeff4c99b8f8ebfe74511fc', NULL);
INSERT INTO `sys_role_permission` VALUES ('c90b0b01c7ca454d2a1cb7408563e696', 'f6817f48af4fb3af11b9e8bf182f618b', '882a73768cfd7f78f3a37584f7299656', NULL);
INSERT INTO `sys_role_permission` VALUES ('c9d35261cccd67ab2932107a0967a7d7', 'e51758fa916c881624b046d26bd09230', 'b4dfc7d5dd9e8d5b6dd6d4579b1aa559', NULL);
INSERT INTO `sys_role_permission` VALUES ('ced80e43584ce15e97bb07298e93020d', 'e51758fa916c881624b046d26bd09230', '45c966826eeff4c99b8f8ebfe74511fc', NULL);
INSERT INTO `sys_role_permission` VALUES ('cf1feb1bf69eafc982295ad6c9c8d698', 'f6817f48af4fb3af11b9e8bf182f618b', 'a2b11669e98c5fe54a53c3e3c4f35d14', NULL);
INSERT INTO `sys_role_permission` VALUES ('cf2ef620217673e4042f695743294f01', 'f6817f48af4fb3af11b9e8bf182f618b', '717f6bee46f44a3897eca9abd6e2ec44', NULL);
INSERT INTO `sys_role_permission` VALUES ('cf43895aef7fc684669483ab00ef2257', 'f6817f48af4fb3af11b9e8bf182f618b', '700b7f95165c46cc7a78bf227aa8fed3', NULL);
INSERT INTO `sys_role_permission` VALUES ('d03d792b0f312e7b490afc5cec3dd6c5', 'e51758fa916c881624b046d26bd09230', '8fb8172747a78756c11916216b8b8066', NULL);
INSERT INTO `sys_role_permission` VALUES ('d281a95b8f293d0fa2a136f46c4e0b10', 'f6817f48af4fb3af11b9e8bf182f618b', '5c8042bd6c601270b2bbd9b20bccc68b', NULL);
INSERT INTO `sys_role_permission` VALUES ('d37ad568e26f46ed0feca227aa9c2ffa', 'f6817f48af4fb3af11b9e8bf182f618b', '9502685863ab87f0ad1134142788a385', NULL);
INSERT INTO `sys_role_permission` VALUES ('d3ddcacee1acdfaa0810618b74e38ef2', 'f6817f48af4fb3af11b9e8bf182f618b', 'c6cf95444d80435eb37b2f9db3971ae6', NULL);
INSERT INTO `sys_role_permission` VALUES ('d3fe195d59811531c05d31d8436f5c8b', '1750a8fb3e6d90cb7957c02de1dc8e59', 'e8af452d8948ea49d37c934f5100ae6a', NULL);
INSERT INTO `sys_role_permission` VALUES ('d5267597a4450f06d49d2fb63859641a', 'e51758fa916c881624b046d26bd09230', '2dbbafa22cda07fa5d169d741b81fe12', NULL);
INSERT INTO `sys_role_permission` VALUES ('d83282192a69514cfe6161b3087ff962', 'f6817f48af4fb3af11b9e8bf182f618b', '53a9230444d33de28aa11cc108fb1dba', NULL);
INSERT INTO `sys_role_permission` VALUES ('d8a5c9079df12090e108e21be94b4fd7', 'f6817f48af4fb3af11b9e8bf182f618b', '078f9558cdeab239aecb2bda1a8ed0d1', NULL);
INSERT INTO `sys_role_permission` VALUES ('dbc5dd836d45c5bc7bc94b22596ab956', 'f6817f48af4fb3af11b9e8bf182f618b', '1939e035e803a99ceecb6f5563570fb2', NULL);
INSERT INTO `sys_role_permission` VALUES ('dc83bb13c0e8c930e79d28b2db26f01f', 'f6817f48af4fb3af11b9e8bf182f618b', '63b551e81c5956d5c861593d366d8c57', NULL);
INSERT INTO `sys_role_permission` VALUES ('dc8fd3f79bd85bd832608b42167a1c71', 'f6817f48af4fb3af11b9e8bf182f618b', '91c23960fab49335831cf43d820b0a61', NULL);
INSERT INTO `sys_role_permission` VALUES ('de82e89b8b60a3ea99be5348f565c240', 'f6817f48af4fb3af11b9e8bf182f618b', '56ca78fe0f22d815fabc793461af67b8', NULL);
INSERT INTO `sys_role_permission` VALUES ('de8f43229e351d34af3c95b1b9f0a15d', 'f6817f48af4fb3af11b9e8bf182f618b', 'a400e4f4d54f79bf5ce160ae432231af', NULL);
INSERT INTO `sys_role_permission` VALUES ('e258ca8bf7ee168b93bfee739668eb15', 'ee8626f80f7c2619917b6236f3a7f02b', 'fb367426764077dcf94640c843733985', NULL);
INSERT INTO `sys_role_permission` VALUES ('e339f7db7418a4fd2bd2c113f1182186', 'ee8626f80f7c2619917b6236f3a7f02b', 'b1cb0a3fedf7ed0e4653cb5a229837ee', NULL);
INSERT INTO `sys_role_permission` VALUES ('e3e922673f4289b18366bb51b6200f17', '52b0cf022ac4187b2a70dfa4f8b2d940', '45c966826eeff4c99b8f8ebfe74511fc', NULL);
INSERT INTO `sys_role_permission` VALUES ('e7467726ee72235baaeb47df04a35e73', 'f6817f48af4fb3af11b9e8bf182f618b', 'e08cb190ef230d5d4f03824198773950', NULL);
INSERT INTO `sys_role_permission` VALUES ('eaef4486f1c9b0408580bbfa2037eb66', 'f6817f48af4fb3af11b9e8bf182f618b', '2a470fc0c3954d9dbb61de6d80846549', NULL);
INSERT INTO `sys_role_permission` VALUES ('ec4bc97829ab56afd83f428b6dc37ff6', 'f6817f48af4fb3af11b9e8bf182f618b', '200006f0edf145a2b50eacca07585451', NULL);
INSERT INTO `sys_role_permission` VALUES ('ec846a3f85fdb6813e515be71f11b331', 'f6817f48af4fb3af11b9e8bf182f618b', '732d48f8e0abe99fe6a23d18a3171cd1', NULL);
INSERT INTO `sys_role_permission` VALUES ('ec93bb06f5be4c1f19522ca78180e2ef', 'f6817f48af4fb3af11b9e8bf182f618b', '265de841c58907954b8877fb85212622', NULL);
INSERT INTO `sys_role_permission` VALUES ('ecdd72fe694e6bba9c1d9fc925ee79de', 'f6817f48af4fb3af11b9e8bf182f618b', '45c966826eeff4c99b8f8ebfe74511fc', NULL);
INSERT INTO `sys_role_permission` VALUES ('edefd8d468f5727db465cf1b860af474', 'f6817f48af4fb3af11b9e8bf182f618b', '6ad53fd1b220989a8b71ff482d683a5a', NULL);
INSERT INTO `sys_role_permission` VALUES ('ef8bdd20d29447681ec91d3603e80c7b', 'f6817f48af4fb3af11b9e8bf182f618b', 'ae4fed059f67086fd52a73d913cf473d', NULL);
INSERT INTO `sys_role_permission` VALUES ('f12b6c90e8913183d7ca547c66600891', 'e51758fa916c881624b046d26bd09230', 'aedbf679b5773c1f25e9f7b10111da73', NULL);
INSERT INTO `sys_role_permission` VALUES ('f177acac0276329dc66af0c9ad30558a', 'f6817f48af4fb3af11b9e8bf182f618b', 'c2c356bf4ddd29975347a7047a062440', NULL);
INSERT INTO `sys_role_permission` VALUES ('f17ab8ad1e71341140857ef4914ef297', '21c5a3187763729408b40afb0d0fdfa8', '732d48f8e0abe99fe6a23d18a3171cd1', NULL);
INSERT INTO `sys_role_permission` VALUES ('f99f99cc3bc27220cdd4f5aced33b7d7', 'f6817f48af4fb3af11b9e8bf182f618b', '655563cd64b75dcf52ef7bcdd4836953', NULL);
INSERT INTO `sys_role_permission` VALUES ('fafe73c4448b977fe42880a6750c3ee8', 'f6817f48af4fb3af11b9e8bf182f618b', '9cb91b8851db0cf7b19d7ecc2a8193dd', NULL);
INSERT INTO `sys_role_permission` VALUES ('fced905c7598973b970d42d833f73474', 'f6817f48af4fb3af11b9e8bf182f618b', '4875ebe289344e14844d8e3ea1edd73f', NULL);
INSERT INTO `sys_role_permission` VALUES ('fd86f6b08eb683720ba499f9d9421726', 'ee8626f80f7c2619917b6236f3a7f02b', '693ce69af3432bd00be13c3971a57961', NULL);
INSERT INTO `sys_role_permission` VALUES ('fd97963dc5f144d3aecfc7045a883427', 'f6817f48af4fb3af11b9e8bf182f618b', '043780fa095ff1b2bec4dc406d76f023', NULL);
INSERT INTO `sys_role_permission` VALUES ('fed41a4671285efb266cd404f24dd378', '52b0cf022ac4187b2a70dfa4f8b2d940', '00a2a0ae65cdca5e93209cdbde97cbe6', NULL);

-- ----------------------------
-- Table structure for sys_sms
-- ----------------------------
DROP TABLE IF EXISTS `sys_sms`;
CREATE TABLE `sys_sms`  (
  `id` varchar(32) CHARACTER SET utf8 COLLATE utf8_general_ci NOT NULL COMMENT 'ID',
  `es_title` varchar(100) CHARACTER SET utf8 COLLATE utf8_general_ci NULL DEFAULT NULL COMMENT '消息标题',
  `es_type` varchar(1) CHARACTER SET utf8 COLLATE utf8_general_ci NULL DEFAULT NULL COMMENT '发送方式：1短信 2邮件 3微信',
  `es_receiver` varchar(50) CHARACTER SET utf8 COLLATE utf8_general_ci NULL DEFAULT NULL COMMENT '接收人',
  `es_param` varchar(1000) CHARACTER SET utf8 COLLATE utf8_general_ci NULL DEFAULT NULL COMMENT '发送所需参数Json格式',
  `es_content` longtext CHARACTER SET utf8 COLLATE utf8_general_ci NULL COMMENT '推送内容',
  `es_send_time` datetime(0) NULL DEFAULT NULL COMMENT '推送时间',
  `es_send_status` varchar(1) CHARACTER SET utf8 COLLATE utf8_general_ci NULL DEFAULT NULL COMMENT '推送状态 0未推送 1推送成功 2推送失败 -1失败不再发送',
  `es_send_num` int(11) NULL DEFAULT NULL COMMENT '发送次数 超过5次不再发送',
  `es_result` varchar(255) CHARACTER SET utf8 COLLATE utf8_general_ci NULL DEFAULT NULL COMMENT '推送失败原因',
  `remark` varchar(500) CHARACTER SET utf8 COLLATE utf8_general_ci NULL DEFAULT NULL COMMENT '备注',
  `create_by` varchar(32) CHARACTER SET utf8 COLLATE utf8_general_ci NULL DEFAULT NULL COMMENT '创建人登录名称',
  `create_time` datetime(0) NULL DEFAULT NULL COMMENT '创建日期',
  `update_by` varchar(32) CHARACTER SET utf8 COLLATE utf8_general_ci NULL DEFAULT NULL COMMENT '更新人登录名称',
  `update_time` datetime(0) NULL DEFAULT NULL COMMENT '更新日期',
  PRIMARY KEY (`id`) USING BTREE,
  INDEX `index_type`(`es_type`) USING BTREE,
  INDEX `index_receiver`(`es_receiver`) USING BTREE,
  INDEX `index_sendtime`(`es_send_time`) USING BTREE,
  INDEX `index_status`(`es_send_status`) USING BTREE
) ENGINE = InnoDB CHARACTER SET = utf8 COLLATE = utf8_general_ci ROW_FORMAT = Dynamic;

-- ----------------------------
-- Records of sys_sms
-- ----------------------------
INSERT INTO `sys_sms` VALUES ('1265925950374219778', '流程办理超时提醒', '4', 'admin', 'null', '<h1>&nbsp; &nbsp;流程办理超时提醒</h1>\n<ul>\n<li>&nbsp; &nbsp;超时提醒信息：&nbsp; &nbsp; 您有待处理的超时任务，请尽快处理！</li>\n<li>&nbsp; &nbsp;超时任务标题：&nbsp; &nbsp; ${title}</li>\n<li>&nbsp; &nbsp;超时任务节点：&nbsp; &nbsp; ${task}</li>\n<li>&nbsp; &nbsp;任务处理人：&nbsp; &nbsp; &nbsp; &nbsp;${user}</li>\n<li>&nbsp; &nbsp;任务开始时间：&nbsp; &nbsp; ${time}</li>\n</ul>', '2020-05-28 16:40:41', '0', 0, NULL, NULL, 'admin', '2020-05-28 16:40:41', NULL, NULL);
INSERT INTO `sys_sms` VALUES ('402880e74dc2f361014dc2f8411e0001', '消息推送测试333', '2', '411944058@qq.com', NULL, '张三你好，你的订单4028d881436d514601436d521ae80165已付款!', '2015-06-05 17:06:01', '3', NULL, NULL, '认证失败错误的用户名或者密码', 'admin', '2015-06-05 17:05:59', 'admin', '2015-11-19 22:30:39');
INSERT INTO `sys_sms` VALUES ('402880ea533647b00153364e74770001', '发个问候', '3', 'admin', NULL, '你好', '2016-03-02 00:00:00', '2', NULL, NULL, NULL, 'admin', '2016-03-02 15:50:24', 'admin', '2018-07-05 19:53:01');
INSERT INTO `sys_sms` VALUES ('402880ee5a17e711015a17f3188e013f', '消息推送测试333', '2', '411944058@qq.com', NULL, '张三你好，你的订单4028d881436d514601436d521ae80165已付款!', NULL, '2', NULL, NULL, NULL, 'admin', '2017-02-07 17:41:31', 'admin', '2017-03-10 11:37:05');
INSERT INTO `sys_sms` VALUES ('402880f05ab649b4015ab64b9cd80012', '消息推送测试333', '2', '411944058@qq.com', NULL, '张三你好，你的订单4028d881436d514601436d521ae80165已付款!', '2017-11-16 15:58:15', '3', NULL, NULL, NULL, 'admin', '2017-03-10 11:38:13', 'admin', '2017-07-31 17:24:54');
INSERT INTO `sys_sms` VALUES ('402880f05ab7b035015ab7c4462c0004', '消息推送测试333', '2', '411944058@qq.com', NULL, '张三你好，你的订单4028d881436d514601436d521ae80165已付款!', '2017-11-16 15:58:15', '3', NULL, NULL, NULL, 'admin', '2017-03-10 18:29:37', NULL, NULL);
INSERT INTO `sys_sms` VALUES ('402881f3646a472b01646a4a5af00001', '催办：HR审批', '3', 'admin', NULL, 'admin，您好！\r\n请前待办任务办理事项！HR审批\r\n\r\n\r\n===========================\r\n此消息由系统发出', '2018-07-05 19:53:35', '2', NULL, NULL, NULL, 'admin', '2018-07-05 19:53:35', 'admin', '2018-07-07 13:45:24');
INSERT INTO `sys_sms` VALUES ('402881f3647da06c01647da43a940014', '催办：HR审批', '3', 'admin', NULL, 'admin，您好！\r\n请前待办任务办理事项！HR审批\r\n\r\n\r\n===========================\r\n此消息由系统发出', '2018-07-09 14:04:32', '2', NULL, NULL, NULL, 'admin', '2018-07-09 14:04:32', 'admin', '2018-07-09 18:51:30');

-- ----------------------------
-- Table structure for sys_sms_template
-- ----------------------------
DROP TABLE IF EXISTS `sys_sms_template`;
CREATE TABLE `sys_sms_template`  (
  `id` varchar(32) CHARACTER SET utf8 COLLATE utf8_general_ci NOT NULL COMMENT '主键',
  `template_name` varchar(50) CHARACTER SET utf8 COLLATE utf8_general_ci NULL DEFAULT NULL COMMENT '模板标题',
  `template_code` varchar(32) CHARACTER SET utf8 COLLATE utf8_general_ci NOT NULL COMMENT '模板CODE',
  `template_type` varchar(1) CHARACTER SET utf8 COLLATE utf8_general_ci NOT NULL COMMENT '模板类型：1短信 2邮件 3微信',
  `template_content` varchar(1000) CHARACTER SET utf8 COLLATE utf8_general_ci NOT NULL COMMENT '模板内容',
  `template_test_json` varchar(1000) CHARACTER SET utf8 COLLATE utf8_general_ci NULL DEFAULT NULL COMMENT '模板测试json',
  `create_time` datetime(0) NULL DEFAULT NULL COMMENT '创建日期',
  `create_by` varchar(32) CHARACTER SET utf8 COLLATE utf8_general_ci NULL DEFAULT NULL COMMENT '创建人登录名称',
  `update_time` datetime(0) NULL DEFAULT NULL COMMENT '更新日期',
  `update_by` varchar(32) CHARACTER SET utf8 COLLATE utf8_general_ci NULL DEFAULT NULL COMMENT '更新人登录名称',
  PRIMARY KEY (`id`) USING BTREE,
  UNIQUE INDEX `uniq_templatecode`(`template_code`) USING BTREE
) ENGINE = InnoDB CHARACTER SET = utf8 COLLATE = utf8_general_ci ROW_FORMAT = Dynamic;

-- ----------------------------
-- Records of sys_sms_template
-- ----------------------------
INSERT INTO `sys_sms_template` VALUES ('1199606397416775681', '系统消息通知', 'sys_ts_note', '4', '<h1>&nbsp; &nbsp; 系统通知</h1>\n<ul>\n<li>通知时间：&nbsp; ${ts_date}</li>\n<li>通知内容：&nbsp; ${ts_content}</li>\n</ul>', NULL, '2019-11-27 16:30:27', 'admin', '2019-11-27 19:36:50', 'admin');
INSERT INTO `sys_sms_template` VALUES ('1199615897335095298', '流程催办', 'bpm_cuiban', '4', '<h1>&nbsp; &nbsp;流程催办提醒</h1>\n<ul>\n<li>流程名称：&nbsp; ${bpm_name}</li>\n<li>催办任务：&nbsp; ${bpm_task}</li>\n<li>催办时间 :&nbsp; &nbsp; ${datetime}</li>\n<li>催办内容 :&nbsp; &nbsp; ${remark}</li>\n</ul>', NULL, '2019-11-27 17:08:12', 'admin', '2019-11-27 19:36:45', 'admin');
INSERT INTO `sys_sms_template` VALUES ('1199648914107625473', '流程办理超时提醒', 'bpm_chaoshi_tip', '4', '<h1>&nbsp; &nbsp;流程办理超时提醒</h1>\n<ul>\n<li>&nbsp; &nbsp;超时提醒信息：&nbsp; &nbsp; 您有待处理的超时任务，请尽快处理！</li>\n<li>&nbsp; &nbsp;超时任务标题：&nbsp; &nbsp; ${title}</li>\n<li>&nbsp; &nbsp;超时任务节点：&nbsp; &nbsp; ${task}</li>\n<li>&nbsp; &nbsp;任务处理人：&nbsp; &nbsp; &nbsp; &nbsp;${user}</li>\n<li>&nbsp; &nbsp;任务开始时间：&nbsp; &nbsp; ${time}</li>\n</ul>', NULL, '2019-11-27 19:19:24', 'admin', '2019-11-27 19:36:37', 'admin');
INSERT INTO `sys_sms_template` VALUES ('4028608164691b000164693108140003', '催办：${taskName}', 'SYS001', '3', '${userName}，您好！\r\n请前待办任务办理事项！${taskName}\r\n\r\n\r\n===========================\r\n此消息由系统发出', '{\r\n\"taskName\":\"HR审批\",\r\n\"userName\":\"admin\"\r\n}', '2018-07-05 14:46:18', 'admin', '2018-07-05 18:31:34', 'admin');

-- ----------------------------
-- Table structure for sys_user
-- ----------------------------
DROP TABLE IF EXISTS `sys_user`;
CREATE TABLE `sys_user`  (
  `id` varchar(32) CHARACTER SET utf8 COLLATE utf8_general_ci NOT NULL COMMENT '主键id',
  `username` varchar(100) CHARACTER SET utf8 COLLATE utf8_general_ci NULL DEFAULT NULL COMMENT '登录账号',
  `realname` varchar(100) CHARACTER SET utf8 COLLATE utf8_general_ci NULL DEFAULT NULL COMMENT '真实姓名',
  `password` varchar(255) CHARACTER SET utf8 COLLATE utf8_general_ci NULL DEFAULT NULL COMMENT '密码',
  `salt` varchar(45) CHARACTER SET utf8 COLLATE utf8_general_ci NULL DEFAULT NULL COMMENT 'md5密码盐',
  `avatar` varchar(255) CHARACTER SET utf8 COLLATE utf8_general_ci NULL DEFAULT NULL COMMENT '头像',
  `birthday` datetime(0) NULL DEFAULT NULL COMMENT '生日',
  `sex` tinyint(1) NULL DEFAULT NULL COMMENT '性别(0-默认未知,1-男,2-女)',
  `email` varchar(45) CHARACTER SET utf8 COLLATE utf8_general_ci NULL DEFAULT NULL COMMENT '电子邮件',
  `phone` varchar(45) CHARACTER SET utf8 COLLATE utf8_general_ci NULL DEFAULT NULL COMMENT '电话',
  `org_code` varchar(64) CHARACTER SET utf8 COLLATE utf8_general_ci NULL DEFAULT NULL COMMENT '机构编码',
  `status` tinyint(1) NULL DEFAULT NULL COMMENT '性别(1-正常,2-冻结)',
  `del_flag` tinyint(1) NULL DEFAULT NULL COMMENT '删除状态(0-正常,1-已删除)',
  `third_id` varchar(100) CHARACTER SET utf8 COLLATE utf8_general_ci NULL DEFAULT NULL COMMENT '第三方登录的唯一标识',
  `third_type` varchar(100) CHARACTER SET utf8 COLLATE utf8_general_ci NULL DEFAULT NULL COMMENT '第三方类型',
  `activiti_sync` tinyint(1) NULL DEFAULT NULL COMMENT '同步工作流引擎(1-同步,0-不同步)',
  `work_no` varchar(100) CHARACTER SET utf8 COLLATE utf8_general_ci NULL DEFAULT NULL COMMENT '工号，唯一键',
  `post` varchar(100) CHARACTER SET utf8 COLLATE utf8_general_ci NULL DEFAULT NULL COMMENT '职务，关联职务表',
  `telephone` varchar(45) CHARACTER SET utf8 COLLATE utf8_general_ci NULL DEFAULT NULL COMMENT '座机号',
  `create_by` varchar(32) CHARACTER SET utf8 COLLATE utf8_general_ci NULL DEFAULT NULL COMMENT '创建人',
  `create_time` datetime(0) NULL DEFAULT NULL COMMENT '创建时间',
  `update_by` varchar(32) CHARACTER SET utf8 COLLATE utf8_general_ci NULL DEFAULT NULL COMMENT '更新人',
  `update_time` datetime(0) NULL DEFAULT NULL COMMENT '更新时间',
  `user_identity` tinyint(1) NULL DEFAULT NULL COMMENT '身份（1普通成员 2上级）',
  `depart_ids` longtext CHARACTER SET utf8 COLLATE utf8_general_ci NULL COMMENT '负责部门',
  PRIMARY KEY (`id`) USING BTREE,
  UNIQUE INDEX `index_user_name`(`username`) USING BTREE,
  UNIQUE INDEX `uniq_sys_user_work_no`(`work_no`) USING BTREE,
  UNIQUE INDEX `uniq_sys_user_username`(`username`) USING BTREE,
  UNIQUE INDEX `uniq_sys_user_phone`(`phone`) USING BTREE,
  UNIQUE INDEX `uniq_sys_user_email`(`email`) USING BTREE,
  INDEX `index_user_status`(`status`) USING BTREE,
  INDEX `index_user_del_flag`(`del_flag`) USING BTREE
) ENGINE = InnoDB CHARACTER SET = utf8 COLLATE = utf8_general_ci COMMENT = '用户表' ROW_FORMAT = Dynamic;

-- ----------------------------
-- Records of sys_user
-- ----------------------------
INSERT INTO `sys_user` VALUES ('1322365018909540353', 'test', 'test', '040080729a1b18ac', 'Rd2qzt5k', NULL, NULL, 1, '', '158888888', NULL, 1, 0, NULL, NULL, NULL, NULL, NULL, '', 'admin', '2020-10-31 10:29:24', 'admin', '2020-11-06 14:02:50', NULL, NULL);
INSERT INTO `sys_user` VALUES ('42d153bffeea74f72a9c1697874fa4a7', 'test22', '23232', 'ac52e15671a377cf', '5FMD48RM', '', '2019-02-09 00:00:00', 1, 'zhangdaiscott@163.com', '18611782222', NULL, 1, 1, NULL, NULL, 1, NULL, NULL, NULL, 'admin', '2019-01-26 18:01:10', 'admin', '2019-03-23 15:05:50', NULL, NULL);
INSERT INTO `sys_user` VALUES ('a75d45a015c44384a04449ee80dc3503', 'jeecg', 'jeecg', '3dd8371f3cf8240e', 'vDDkDzrK', '', NULL, 1, NULL, NULL, '财务部', 1, 0, NULL, NULL, 1, '00002', 'devleader', NULL, 'admin', '2019-02-13 16:02:36', 'admin', '2020-11-06 14:13:16', 1, '');
INSERT INTO `sys_user` VALUES ('e9ca23d68d884d4ebb19d07889727dae', 'admin', '管理员', 'cb362cfeefbf3d8d', 'RCGTeGiH', 'http://minio.jeecg.com/otatest/temp/lgo33_1583397323099.png', '2018-12-05 00:00:00', 1, 'jeecg@163.com', '18611111111', 'A01', 1, 0, NULL, NULL, 1, '00001', '总经理', NULL, NULL, '2038-06-21 17:54:10', 'admin', '2020-11-06 14:13:22', 2, 'c6d7cb4deeac411cb3384b1b31278596');
INSERT INTO `sys_user` VALUES ('f0019fdebedb443c98dcb17d88222c38', 'zhagnxiao', '张小红', 'f898134e5e52ae11a2ffb2c3b57a4e90', 'go3jJ4zX', '', '2019-04-01 00:00:00', NULL, NULL, NULL, '研发部,财务部', 1, 0, NULL, NULL, 1, '00003', '', NULL, 'admin', '2023-10-01 19:34:10', 'admin', '2020-11-06 14:12:45', 1, '');

-- ----------------------------
-- Table structure for sys_user_agent
-- ----------------------------
DROP TABLE IF EXISTS `sys_user_agent`;
CREATE TABLE `sys_user_agent`  (
  `id` varchar(32) CHARACTER SET utf8 COLLATE utf8_general_ci NOT NULL COMMENT '序号',
  `user_name` varchar(100) CHARACTER SET utf8 COLLATE utf8_general_ci NULL DEFAULT NULL COMMENT '用户名',
  `agent_user_name` varchar(100) CHARACTER SET utf8 COLLATE utf8_general_ci NULL DEFAULT NULL COMMENT '代理人用户名',
  `start_time` datetime(0) NULL DEFAULT NULL COMMENT '代理开始时间',
  `end_time` datetime(0) NULL DEFAULT NULL COMMENT '代理结束时间',
  `status` varchar(2) CHARACTER SET utf8 COLLATE utf8_general_ci NULL DEFAULT NULL COMMENT '状态0无效1有效',
  `create_name` varchar(50) CHARACTER SET utf8 COLLATE utf8_general_ci NULL DEFAULT NULL COMMENT '创建人名称',
  `create_by` varchar(50) CHARACTER SET utf8 COLLATE utf8_general_ci NULL DEFAULT NULL COMMENT '创建人登录名称',
  `create_time` datetime(0) NULL DEFAULT NULL COMMENT '创建日期',
  `update_name` varchar(50) CHARACTER SET utf8 COLLATE utf8_general_ci NULL DEFAULT NULL COMMENT '更新人名称',
  `update_by` varchar(50) CHARACTER SET utf8 COLLATE utf8_general_ci NULL DEFAULT NULL COMMENT '更新人登录名称',
  `update_time` datetime(0) NULL DEFAULT NULL COMMENT '更新日期',
  `sys_org_code` varchar(50) CHARACTER SET utf8 COLLATE utf8_general_ci NULL DEFAULT NULL COMMENT '所属部门',
  `sys_company_code` varchar(50) CHARACTER SET utf8 COLLATE utf8_general_ci NULL DEFAULT NULL COMMENT '所属公司',
  PRIMARY KEY (`id`) USING BTREE,
  UNIQUE INDEX `uniq_username`(`user_name`) USING BTREE,
  INDEX `statux_index`(`status`) USING BTREE,
  INDEX `begintime_index`(`start_time`) USING BTREE,
  INDEX `endtime_index`(`end_time`) USING BTREE
) ENGINE = InnoDB CHARACTER SET = utf8 COLLATE = utf8_general_ci COMMENT = '用户代理人设置' ROW_FORMAT = Dynamic;

-- ----------------------------
-- Table structure for sys_user_depart
-- ----------------------------
DROP TABLE IF EXISTS `sys_user_depart`;
CREATE TABLE `sys_user_depart`  (
  `id` varchar(32) CHARACTER SET utf8 COLLATE utf8_general_ci NOT NULL COMMENT 'id',
  `user_id` varchar(32) CHARACTER SET utf8 COLLATE utf8_general_ci NULL DEFAULT NULL COMMENT '用户id',
  `dep_id` varchar(32) CHARACTER SET utf8 COLLATE utf8_general_ci NULL DEFAULT NULL COMMENT '部门id',
  PRIMARY KEY (`id`) USING BTREE,
  INDEX `index_depart_groupk_userid`(`user_id`) USING BTREE,
  INDEX `index_depart_groupkorgid`(`dep_id`) USING BTREE,
  INDEX `index_depart_groupk_uidanddid`(`user_id`, `dep_id`) USING BTREE
) ENGINE = InnoDB CHARACTER SET = utf8 COLLATE = utf8_general_ci ROW_FORMAT = Dynamic;

-- ----------------------------
-- Records of sys_user_depart
-- ----------------------------
INSERT INTO `sys_user_depart` VALUES ('0c42ba309c2c4cad35836ec2336676fa', '42d153bffeea74f72a9c1697874fa4a7', '6d35e179cd814e3299bd588ea7daed3f');
INSERT INTO `sys_user_depart` VALUES ('1256487210695356418', 'a75d45a015c44384a04449ee80dc3503', 'a7d7e77e06c84325a40932163adcdaa6');
INSERT INTO `sys_user_depart` VALUES ('1f3a0267811327b9eca86b0cc2b956f3', 'bcbe1290783a469a83ae3bd8effe15d4', '5159cde220114246b045e574adceafe9');
INSERT INTO `sys_user_depart` VALUES ('1256528778500354050', 'e9ca23d68d884d4ebb19d07889727dae', 'c6d7cb4deeac411cb3384b1b31278596');
INSERT INTO `sys_user_depart` VALUES ('1256487300096946177', 'f0019fdebedb443c98dcb17d88222c38', '57197590443c44f083d42ae24ef26a2c');
INSERT INTO `sys_user_depart` VALUES ('1256487300122112001', 'f0019fdebedb443c98dcb17d88222c38', '67fc001af12a4f9b8458005d3f19934a');

-- ----------------------------
-- Table structure for sys_user_role
-- ----------------------------
DROP TABLE IF EXISTS `sys_user_role`;
CREATE TABLE `sys_user_role`  (
  `id` varchar(32) CHARACTER SET utf8 COLLATE utf8_general_ci NOT NULL COMMENT '主键id',
  `user_id` varchar(32) CHARACTER SET utf8 COLLATE utf8_general_ci NULL DEFAULT NULL COMMENT '用户id',
  `role_id` varchar(32) CHARACTER SET utf8 COLLATE utf8_general_ci NULL DEFAULT NULL COMMENT '角色id',
  PRIMARY KEY (`id`) USING BTREE,
  INDEX `index2_groupuu_user_id`(`user_id`) USING BTREE,
  INDEX `index2_groupuu_ole_id`(`role_id`) USING BTREE,
  INDEX `index2_groupuu_useridandroleid`(`user_id`, `role_id`) USING BTREE
) ENGINE = InnoDB CHARACTER SET = utf8 COLLATE = utf8_general_ci COMMENT = '用户角色表' ROW_FORMAT = Dynamic;

-- ----------------------------
-- Records of sys_user_role
-- ----------------------------
INSERT INTO `sys_user_role` VALUES ('b3ffd9311a1ca296c44e2409b547384f', '01b802058ea94b978a2c96f4807f6b48', '1');
INSERT INTO `sys_user_role` VALUES ('1324593062357155842', '1322365018909540353', '1169504891467464705');
INSERT INTO `sys_user_role` VALUES ('1324593062361350145', '1322365018909540353', 'ee8626f80f7c2619917b6236f3a7f02b');
INSERT INTO `sys_user_role` VALUES ('0ede6d23d53bc7dc990346ff14faabee', '3db4cf42353f4e868b7ccfeef90505d2', 'ee8626f80f7c2619917b6236f3a7f02b');
INSERT INTO `sys_user_role` VALUES ('e78d210d24aaff48e0a736e2ddff4cdc', '3e177fede453430387a8279ced685679', 'ee8626f80f7c2619917b6236f3a7f02b');
INSERT INTO `sys_user_role` VALUES ('f2de3ae7b5efd8345581aa802a6675d6', '41b1be8d4c52023b0798f51164ca682d', 'e51758fa916c881624b046d26bd09230');
INSERT INTO `sys_user_role` VALUES ('6f9da7310489bac1e5f95e0efe92b4ce', '42d153bffeea74f72a9c1697874fa4a7', 'e51758fa916c881624b046d26bd09230');
INSERT INTO `sys_user_role` VALUES ('f2922a38ba24fb53749e45a0c459adb3', '439ae3e9bcf7418583fcd429cadb1d72', '1');
INSERT INTO `sys_user_role` VALUES ('f72c6190b0722e798147e73c776c6ac9', '439ae3e9bcf7418583fcd429cadb1d72', 'ee8626f80f7c2619917b6236f3a7f02b');
INSERT INTO `sys_user_role` VALUES ('ee45d0343ecec894b6886effc92cb0b7', '4d8fef4667574b24a9ccfedaf257810c', 'f6817f48af4fb3af11b9e8bf182f618b');
INSERT INTO `sys_user_role` VALUES ('be2639167ede09379937daca7fc3bb73', '526f300ab35e44faaed54a9fb0742845', 'ee8626f80f7c2619917b6236f3a7f02b');
INSERT INTO `sys_user_role` VALUES ('31af310584bd5795f76b1fe8c38294a0', '70f5dcf03f36471dabba81381919291f', 'e51758fa916c881624b046d26bd09230');
INSERT INTO `sys_user_role` VALUES ('8d7846ec783e157174e4ce2949231a65', '7ee6630e89d17afbf6d12150197b578d', 'e51758fa916c881624b046d26bd09230');
INSERT INTO `sys_user_role` VALUES ('79d66ef7aa137cfa9957081a1483009d', '9a668858c4c74cf5a2b25ad9608ba095', 'ee8626f80f7c2619917b6236f3a7f02b');
INSERT INTO `sys_user_role` VALUES ('1324595686582173697', 'a75d45a015c44384a04449ee80dc3503', 'e51758fa916c881624b046d26bd09230');
INSERT INTO `sys_user_role` VALUES ('1324595686611533825', 'a75d45a015c44384a04449ee80dc3503', 'ee8626f80f7c2619917b6236f3a7f02b');
INSERT INTO `sys_user_role` VALUES ('1324595686603145217', 'a75d45a015c44384a04449ee80dc3503', 'f6817f48af4fb3af11b9e8bf182f618b');
INSERT INTO `sys_user_role` VALUES ('1324595713140506626', 'e9ca23d68d884d4ebb19d07889727dae', '1169504891467464705');
INSERT INTO `sys_user_role` VALUES ('1324595713161478146', 'e9ca23d68d884d4ebb19d07889727dae', 'f6817f48af4fb3af11b9e8bf182f618b');
INSERT INTO `sys_user_role` VALUES ('1324595555887661058', 'f0019fdebedb443c98dcb17d88222c38', '1169504891467464705');
INSERT INTO `sys_user_role` VALUES ('1324595555879272449', 'f0019fdebedb443c98dcb17d88222c38', 'e51758fa916c881624b046d26bd09230');
INSERT INTO `sys_user_role` VALUES ('1324595555887661057', 'f0019fdebedb443c98dcb17d88222c38', 'ee8626f80f7c2619917b6236f3a7f02b');


-- ----------------------------
-- Table structure for mnt_app
-- ----------------------------
DROP TABLE IF EXISTS `mnt_app`;
CREATE TABLE `mnt_app`  (
  `id` varchar(50) CHARACTER SET utf8 COLLATE utf8_general_ci NOT NULL COMMENT '编号',
  `name` varchar(255) CHARACTER SET utf8 COLLATE utf8_general_ci NULL DEFAULT NULL COMMENT '应用名称',
  `upload_path` varchar(255) CHARACTER SET utf8 COLLATE utf8_general_ci NULL DEFAULT NULL COMMENT '上传目录',
  `deploy_path` varchar(255) CHARACTER SET utf8 COLLATE utf8_general_ci NULL DEFAULT NULL COMMENT '部署路径',
  `backup_path` varchar(255) CHARACTER SET utf8 COLLATE utf8_general_ci NULL DEFAULT NULL COMMENT '备份路径',
  `port` int(255) NULL DEFAULT NULL COMMENT '应用端口',
  `start_script` varchar(4000) CHARACTER SET utf8 COLLATE utf8_general_ci NULL DEFAULT NULL COMMENT '启动脚本',
  `deploy_script` varchar(4000) CHARACTER SET utf8 COLLATE utf8_general_ci NULL DEFAULT NULL COMMENT '部署脚本',
  `catalog_id` varchar(50) CHARACTER SET utf8 COLLATE utf8_general_ci NULL DEFAULT NULL COMMENT '分类目录',
  `create_by` varchar(255) CHARACTER SET utf8 COLLATE utf8_general_ci NULL DEFAULT NULL COMMENT '创建者',
  `update_by` varchar(255) CHARACTER SET utf8 COLLATE utf8_general_ci NULL DEFAULT NULL COMMENT '更新者',
  `create_time` datetime(0) NULL DEFAULT NULL COMMENT '创建日期',
  `update_time` datetime(0) NULL DEFAULT NULL COMMENT '更新时间',
  PRIMARY KEY (`id`) USING BTREE
) ENGINE = InnoDB CHARACTER SET = utf8 COLLATE = utf8_general_ci COMMENT = '应用管理' ROW_FORMAT = Compact;

-- ----------------------------
-- Table structure for mnt_database
-- ----------------------------
DROP TABLE IF EXISTS `mnt_database`;
CREATE TABLE `mnt_database`  (
  `id` varchar(50) CHARACTER SET utf8 COLLATE utf8_general_ci NOT NULL COMMENT '编号',
  `name` varchar(255) CHARACTER SET utf8 COLLATE utf8_general_ci NOT NULL COMMENT '名称',
  `jdbc_url` varchar(255) CHARACTER SET utf8 COLLATE utf8_general_ci NOT NULL COMMENT 'jdbc连接',
  `user_name` varchar(255) CHARACTER SET utf8 COLLATE utf8_general_ci NOT NULL COMMENT '账号',
  `password` varchar(255) CHARACTER SET utf8 COLLATE utf8_general_ci NOT NULL COMMENT '密码',
  `catalog_id` varchar(50) CHARACTER SET utf8 COLLATE utf8_general_ci NULL DEFAULT NULL COMMENT '分类目录',
  `create_by` varchar(255) CHARACTER SET utf8 COLLATE utf8_general_ci NULL DEFAULT NULL COMMENT '创建者',
  `update_by` varchar(255) CHARACTER SET utf8 COLLATE utf8_general_ci NULL DEFAULT NULL COMMENT '更新者',
  `create_time` datetime(0) NULL DEFAULT NULL COMMENT '创建时间',
  `update_time` datetime(0) NULL DEFAULT NULL COMMENT '更新时间',
  PRIMARY KEY (`id`) USING BTREE
) ENGINE = InnoDB CHARACTER SET = utf8 COLLATE = utf8_general_ci COMMENT = '数据库管理' ROW_FORMAT = Compact;

-- ----------------------------
-- Table structure for mnt_deploy
-- ----------------------------
DROP TABLE IF EXISTS `mnt_deploy`;
CREATE TABLE `mnt_deploy`  (
  `id` varchar(50) CHARACTER SET utf8 COLLATE utf8_general_ci NOT NULL COMMENT '编号',
  `name` varchar(255) CHARACTER SET utf8 COLLATE utf8_general_ci NULL DEFAULT NULL COMMENT '名称',
  `app_id` varchar(50) CHARACTER SET utf8 COLLATE utf8_general_ci NULL DEFAULT NULL COMMENT '应用编号',
  `server_id` varchar(50) CHARACTER SET utf8 COLLATE utf8_general_ci NULL DEFAULT NULL COMMENT '服务器编号',
  `catalog_id` varchar(50) CHARACTER SET utf8 COLLATE utf8_general_ci NULL DEFAULT NULL COMMENT '分类目录',
  `create_by` varchar(255) CHARACTER SET utf8 COLLATE utf8_general_ci NULL DEFAULT NULL COMMENT '创建者',
  `update_by` varchar(255) CHARACTER SET utf8 COLLATE utf8_general_ci NULL DEFAULT NULL COMMENT '更新者',
  `create_time` datetime(0) NULL DEFAULT NULL COMMENT '创建时间',
  `update_time` datetime(0) NULL DEFAULT NULL COMMENT '更新时间',
  PRIMARY KEY (`id`) USING BTREE,
  INDEX `FK6sy157pseoxx4fmcqr1vnvvhy`(`app_id`) USING BTREE
) ENGINE = InnoDB CHARACTER SET = utf8 COLLATE = utf8_general_ci COMMENT = '部署管理' ROW_FORMAT = Compact;

-- ----------------------------
-- Table structure for mnt_deploy_history
-- ----------------------------
DROP TABLE IF EXISTS `mnt_deploy_history`;
CREATE TABLE `mnt_deploy_history`  (
  `id` varchar(50) CHARACTER SET utf8 COLLATE utf8_general_ci NOT NULL COMMENT '编号',
  `name` varchar(255) CHARACTER SET utf8 COLLATE utf8_general_ci NOT NULL COMMENT '应用名称',
  `deploy_date` datetime(0) NOT NULL COMMENT '部署日期',
  `deploy_user` varchar(50) CHARACTER SET utf8 COLLATE utf8_general_ci NOT NULL COMMENT '部署用户',
  `ip` varchar(20) CHARACTER SET utf8 COLLATE utf8_general_ci NOT NULL COMMENT '服务器IP',
  `deploy_id` varchar(50) CHARACTER SET utf8 COLLATE utf8_general_ci NULL DEFAULT NULL COMMENT '部署编号',
  PRIMARY KEY (`id`) USING BTREE
) ENGINE = InnoDB CHARACTER SET = utf8 COLLATE = utf8_general_ci COMMENT = '部署历史管理' ROW_FORMAT = Compact;

-- ----------------------------
-- Table structure for mnt_server
-- ----------------------------
DROP TABLE IF EXISTS `mnt_server`;
CREATE TABLE `mnt_server`  (
  `id` varchar(50) CHARACTER SET utf8 COLLATE utf8_general_ci NOT NULL COMMENT '编号',
  `name` varchar(100) CHARACTER SET utf8 COLLATE utf8_general_ci NULL DEFAULT NULL COMMENT '名称',
  `user_name` varchar(50) CHARACTER SET utf8 COLLATE utf8_general_ci NULL DEFAULT NULL COMMENT '账号',
  `ip` varchar(20) CHARACTER SET utf8 COLLATE utf8_general_ci NULL DEFAULT NULL COMMENT 'IP地址',
  `password` varchar(100) CHARACTER SET utf8 COLLATE utf8_general_ci NULL DEFAULT NULL COMMENT '密码',
  `port` int(11) NULL DEFAULT NULL COMMENT '端口',
  `login_type` varchar(10) CHARACTER SET utf8 COLLATE utf8_general_ci NULL DEFAULT NULL COMMENT '登录方式',
  `key_file` varchar(255) CHARACTER SET utf8 COLLATE utf8_general_ci NULL DEFAULT NULL COMMENT '证书文件',
  `catalog_id` varchar(50) CHARACTER SET utf8 COLLATE utf8_general_ci NULL DEFAULT NULL COMMENT '分类目录',
  `create_by` varchar(255) CHARACTER SET utf8 COLLATE utf8_general_ci NULL DEFAULT NULL COMMENT '创建者',
  `update_by` varchar(255) CHARACTER SET utf8 COLLATE utf8_general_ci NULL DEFAULT NULL COMMENT '更新者',
  `create_time` datetime(0) NULL DEFAULT NULL COMMENT '创建时间',
  `update_time` datetime(0) NULL DEFAULT NULL COMMENT '更新时间',
  PRIMARY KEY (`id`) USING BTREE,
  INDEX `idx_ip`(`ip`) USING BTREE
) ENGINE = InnoDB CHARACTER SET = utf8 COLLATE = utf8_general_ci COMMENT = '服务器管理' ROW_FORMAT = Compact;

CREATE TABLE `bi_favorites`  (
  `id` varchar(36) CHARACTER SET utf8mb4 COLLATE utf8mb4_general_ci NOT NULL COMMENT '编号',
  `name` varchar(200) CHARACTER SET utf8mb4 COLLATE utf8mb4_general_ci NOT NULL COMMENT '名称',
  `type` varchar(50) CHARACTER SET utf8mb4 COLLATE utf8mb4_general_ci NULL DEFAULT NULL COMMENT '类型',
  `config` longtext CHARACTER SET utf8mb4 COLLATE utf8mb4_general_ci NULL COMMENT '配置信息',
  `create_by` varchar(50) CHARACTER SET utf8mb4 COLLATE utf8mb4_general_ci NULL DEFAULT NULL COMMENT '创建人',
  `create_time` datetime(0) NULL DEFAULT NULL COMMENT '创建日期',
  `update_by` varchar(50) CHARACTER SET utf8mb4 COLLATE utf8mb4_general_ci NULL DEFAULT NULL COMMENT '更新人',
  `update_time` datetime(0) NULL DEFAULT NULL COMMENT '更新日期',
  `sys_org_code` varchar(64) CHARACTER SET utf8mb4 COLLATE utf8mb4_general_ci NULL DEFAULT NULL COMMENT '所属部门',
  `catalog_id` varchar(50) CHARACTER SET utf8mb4 COLLATE utf8mb4_general_ci NULL DEFAULT NULL COMMENT '分类目录',
  PRIMARY KEY (`id`) USING BTREE
) ENGINE = InnoDB CHARACTER SET = utf8mb4 COLLATE = utf8mb4_general_ci COMMENT = '收藏夹' ROW_FORMAT = Dynamic;

-- ----------------------------
-- View structure for v_column_schema
-- ----------------------------
DROP VIEW IF EXISTS `v_column_schema`;
CREATE ALGORITHM = UNDEFINED SQL SECURITY DEFINER VIEW `v_column_schema` AS select `col`.`id` AS `id`,`col`.`NAME` AS `NAME`,`col`.`table_name` AS `table_name`,`col`.`data_type` AS `data_type`,`col`.`length` AS `length`,`col`.`scale` AS `scale`,`col`.`position` AS `position`,`pk`.`is_pk` AS `is_pk` from (((select `information_schema`.`columns`.`COLUMN_NAME` AS `id`,`information_schema`.`columns`.`COLUMN_COMMENT` AS `NAME`,`information_schema`.`columns`.`TABLE_NAME` AS `table_name`,lower(`information_schema`.`columns`.`DATA_TYPE`) AS `data_type`,ifnull(`information_schema`.`columns`.`NUMERIC_PRECISION`,`information_schema`.`columns`.`CHARACTER_MAXIMUM_LENGTH`) AS `length`,`information_schema`.`columns`.`NUMERIC_SCALE` AS `scale`,`information_schema`.`columns`.`ORDINAL_POSITION` AS `position` from `information_schema`.`columns` where (`information_schema`.`columns`.`TABLE_SCHEMA` = 'cc-admin'))) `col` left join (select `information_schema`.`key_column_usage`.`TABLE_NAME` AS `table_name`,`information_schema`.`key_column_usage`.`COLUMN_NAME` AS `column_name`,'1' AS `is_pk` from `information_schema`.`key_column_usage` where ((`information_schema`.`key_column_usage`.`TABLE_SCHEMA` = 'cc-admin') and (`information_schema`.`key_column_usage`.`CONSTRAINT_NAME` = 'PRIMARY'))) `pk` on(((`col`.`table_name` = `pk`.`table_name`) and (`col`.`id` = `pk`.`column_name`))));

-- ----------------------------
-- View structure for v_table_schema
-- ----------------------------
DROP VIEW IF EXISTS `v_table_schema`;
CREATE ALGORITHM = UNDEFINED SQL SECURITY DEFINER VIEW `v_table_schema` AS select `information_schema`.`tables`.`TABLE_NAME` AS `id`,`information_schema`.`tables`.`TABLE_COMMENT` AS `name` from `information_schema`.`tables` where ((`information_schema`.`tables`.`TABLE_SCHEMA` = 'cc-admin') and (`information_schema`.`tables`.`TABLE_TYPE` = 'BASE TABLE'));

SET FOREIGN_KEY_CHECKS = 1;
